"site_id","lat","time_start","time_finish","date_obs","time_obs","variable","valid_scientific_name","rank","vernacular_en","vernacular_fr","kingdom","phylum","class","order","family","genus","species"
151,45.0293,"06:00:00","06:03:00","2019-05-24","06:00:00","présence","Corvus brachyrhynchos","species","American crow","Corneille d'amérique","Animalia","Chordata","Aves","Passeriformes","Corvidae","Corvus","Corvus brachyrhynchos"
151,45.0293,"06:00:00","06:03:00","2019-05-24","06:01:17","présence","Turdus migratorius","species","American robin","Merle d'amérique","Animalia","Chordata","Aves","Passeriformes","Turdidae","Turdus","Turdus migratorius"
151,45.0293,"06:00:00","06:03:00","2019-05-24","06:00:08","présence","Icterus galbula","species","Baltimore oriole","Oriole de baltimore","Animalia","Chordata","Aves","Passeriformes","Icteridae","Icterus","Icterus galbula"
151,45.0293,"06:00:00","06:03:00","2019-05-24","06:02:34","présence","Mniotilta varia","species","Black-and-white warbler","Paruline noir et blanc","Animalia","Chordata","Aves","Passeriformes","Parulidae","Mniotilta","Mniotilta varia"
151,45.0293,"06:00:00","06:03:00","2019-05-24","06:00:23","présence","Bombycilla cedrorum","species","Cedar waxwing","Jaseur d'amérique","Animalia","Chordata","Aves","Passeriformes","Bombycillidae","Bombycilla","Bombycilla cedrorum"
151,45.0293,"06:00:00","06:03:00","2019-05-24","06:01:23","présence","Corvus corax","species","Common raven","Grand corbeau","Animalia","Chordata","Aves","Passeriformes","Corvidae","Corvus","Corvus corax"
151,45.0293,"06:00:00","06:03:00","2019-05-24","06:00:23","présence","Geothlypis trichas","species","Common yellowthroat","Paruline masquée","Animalia","Chordata","Aves","Passeriformes","Parulidae","Geothlypis","Geothlypis trichas"
151,45.0293,"06:00:00","06:03:00","2019-05-24","06:00:21","présence","Tyrannus tyrannus","species","Eastern kingbird","Tyran tritri","Animalia","Chordata","Aves","Passeriformes","Tyrannidae","Tyrannus","Tyrannus tyrannus"
151,45.0293,"06:00:00","06:03:00","2019-05-24","06:00:02","présence","Cistothorus palustris","species","Marsh wren","Troglodyte des marais","Animalia","Chordata","Aves","Passeriformes","Troglodytidae","Cistothorus","Cistothorus palustris"
151,45.0293,"06:00:00","06:03:00","2019-05-24","06:00:10","présence","Cistothorus palustris","species","Marsh wren","Troglodyte des marais","Animalia","Chordata","Aves","Passeriformes","Troglodytidae","Cistothorus","Cistothorus palustris"
151,45.0293,"06:00:00","06:03:00","2019-05-24","06:00:12","présence","Cistothorus palustris","species","Marsh wren","Troglodyte des marais","Animalia","Chordata","Aves","Passeriformes","Troglodytidae","Cistothorus","Cistothorus palustris"
151,45.0293,"06:00:00","06:03:00","2019-05-24","06:01:46","présence","Zenaida macroura","species","Mourning dove","Tourterelle triste","Animalia","Chordata","Aves","Columbiformes","Columbidae","Zenaida","Zenaida macroura"
151,45.0293,"06:00:00","06:03:00","2019-05-24","06:00:00","présence","Agelaius phoeniceus","species","Red-winged blackbird","Carouge à épaulettes","Animalia","Chordata","Aves","Passeriformes","Icteridae","Agelaius","Agelaius phoeniceus"
151,45.0293,"06:00:00","06:03:00","2019-05-24","06:00:00","présence","Agelaius phoeniceus","species","Red-winged blackbird","Carouge à épaulettes","Animalia","Chordata","Aves","Passeriformes","Icteridae","Agelaius","Agelaius phoeniceus"
151,45.0293,"06:00:00","06:03:00","2019-05-24","06:00:01","présence","Agelaius phoeniceus","species","Red-winged blackbird","Carouge à épaulettes","Animalia","Chordata","Aves","Passeriformes","Icteridae","Agelaius","Agelaius phoeniceus"
151,45.0293,"06:00:00","06:03:00","2019-05-24","06:00:03","présence","Agelaius phoeniceus","species","Red-winged blackbird","Carouge à épaulettes","Animalia","Chordata","Aves","Passeriformes","Icteridae","Agelaius","Agelaius phoeniceus"
151,45.0293,"06:00:00","06:03:00","2019-05-24","06:00:04","présence","Agelaius phoeniceus","species","Red-winged blackbird","Carouge à épaulettes","Animalia","Chordata","Aves","Passeriformes","Icteridae","Agelaius","Agelaius phoeniceus"
151,45.0293,"06:00:00","06:03:00","2019-05-24","06:00:02","présence","Agelaius phoeniceus","species","Red-winged blackbird","Carouge à épaulettes","Animalia","Chordata","Aves","Passeriformes","Icteridae","Agelaius","Agelaius phoeniceus"
151,45.0293,"06:00:00","06:03:00","2019-05-24","06:00:09","présence","Agelaius phoeniceus","species","Red-winged blackbird","Carouge à épaulettes","Animalia","Chordata","Aves","Passeriformes","Icteridae","Agelaius","Agelaius phoeniceus"
151,45.0293,"06:00:00","06:03:00","2019-05-24","06:00:03","présence","Melospiza melodia","species","Song sparrow","Bruant chanteur","Animalia","Chordata","Aves","Passeriformes","Passerellidae","Melospiza","Melospiza melodia"
151,45.0293,"06:00:00","06:03:00","2019-05-24","06:00:00","présence","Melospiza georgiana","species","Swamp sparrow","Bruant des marais","Animalia","Chordata","Aves","Passeriformes","Passerellidae","Melospiza","Melospiza georgiana"
151,45.0293,"06:00:00","06:03:00","2019-05-24","06:00:02","présence","Melospiza georgiana","species","Swamp sparrow","Bruant des marais","Animalia","Chordata","Aves","Passeriformes","Passerellidae","Melospiza","Melospiza georgiana"
151,45.0293,"06:00:00","06:03:00","2019-05-24","06:00:04","présence","Melospiza georgiana","species","Swamp sparrow","Bruant des marais","Animalia","Chordata","Aves","Passeriformes","Passerellidae","Melospiza","Melospiza georgiana"
151,45.0293,"06:00:00","06:03:00","2019-05-24","06:00:05","présence","Melospiza georgiana","species","Swamp sparrow","Bruant des marais","Animalia","Chordata","Aves","Passeriformes","Passerellidae","Melospiza","Melospiza georgiana"
151,45.0293,"06:00:00","06:03:00","2019-05-24","06:00:19","présence","Vireo gilvus","species","Warbling vireo","Viréo mélodieux","Animalia","Chordata","Aves","Passeriformes","Vireonidae","Vireo","Vireo gilvus"
151,45.0293,"06:00:00","06:03:00","2019-05-24","06:02:17","présence","Dendroica petechia","species","American yellow warbler","Paruline jaune","Animalia","Chordata","Aves","Passeriformes","Parulidae","Dendroica","Dendroica petechia"
