"site_id","lat","time_start","time_finish","date_obs","time_obs","variable","valid_scientific_name","rank","vernacular_en","vernacular_fr","kingdom","phylum","class","order","family","genus","species"
154,50.1999,"05:00:00","05:15:00","2019-06-17","05:00:12","présence","Corvus brachyrhynchos","species","American crow","Corneille d'amérique","Animalia","Chordata","Aves","Passeriformes","Corvidae","Corvus","Corvus brachyrhynchos"
154,50.1999,"05:00:00","05:15:00","2019-06-17","05:14:05","présence","Riparia riparia","species","River scalewort","Hirondelle de rivage","Animalia","Chordata","Aves","Passeriformes","Hirundinidae","Riparia","Riparia riparia"
154,50.1999,"05:00:00","05:15:00","2019-06-17","05:12:16","présence","Perisoreus canadensis","species","Gray jay","Mésangeai du Canada","Animalia","Chordata","Aves","Passeriformes","Corvidae","Perisoreus","Perisoreus canadensis"
154,50.1999,"05:00:00","05:15:00","2019-06-17","05:11:28","présence","Perisoreus canadensis","species","Gray jay","Mésangeai du Canada","Animalia","Chordata","Aves","Passeriformes","Corvidae","Perisoreus","Perisoreus canadensis"
154,50.1999,"05:00:00","05:15:00","2019-06-17","05:14:46","présence","Branta canadensis","species","Canada goose","Bernache du Canada","Animalia","Chordata","Aves","Anseriformes","Anatidae","Branta","Branta canadensis"
154,50.1999,"05:00:00","05:15:00","2019-06-17","05:03:37","présence","Dendroica tigrina","species","Cape may warbler","Paruline tigrée","Animalia","Chordata","Aves","Passeriformes","Parulidae","Dendroica","Dendroica tigrina"
154,50.1999,"05:00:00","05:15:00","2019-06-17","05:00:46","présence","Dendroica tigrina","species","Cape may warbler","Paruline tigrée","Animalia","Chordata","Aves","Passeriformes","Parulidae","Dendroica","Dendroica tigrina"
154,50.1999,"05:00:00","05:15:00","2019-06-17","05:05:40","présence","Gavia immer","species","Common loon","Plongeon huard","Animalia","Chordata","Aves","Gaviiformes","Gaviidae","Gavia","Gavia immer"
154,50.1999,"05:00:00","05:15:00","2019-06-17","05:00:34","présence","Geothlypis trichas","species","Common yellowthroat","Paruline masquée","Animalia","Chordata","Aves","Passeriformes","Parulidae","Geothlypis","Geothlypis trichas"
154,50.1999,"05:00:00","05:15:00","2019-06-17","05:07:12","présence","Catharus guttatus","species","Hermit thrush","Grive solitaire","Animalia","Chordata","Aves","Passeriformes","Turdidae","Catharus","Catharus guttatus"
154,50.1999,"05:00:00","05:15:00","2019-06-17","05:05:55","présence","Catharus guttatus","species","Hermit thrush","Grive solitaire","Animalia","Chordata","Aves","Passeriformes","Turdidae","Catharus","Catharus guttatus"
154,50.1999,"05:00:00","05:15:00","2019-06-17","05:00:36","présence","Melospiza lincolnii","species","Lincoln's sparrow","Bruant de lincoln","Animalia","Chordata","Aves","Passeriformes","Passerellidae","Melospiza","Melospiza lincolnii"
154,50.1999,"05:00:00","05:15:00","2019-06-17","05:06:14","présence","Dendroica magnolia","species","Magnolia warbler","Paruline à tête cendrée","Animalia","Chordata","Aves","Passeriformes","Parulidae","Dendroica","Dendroica magnolia"
154,50.1999,"05:00:00","05:15:00","2019-06-17","05:03:01","présence","Dendroica magnolia","species","Magnolia warbler","Paruline à tête cendrée","Animalia","Chordata","Aves","Passeriformes","Parulidae","Dendroica","Dendroica magnolia"
154,50.1999,"05:00:00","05:15:00","2019-06-17","05:01:45","présence","Leiothlypis ruficapilla","species","Nashville warbler","Paruline à joues grises","Animalia","Chordata","Aves","Passeriformes","Parulidae","Leiothlypis","Leiothlypis ruficapilla"
154,50.1999,"05:00:00","05:15:00","2019-06-17","05:00:12","présence","Leiothlypis ruficapilla","species","Nashville warbler","Paruline à joues grises","Animalia","Chordata","Aves","Passeriformes","Parulidae","Leiothlypis","Leiothlypis ruficapilla"
154,50.1999,"05:00:00","05:15:00","2019-06-17","05:11:18","présence","Haemorhous purpureus","species","Purple finch","Roselin pourpré","Animalia","Chordata","Aves","Passeriformes","Fringillidae","Haemorhous","Haemorhous purpureus"
154,50.1999,"05:00:00","05:15:00","2019-06-17","05:07:28","présence","Haemorhous purpureus","species","Purple finch","Roselin pourpré","Animalia","Chordata","Aves","Passeriformes","Fringillidae","Haemorhous","Haemorhous purpureus"
154,50.1999,"05:00:00","05:15:00","2019-06-17","05:14:18","présence","Catharus ustulatus","species","Swainson's thrush","Grive à dos olive","Animalia","Chordata","Aves","Passeriformes","Turdidae","Catharus","Catharus ustulatus"
154,50.1999,"05:00:00","05:15:00","2019-06-17","05:00:20","présence","Leiothlypis peregrina","species","Tennessee warbler","Paruline obscure","Animalia","Chordata","Aves","Passeriformes","Parulidae","Leiothlypis","Leiothlypis peregrina"
154,50.1999,"05:00:00","05:15:00","2019-06-17","05:08:31","présence","Tachycineta bicolor","species","Tree swallow","Hirondelle bicolore","Animalia","Chordata","Aves","Passeriformes","Hirundinidae","Tachycineta","Tachycineta bicolor"
154,50.1999,"05:00:00","05:15:00","2019-06-17","05:08:15","présence","Tachycineta bicolor","species","Tree swallow","Hirondelle bicolore","Animalia","Chordata","Aves","Passeriformes","Hirundinidae","Tachycineta","Tachycineta bicolor"
154,50.1999,"05:00:00","05:15:00","2019-06-17","05:00:40","présence","Zonotrichia albicollis","species","White-throated sparrow","Bruant à gorge blanche","Animalia","Chordata","Aves","Passeriformes","Passerellidae","Zonotrichia","Zonotrichia albicollis"
154,50.1999,"05:00:00","05:15:00","2019-06-17","05:06:13","présence","Dendroica coronata","species","Yellow-rumped warbler","Paruline à croupion jaune","Animalia","Chordata","Aves","Passeriformes","Parulidae","Dendroica","Dendroica coronata"
154,50.1999,"20:00:00","20:03:00","2019-06-17","20:00:30","présence","Passeriformes","order","Perching birds","Passereaux","Animalia","Chordata","Aves","Passeriformes","NULL","NULL","NULL"
154,50.1999,"20:00:00","20:03:00","2019-06-17","20:01:57","présence","Parulidae","family","New world warblers","Passereaux","Animalia","Chordata","Aves","Passeriformes","Parulidae","NULL","NULL"
154,50.1999,"20:00:00","20:03:00","2019-06-17","20:01:28","présence","Regulus satrapa","species","Golden-crowned kinglet","Roitelet à couronne dorée","Animalia","Chordata","Aves","Passeriformes","Regulidae","Regulus","Regulus satrapa"
154,50.1999,"20:00:00","20:03:00","2019-06-17","20:00:04","présence","Catharus guttatus","species","Hermit thrush","Grive solitaire","Animalia","Chordata","Aves","Passeriformes","Turdidae","Catharus","Catharus guttatus"
154,50.1999,"20:00:00","20:03:00","2019-06-17","20:00:12","présence","Dendroica magnolia","species","Magnolia warbler","Paruline à tête cendrée","Animalia","Chordata","Aves","Passeriformes","Parulidae","Dendroica","Dendroica magnolia"
154,50.1999,"20:00:00","20:03:00","2019-06-17","20:00:05","présence","Dendroica magnolia","species","Magnolia warbler","Paruline à tête cendrée","Animalia","Chordata","Aves","Passeriformes","Parulidae","Dendroica","Dendroica magnolia"
154,50.1999,"20:00:00","20:03:00","2019-06-17","20:00:01","présence","Leiothlypis peregrina","species","Tennessee warbler","Paruline obscure","Animalia","Chordata","Aves","Passeriformes","Parulidae","Leiothlypis","Leiothlypis peregrina"
154,50.1999,"20:00:00","20:03:00","2019-06-17","20:00:00","présence","Dendroica coronata","species","Yellow-rumped warbler","Paruline à croupion jaune","Animalia","Chordata","Aves","Passeriformes","Parulidae","Dendroica","Dendroica coronata"
