"site_id","lat","time_start","time_finish","date_obs","time_obs","variable","valid_scientific_name","rank","vernacular_en","vernacular_fr","kingdom","phylum","class","order","family","genus","species"
15,46.3908,"06:00:00","06:03:00","11/06/2017","06:00:00","présence","Passeriformes","order","Perching birds","Passereaux","Animalia","Chordata","Aves","Passeriformes","NULL","NULL","NULL"
15,46.3908,"06:00:00","06:03:00","11/06/2017","06:00:53","présence","Icteridae","family","American blackbirds","Ictéridés","Animalia","Chordata","Aves","Passeriformes","Icteridae","NULL","NULL"
15,46.3908,"06:00:00","06:03:00","11/06/2017","06:00:05","présence","Leiothlypis ruficapilla","species","Nashville warbler","Paruline à joues grises","Animalia","Chordata","Aves","Passeriformes","Parulidae","Leiothlypis","Leiothlypis ruficapilla"
15,46.3908,"06:00:00","06:03:00","11/06/2017","06:01:09","présence","Dendroica palmarum","species","Palm warbler","Paruline à couronne rousse","Animalia","Chordata","Aves","Passeriformes","Parulidae","Dendroica","Dendroica palmarum"
15,46.3908,"06:00:00","06:03:00","11/06/2017","06:00:00","présence","Vireo olivaceus","species","Red-eyed vireo","Viréo aux yeux rouges","Animalia","Chordata","Aves","Passeriformes","Vireonidae","Vireo","Vireo olivaceus"
15,46.3908,"06:00:00","06:03:00","11/06/2017","06:01:33","présence","Melospiza georgiana","species","Swamp sparrow","Bruant des marais","Animalia","Chordata","Aves","Passeriformes","Passerellidae","Melospiza","Melospiza georgiana"
15,46.3908,"06:00:00","06:03:00","11/06/2017","06:00:35","présence","Catharus fuscescens","species","Veery","Grive fauve","Animalia","Chordata","Aves","Passeriformes","Turdidae","Catharus","Catharus fuscescens"
15,46.3908,"06:00:00","06:03:00","11/06/2017","06:00:30","présence","Cardellina pusilla","species","Wilson's warbler","Paruline à calotte noire","Animalia","Chordata","Aves","Passeriformes","Parulidae","Cardellina","Cardellina pusilla"
