"site_id","lat","time_start","time_finish","date_obs","time_obs","variable","valid_scientific_name","rank","vernacular_en","vernacular_fr","kingdom","phylum","class","order","family","genus","species"
16,46.8707,"19:00:00","19:15:00","05/07/2017","19:14:26","présence","Vireo solitarius","species","Blue-headed vireo","Viréo à tête bleue","Animalia","Chordata","Aves","Passeriformes","Vireonidae","Vireo","Vireo solitarius"
16,46.8707,"19:00:00","19:15:00","05/07/2017","19:14:11","présence","Vireo solitarius","species","Blue-headed vireo","Viréo à tête bleue","Animalia","Chordata","Aves","Passeriformes","Vireonidae","Vireo","Vireo solitarius"
16,46.8707,"19:00:00","19:15:00","05/07/2017","19:13:34","présence","Vireo solitarius","species","Blue-headed vireo","Viréo à tête bleue","Animalia","Chordata","Aves","Passeriformes","Vireonidae","Vireo","Vireo solitarius"
16,46.8707,"19:00:00","19:15:00","05/07/2017","19:03:48","présence","Vireo solitarius","species","Blue-headed vireo","Viréo à tête bleue","Animalia","Chordata","Aves","Passeriformes","Vireonidae","Vireo","Vireo solitarius"
16,46.8707,"19:00:00","19:15:00","05/07/2017","19:00:34","présence","Sitta canadensis","species","Red-breasted nuthatch","Sittelle à poitrine rousse","Animalia","Chordata","Aves","Passeriformes","Sittidae","Sitta","Sitta canadensis"
