"site_id","lat","time_start","time_finish","date_obs","time_obs","variable","valid_scientific_name","rank","vernacular_en","vernacular_fr","kingdom","phylum","class","order","family","genus","species"
161,48.8312,"22:00:00","22:15:00","2019-07-01","22:05:47","présence","Tringa melanoleuca","species","Greater yellowlegs","Grand chevalier","Animalia","Chordata","Aves","Charadriiformes","Scolopacidae","Tringa","Tringa melanoleuca"
161,48.8312,"22:00:00","22:15:00","2019-07-01","22:03:03","présence","Tringa melanoleuca","species","Greater yellowlegs","Grand chevalier","Animalia","Chordata","Aves","Charadriiformes","Scolopacidae","Tringa","Tringa melanoleuca"
161,48.8312,"22:00:00","22:15:00","2019-07-01","22:00:00","présence","Catharus guttatus","species","Hermit thrush","Grive solitaire","Animalia","Chordata","Aves","Passeriformes","Turdidae","Catharus","Catharus guttatus"
161,48.8312,"22:00:00","22:15:00","2019-07-01","22:05:38","présence","Antigone canadensis","species","Sandhill crane","Grue du Canada","Animalia","Chordata","Aves","Gruiformes","Gruidae","Antigone","Antigone canadensis"
