"site_id","lat","time_start","time_finish","date_obs","time_obs","variable","valid_scientific_name","rank","vernacular_en","vernacular_fr","kingdom","phylum","class","order","family","genus","species"
161,48.8312,"05:00:00","05:03:00","2019-06-05","05:00:26","présence","Passeriformes","order","Perching birds","Passereaux","Animalia","Chordata","Aves","Passeriformes","NULL","NULL","NULL"
161,48.8312,"05:00:00","05:03:00","2019-06-05","05:02:19","présence","Perisoreus canadensis","species","Gray jay","Mésangeai du Canada","Animalia","Chordata","Aves","Passeriformes","Corvidae","Perisoreus","Perisoreus canadensis"
161,48.8312,"05:00:00","05:03:00","2019-06-05","05:00:00","présence","Catharus guttatus","species","Hermit thrush","Grive solitaire","Animalia","Chordata","Aves","Passeriformes","Turdidae","Catharus","Catharus guttatus"
161,48.8312,"05:00:00","05:03:00","2019-06-05","05:00:17","présence","Catharus guttatus","species","Hermit thrush","Grive solitaire","Animalia","Chordata","Aves","Passeriformes","Turdidae","Catharus","Catharus guttatus"
161,48.8312,"05:00:00","05:03:00","2019-06-05","05:00:30","présence","Regulus calendula","species","Ruby-crowned kinglet","Roitelet à couronne rubis","Animalia","Chordata","Aves","Passeriformes","Regulidae","Regulus","Regulus calendula"
161,48.8312,"05:00:00","05:03:00","2019-06-05","05:00:02","présence","Zonotrichia albicollis","species","White-throated sparrow","Bruant à gorge blanche","Animalia","Chordata","Aves","Passeriformes","Passerellidae","Zonotrichia","Zonotrichia albicollis"
161,48.8312,"20:00:00","20:03:00","2019-06-05","20:00:08","présence","Catharus guttatus","species","Hermit thrush","Grive solitaire","Animalia","Chordata","Aves","Passeriformes","Turdidae","Catharus","Catharus guttatus"
161,48.8312,"20:00:00","20:03:00","2019-06-05","20:00:30","présence","Colaptes auratus","species","Northern flicker","Pic flamboyant","Animalia","Chordata","Aves","Piciformes","Picidae","Colaptes","Colaptes auratus"
161,48.8312,"20:00:00","20:03:00","2019-06-05","20:00:09","présence","Regulus calendula","species","Ruby-crowned kinglet","Roitelet à couronne rubis","Animalia","Chordata","Aves","Passeriformes","Regulidae","Regulus","Regulus calendula"
