"site_id","lat","time_start","time_finish","date_obs","time_obs","variable","valid_scientific_name","rank","vernacular_en","vernacular_fr","kingdom","phylum","class","order","family","genus","species"
163,46.4171,"06:00:00","06:15:00","2019-06-02","06:00:05","présence","Empidonax alnorum","species","Alder flycatcher","Moucherolle des aulnes","Animalia","Chordata","Aves","Passeriformes","Tyrannidae","Empidonax","Empidonax alnorum"
163,46.4171,"06:00:00","06:15:00","2019-06-02","06:08:00","présence","Setophaga ruticilla","species","American redstart","Paruline flamboyante","Animalia","Chordata","Aves","Passeriformes","Parulidae","Setophaga","Setophaga ruticilla"
163,46.4171,"06:00:00","06:15:00","2019-06-02","06:03:38","présence","Setophaga ruticilla","species","American redstart","Paruline flamboyante","Animalia","Chordata","Aves","Passeriformes","Parulidae","Setophaga","Setophaga ruticilla"
163,46.4171,"06:00:00","06:15:00","2019-06-02","06:14:56","présence","Turdus migratorius","species","American robin","Merle d'amérique","Animalia","Chordata","Aves","Passeriformes","Turdidae","Turdus","Turdus migratorius"
163,46.4171,"06:00:00","06:15:00","2019-06-02","06:00:27","présence","Mniotilta varia","species","Black-and-white warbler","Paruline noir et blanc","Animalia","Chordata","Aves","Passeriformes","Parulidae","Mniotilta","Mniotilta varia"
163,46.4171,"06:00:00","06:15:00","2019-06-02","06:00:42","présence","Parus atricapilla","species","Black-capped chickadee","Mésange à tête noire","Animalia","Chordata","Aves","Passeriformes","Paridae","Parus","Parus atricapilla"
163,46.4171,"06:00:00","06:15:00","2019-06-02","06:06:33","présence","Dendroica fusca","species","Blackburnian warbler","Paruline à gorge orangée","Animalia","Chordata","Aves","Passeriformes","Parulidae","Dendroica","Dendroica fusca"
163,46.4171,"06:00:00","06:15:00","2019-06-02","06:00:15","présence","Dendroica fusca","species","Blackburnian warbler","Paruline à gorge orangée","Animalia","Chordata","Aves","Passeriformes","Parulidae","Dendroica","Dendroica fusca"
163,46.4171,"06:00:00","06:15:00","2019-06-02","06:00:41","présence","Cyanocitta cristata","species","Blue jay","Geai bleu","Animalia","Chordata","Aves","Passeriformes","Corvidae","Cyanocitta","Cyanocitta cristata"
163,46.4171,"06:00:00","06:15:00","2019-06-02","06:12:02","présence","Dendroica virens","species","Black-throated green warbler","Paruline à gorge noire","Animalia","Chordata","Aves","Passeriformes","Parulidae","Dendroica","Dendroica virens"
163,46.4171,"06:00:00","06:15:00","2019-06-02","06:05:12","présence","Cardellina canadensis","species","Canada warbler","Paruline du Canada","Animalia","Chordata","Aves","Passeriformes","Parulidae","Cardellina","Cardellina canadensis"
163,46.4171,"06:00:00","06:15:00","2019-06-02","06:02:26","présence","Cardellina canadensis","species","Canada warbler","Paruline du Canada","Animalia","Chordata","Aves","Passeriformes","Parulidae","Cardellina","Cardellina canadensis"
163,46.4171,"06:00:00","06:15:00","2019-06-02","06:08:58","présence","Geothlypis trichas","species","Common yellowthroat","Paruline masquée","Animalia","Chordata","Aves","Passeriformes","Parulidae","Geothlypis","Geothlypis trichas"
163,46.4171,"06:00:00","06:15:00","2019-06-02","06:00:30","présence","Geothlypis trichas","species","Common yellowthroat","Paruline masquée","Animalia","Chordata","Aves","Passeriformes","Parulidae","Geothlypis","Geothlypis trichas"
163,46.4171,"06:00:00","06:15:00","2019-06-02","06:00:44","présence","Dendroica magnolia","species","Magnolia warbler","Paruline à tête cendrée","Animalia","Chordata","Aves","Passeriformes","Parulidae","Dendroica","Dendroica magnolia"
163,46.4171,"06:00:00","06:15:00","2019-06-02","06:10:38","présence","Leiothlypis ruficapilla","species","Nashville warbler","Paruline à joues grises","Animalia","Chordata","Aves","Passeriformes","Parulidae","Leiothlypis","Leiothlypis ruficapilla"
163,46.4171,"06:00:00","06:15:00","2019-06-02","06:03:06","présence","Parula americana","species","Northern parula","Paruline à collier","Animalia","Chordata","Aves","Passeriformes","Parulidae","Parula","Parula americana"
163,46.4171,"06:00:00","06:15:00","2019-06-02","06:14:04","présence","Vireo philadelphicus","species","Philadelphia vireo","Viréo de philadelphie","Animalia","Chordata","Aves","Passeriformes","Vireonidae","Vireo","Vireo philadelphicus"
163,46.4171,"06:00:00","06:15:00","2019-06-02","06:11:17","présence","Regulus calendula","species","Ruby-crowned kinglet","Roitelet à couronne rubis","Animalia","Chordata","Aves","Passeriformes","Regulidae","Regulus","Regulus calendula"
163,46.4171,"06:00:00","06:15:00","2019-06-02","06:00:49","présence","Regulus calendula","species","Ruby-crowned kinglet","Roitelet à couronne rubis","Animalia","Chordata","Aves","Passeriformes","Regulidae","Regulus","Regulus calendula"
163,46.4171,"06:00:00","06:15:00","2019-06-02","06:04:27","présence","Melospiza georgiana","species","Swamp sparrow","Bruant des marais","Animalia","Chordata","Aves","Passeriformes","Passerellidae","Melospiza","Melospiza georgiana"
163,46.4171,"06:00:00","06:15:00","2019-06-02","06:12:07","présence","Catharus ustulatus","species","Swainson's thrush","Grive à dos olive","Animalia","Chordata","Aves","Passeriformes","Turdidae","Catharus","Catharus ustulatus"
163,46.4171,"06:00:00","06:15:00","2019-06-02","06:02:06","présence","Catharus ustulatus","species","Swainson's thrush","Grive à dos olive","Animalia","Chordata","Aves","Passeriformes","Turdidae","Catharus","Catharus ustulatus"
163,46.4171,"06:00:00","06:15:00","2019-06-02","06:06:34","présence","Troglodytes hiemalis","species","Animals","Troglodyte des forêts","Animalia","Chordata","Aves","Passeriformes","Troglodytidae","Troglodytes","Troglodytes hiemalis"
163,46.4171,"06:00:00","06:15:00","2019-06-02","06:04:03","présence","Troglodytes hiemalis","species","Animals","Troglodyte des forêts","Animalia","Chordata","Aves","Passeriformes","Troglodytidae","Troglodytes","Troglodytes hiemalis"
163,46.4171,"06:00:00","06:15:00","2019-06-02","06:00:08","présence","Zonotrichia albicollis","species","White-throated sparrow","Bruant à gorge blanche","Animalia","Chordata","Aves","Passeriformes","Passerellidae","Zonotrichia","Zonotrichia albicollis"
163,46.4171,"06:00:00","06:15:00","2019-06-02","06:04:44","présence","Sphyrapicus varius","species","Yellow-bellied sapsucker","Pic maculé","Animalia","Chordata","Aves","Piciformes","Picidae","Sphyrapicus","Sphyrapicus varius"
163,46.4171,"06:00:00","06:15:00","2019-06-02","06:00:39","présence","Sphyrapicus varius","species","Yellow-bellied sapsucker","Pic maculé","Animalia","Chordata","Aves","Piciformes","Picidae","Sphyrapicus","Sphyrapicus varius"
163,46.4171,"07:00:00","07:03:00","2019-06-02","07:01:01","présence","Passerellidae","family","American sparrows","Passereaux","Animalia","Chordata","Aves","Passeriformes","Passerellidae","NULL","NULL"
163,46.4171,"07:00:00","07:03:00","2019-06-02","07:00:09","présence","Empidonax alnorum","species","Alder flycatcher","Moucherolle des aulnes","Animalia","Chordata","Aves","Passeriformes","Tyrannidae","Empidonax","Empidonax alnorum"
163,46.4171,"07:00:00","07:03:00","2019-06-02","07:02:06","présence","Branta canadensis","species","Canada goose","Bernache du Canada","Animalia","Chordata","Aves","Anseriformes","Anatidae","Branta","Branta canadensis"
163,46.4171,"07:00:00","07:03:00","2019-06-02","07:01:56","présence","Geothlypis trichas","species","Common yellowthroat","Paruline masquée","Animalia","Chordata","Aves","Passeriformes","Parulidae","Geothlypis","Geothlypis trichas"
163,46.4171,"07:00:00","07:03:00","2019-06-02","07:01:44","présence","Dendroica magnolia","species","Magnolia warbler","Paruline à tête cendrée","Animalia","Chordata","Aves","Passeriformes","Parulidae","Dendroica","Dendroica magnolia"
163,46.4171,"07:00:00","07:03:00","2019-06-02","07:01:19","présence","Melospiza georgiana","species","Swamp sparrow","Bruant des marais","Animalia","Chordata","Aves","Passeriformes","Passerellidae","Melospiza","Melospiza georgiana"
163,46.4171,"07:00:00","07:03:00","2019-06-02","07:00:59","présence","Melospiza georgiana","species","Swamp sparrow","Bruant des marais","Animalia","Chordata","Aves","Passeriformes","Passerellidae","Melospiza","Melospiza georgiana"
163,46.4171,"07:00:00","07:03:00","2019-06-02","07:00:36","présence","Melospiza georgiana","species","Swamp sparrow","Bruant des marais","Animalia","Chordata","Aves","Passeriformes","Passerellidae","Melospiza","Melospiza georgiana"
