"site_id","lat","time_start","time_finish","date_obs","time_obs","variable","valid_scientific_name","rank","vernacular_en","vernacular_fr","kingdom","phylum","class","order","family","genus","species"
162,46.0009,"06:00:00","06:03:00","2019-06-05","06:01:39","présence","Passeriformes","order","Perching birds","Passereaux","Animalia","Chordata","Aves","Passeriformes","NULL","NULL","NULL"
162,46.0009,"06:00:00","06:03:00","2019-06-05","06:01:11","présence","Parulidae","family","New world warblers","Passereaux","Animalia","Chordata","Aves","Passeriformes","Parulidae","NULL","NULL"
162,46.0009,"06:00:00","06:03:00","2019-06-05","06:00:09","présence","Picidae","family","Woodpeckers","Fourmiliers","Animalia","Chordata","Aves","Piciformes","Picidae","NULL","NULL"
162,46.0009,"06:00:00","06:03:00","2019-06-05","06:02:19","présence","Cyanocitta cristata","species","Blue jay","Geai bleu","Animalia","Chordata","Aves","Passeriformes","Corvidae","Cyanocitta","Cyanocitta cristata"
162,46.0009,"06:00:00","06:03:00","2019-06-05","06:00:00","présence","Cyanocitta cristata","species","Blue jay","Geai bleu","Animalia","Chordata","Aves","Passeriformes","Corvidae","Cyanocitta","Cyanocitta cristata"
162,46.0009,"06:00:00","06:03:00","2019-06-05","06:02:06","présence","Certhia americana","species","Brown creeper","Grimpereau brun","Animalia","Chordata","Aves","Passeriformes","Certhiidae","Certhia","Certhia americana"
162,46.0009,"06:00:00","06:03:00","2019-06-05","06:00:44","présence","Dendroica virens","species","Black-throated green warbler","Paruline à gorge noire","Animalia","Chordata","Aves","Passeriformes","Parulidae","Dendroica","Dendroica virens"
162,46.0009,"06:00:00","06:03:00","2019-06-05","06:00:06","présence","Corvus corax","species","Common raven","Grand corbeau","Animalia","Chordata","Aves","Passeriformes","Corvidae","Corvus","Corvus corax"
162,46.0009,"06:00:00","06:03:00","2019-06-05","06:00:04","présence","Geothlypis trichas","species","Common yellowthroat","Paruline masquée","Animalia","Chordata","Aves","Passeriformes","Parulidae","Geothlypis","Geothlypis trichas"
162,46.0009,"06:00:00","06:03:00","2019-06-05","06:00:02","présence","Geothlypis trichas","species","Common yellowthroat","Paruline masquée","Animalia","Chordata","Aves","Passeriformes","Parulidae","Geothlypis","Geothlypis trichas"
162,46.0009,"06:00:00","06:03:00","2019-06-05","06:00:04","présence","Geothlypis trichas","species","Common yellowthroat","Paruline masquée","Animalia","Chordata","Aves","Passeriformes","Parulidae","Geothlypis","Geothlypis trichas"
162,46.0009,"06:00:00","06:03:00","2019-06-05","06:00:03","présence","Dendroica magnolia","species","Magnolia warbler","Paruline à tête cendrée","Animalia","Chordata","Aves","Passeriformes","Parulidae","Dendroica","Dendroica magnolia"
162,46.0009,"06:00:00","06:03:00","2019-06-05","06:02:49","présence","Leiothlypis ruficapilla","species","Nashville warbler","Paruline à joues grises","Animalia","Chordata","Aves","Passeriformes","Parulidae","Leiothlypis","Leiothlypis ruficapilla"
162,46.0009,"06:00:00","06:03:00","2019-06-05","06:01:03","présence","Parkesia noveboracensis","species","Northern waterthrush","Paruline des ruisseaux","Animalia","Chordata","Aves","Passeriformes","Parulidae","Parkesia","Parkesia noveboracensis"
162,46.0009,"06:00:00","06:03:00","2019-06-05","06:00:34","présence","Seiurus aurocapilla","species","Ovenbird","Paruline couronnée","Animalia","Chordata","Aves","Passeriformes","Parulidae","Seiurus","Seiurus aurocapilla"
162,46.0009,"06:00:00","06:03:00","2019-06-05","06:02:35","présence","Regulus calendula","species","Ruby-crowned kinglet","Roitelet à couronne rubis","Animalia","Chordata","Aves","Passeriformes","Regulidae","Regulus","Regulus calendula"
162,46.0009,"06:00:00","06:03:00","2019-06-05","06:00:21","présence","Catharus ustulatus","species","Swainson's thrush","Grive à dos olive","Animalia","Chordata","Aves","Passeriformes","Turdidae","Catharus","Catharus ustulatus"
162,46.0009,"06:00:00","06:03:00","2019-06-05","06:00:22","présence","Troglodytes hiemalis","species","Animals","Troglodyte des forêts","Animalia","Chordata","Aves","Passeriformes","Troglodytidae","Troglodytes","Troglodytes hiemalis"
162,46.0009,"06:00:00","06:03:00","2019-06-05","06:02:33","présence","Zonotrichia albicollis","species","White-throated sparrow","Bruant à gorge blanche","Animalia","Chordata","Aves","Passeriformes","Passerellidae","Zonotrichia","Zonotrichia albicollis"
162,46.0009,"06:00:00","06:03:00","2019-06-05","06:01:47","présence","Zonotrichia albicollis","species","White-throated sparrow","Bruant à gorge blanche","Animalia","Chordata","Aves","Passeriformes","Passerellidae","Zonotrichia","Zonotrichia albicollis"
162,46.0009,"06:00:00","06:03:00","2019-06-05","06:01:39","présence","Sphyrapicus varius","species","Yellow-bellied sapsucker","Pic maculé","Animalia","Chordata","Aves","Piciformes","Picidae","Sphyrapicus","Sphyrapicus varius"
162,46.0009,"06:00:00","06:03:00","2019-06-05","06:00:00","présence","Dendroica coronata","species","Yellow-rumped warbler","Paruline à croupion jaune","Animalia","Chordata","Aves","Passeriformes","Parulidae","Dendroica","Dendroica coronata"
162,46.0009,"08:00:00","08:03:00","2019-06-05","08:01:03","présence","Vireo solitarius","species","Blue-headed vireo","Viréo à tête bleue","Animalia","Chordata","Aves","Passeriformes","Vireonidae","Vireo","Vireo solitarius"
162,46.0009,"08:00:00","08:03:00","2019-06-05","08:00:10","présence","Dendroica fusca","species","Blackburnian warbler","Paruline à gorge orangée","Animalia","Chordata","Aves","Passeriformes","Parulidae","Dendroica","Dendroica fusca"
162,46.0009,"08:00:00","08:03:00","2019-06-05","08:01:02","présence","Cyanocitta cristata","species","Blue jay","Geai bleu","Animalia","Chordata","Aves","Passeriformes","Corvidae","Cyanocitta","Cyanocitta cristata"
162,46.0009,"08:00:00","08:03:00","2019-06-05","08:01:22","présence","Cyanocitta cristata","species","Blue jay","Geai bleu","Animalia","Chordata","Aves","Passeriformes","Corvidae","Cyanocitta","Cyanocitta cristata"
162,46.0009,"08:00:00","08:03:00","2019-06-05","08:02:02","présence","Certhia americana","species","Brown creeper","Grimpereau brun","Animalia","Chordata","Aves","Passeriformes","Certhiidae","Certhia","Certhia americana"
162,46.0009,"08:00:00","08:03:00","2019-06-05","08:01:26","présence","Corvus corax","species","Common raven","Grand corbeau","Animalia","Chordata","Aves","Passeriformes","Corvidae","Corvus","Corvus corax"
162,46.0009,"08:00:00","08:03:00","2019-06-05","08:00:35","présence","Geothlypis trichas","species","Common yellowthroat","Paruline masquée","Animalia","Chordata","Aves","Passeriformes","Parulidae","Geothlypis","Geothlypis trichas"
162,46.0009,"08:00:00","08:03:00","2019-06-05","08:00:38","présence","Dendroica magnolia","species","Magnolia warbler","Paruline à tête cendrée","Animalia","Chordata","Aves","Passeriformes","Parulidae","Dendroica","Dendroica magnolia"
162,46.0009,"08:00:00","08:03:00","2019-06-05","08:01:30","présence","Leiothlypis ruficapilla","species","Nashville warbler","Paruline à joues grises","Animalia","Chordata","Aves","Passeriformes","Parulidae","Leiothlypis","Leiothlypis ruficapilla"
162,46.0009,"08:00:00","08:03:00","2019-06-05","08:00:00","présence","Leiothlypis ruficapilla","species","Nashville warbler","Paruline à joues grises","Animalia","Chordata","Aves","Passeriformes","Parulidae","Leiothlypis","Leiothlypis ruficapilla"
162,46.0009,"08:00:00","08:03:00","2019-06-05","08:00:03","présence","Leiothlypis ruficapilla","species","Nashville warbler","Paruline à joues grises","Animalia","Chordata","Aves","Passeriformes","Parulidae","Leiothlypis","Leiothlypis ruficapilla"
162,46.0009,"08:00:00","08:03:00","2019-06-05","08:01:32","présence","Pheucticus ludovicianus","species","Rose-breasted grosbeak","Cardinal à poitrine rose","Animalia","Chordata","Aves","Passeriformes","Cardinalidae","Pheucticus","Pheucticus ludovicianus"
162,46.0009,"08:00:00","08:03:00","2019-06-05","08:00:05","présence","Sitta canadensis","species","Red-breasted nuthatch","Sittelle à poitrine rousse","Animalia","Chordata","Aves","Passeriformes","Sittidae","Sitta","Sitta canadensis"
162,46.0009,"08:00:00","08:03:00","2019-06-05","08:02:07","présence","Melospiza georgiana","species","Swamp sparrow","Bruant des marais","Animalia","Chordata","Aves","Passeriformes","Passerellidae","Melospiza","Melospiza georgiana"
162,46.0009,"08:00:00","08:03:00","2019-06-05","08:00:31","présence","Zonotrichia albicollis","species","White-throated sparrow","Bruant à gorge blanche","Animalia","Chordata","Aves","Passeriformes","Passerellidae","Zonotrichia","Zonotrichia albicollis"
162,46.0009,"08:00:00","08:03:00","2019-06-05","08:00:23","présence","Sphyrapicus varius","species","Yellow-bellied sapsucker","Pic maculé","Animalia","Chordata","Aves","Piciformes","Picidae","Sphyrapicus","Sphyrapicus varius"
162,46.0009,"08:00:00","08:03:00","2019-06-05","08:00:02","présence","Dendroica coronata","species","Yellow-rumped warbler","Paruline à croupion jaune","Animalia","Chordata","Aves","Passeriformes","Parulidae","Dendroica","Dendroica coronata"
162,46.0009,"20:00:00","20:03:00","2019-06-05","20:00:09","présence","Mniotilta varia","species","Black-and-white warbler","Paruline noir et blanc","Animalia","Chordata","Aves","Passeriformes","Parulidae","Mniotilta","Mniotilta varia"
162,46.0009,"20:00:00","20:03:00","2019-06-05","20:00:11","présence","Mniotilta varia","species","Black-and-white warbler","Paruline noir et blanc","Animalia","Chordata","Aves","Passeriformes","Parulidae","Mniotilta","Mniotilta varia"
162,46.0009,"20:00:00","20:03:00","2019-06-05","20:02:38","présence","Dendroica fusca","species","Blackburnian warbler","Paruline à gorge orangée","Animalia","Chordata","Aves","Passeriformes","Parulidae","Dendroica","Dendroica fusca"
162,46.0009,"20:00:00","20:03:00","2019-06-05","20:00:27","présence","Cyanocitta cristata","species","Blue jay","Geai bleu","Animalia","Chordata","Aves","Passeriformes","Corvidae","Cyanocitta","Cyanocitta cristata"
162,46.0009,"20:00:00","20:03:00","2019-06-05","20:00:05","présence","Dendroica caerulescens","species","Black-throated blue warbler","Paruline","Animalia","Chordata","Aves","Passeriformes","Parulidae","Dendroica","Dendroica caerulescens"
162,46.0009,"20:00:00","20:03:00","2019-06-05","20:00:04","présence","Corvus corax","species","Common raven","Grand corbeau","Animalia","Chordata","Aves","Passeriformes","Corvidae","Corvus","Corvus corax"
162,46.0009,"20:00:00","20:03:00","2019-06-05","20:00:07","présence","Geothlypis trichas","species","Common yellowthroat","Paruline masquée","Animalia","Chordata","Aves","Passeriformes","Parulidae","Geothlypis","Geothlypis trichas"
162,46.0009,"20:00:00","20:03:00","2019-06-05","20:00:08","présence","Regulus satrapa","species","Golden-crowned kinglet","Roitelet à couronne dorée","Animalia","Chordata","Aves","Passeriformes","Regulidae","Regulus","Regulus satrapa"
162,46.0009,"20:00:00","20:03:00","2019-06-05","20:00:34","présence","Catharus guttatus","species","Hermit thrush","Grive solitaire","Animalia","Chordata","Aves","Passeriformes","Turdidae","Catharus","Catharus guttatus"
162,46.0009,"20:00:00","20:03:00","2019-06-05","20:00:36","présence","Catharus guttatus","species","Hermit thrush","Grive solitaire","Animalia","Chordata","Aves","Passeriformes","Turdidae","Catharus","Catharus guttatus"
162,46.0009,"20:00:00","20:03:00","2019-06-05","20:00:04","présence","Dendroica magnolia","species","Magnolia warbler","Paruline à tête cendrée","Animalia","Chordata","Aves","Passeriformes","Parulidae","Dendroica","Dendroica magnolia"
162,46.0009,"20:00:00","20:03:00","2019-06-05","20:00:14","présence","Leiothlypis ruficapilla","species","Nashville warbler","Paruline à joues grises","Animalia","Chordata","Aves","Passeriformes","Parulidae","Leiothlypis","Leiothlypis ruficapilla"
162,46.0009,"20:00:00","20:03:00","2019-06-05","20:00:02","présence","Leiothlypis ruficapilla","species","Nashville warbler","Paruline à joues grises","Animalia","Chordata","Aves","Passeriformes","Parulidae","Leiothlypis","Leiothlypis ruficapilla"
162,46.0009,"20:00:00","20:03:00","2019-06-05","20:00:00","présence","Zonotrichia albicollis","species","White-throated sparrow","Bruant à gorge blanche","Animalia","Chordata","Aves","Passeriformes","Passerellidae","Zonotrichia","Zonotrichia albicollis"
