"site_id","lat","time_start","time_finish","date_obs","time_obs","variable","valid_scientific_name","rank","vernacular_en","vernacular_fr","kingdom","phylum","class","order","family","genus","species"
165,48.1079,"05:00:00","05:15:00","2019-05-29","05:01:18","présence","Dendroica caerulescens","species","Black-throated blue warbler","Paruline","Animalia","Chordata","Aves","Passeriformes","Parulidae","Dendroica","Dendroica caerulescens"
165,48.1079,"05:00:00","05:15:00","2019-05-29","05:13:42","présence","Dendroica virens","species","Black-throated green warbler","Paruline à gorge noire","Animalia","Chordata","Aves","Passeriformes","Parulidae","Dendroica","Dendroica virens"
165,48.1079,"05:00:00","05:15:00","2019-05-29","05:13:17","présence","Regulus satrapa","species","Golden-crowned kinglet","Roitelet à couronne dorée","Animalia","Chordata","Aves","Passeriformes","Regulidae","Regulus","Regulus satrapa"
165,48.1079,"05:00:00","05:15:00","2019-05-29","05:04:42","présence","Catharus guttatus","species","Hermit thrush","Grive solitaire","Animalia","Chordata","Aves","Passeriformes","Turdidae","Catharus","Catharus guttatus"
165,48.1079,"05:00:00","05:15:00","2019-05-29","05:13:29","présence","Dendroica magnolia","species","Magnolia warbler","Paruline à tête cendrée","Animalia","Chordata","Aves","Passeriformes","Parulidae","Dendroica","Dendroica magnolia"
165,48.1079,"05:00:00","05:15:00","2019-05-29","05:10:48","présence","Dendroica magnolia","species","Magnolia warbler","Paruline à tête cendrée","Animalia","Chordata","Aves","Passeriformes","Parulidae","Dendroica","Dendroica magnolia"
165,48.1079,"05:00:00","05:15:00","2019-05-29","05:00:06","présence","Leiothlypis ruficapilla","species","Nashville warbler","Paruline à joues grises","Animalia","Chordata","Aves","Passeriformes","Parulidae","Leiothlypis","Leiothlypis ruficapilla"
165,48.1079,"05:00:00","05:15:00","2019-05-29","05:05:59","présence","Parula americana","species","Northern parula","Paruline à collier","Animalia","Chordata","Aves","Passeriformes","Parulidae","Parula","Parula americana"
165,48.1079,"05:00:00","05:15:00","2019-05-29","05:04:13","présence","Parula americana","species","Northern parula","Paruline à collier","Animalia","Chordata","Aves","Passeriformes","Parulidae","Parula","Parula americana"
165,48.1079,"05:00:00","05:15:00","2019-05-29","05:08:41","présence","Seiurus aurocapilla","species","Ovenbird","Paruline couronnée","Animalia","Chordata","Aves","Passeriformes","Parulidae","Seiurus","Seiurus aurocapilla"
165,48.1079,"05:00:00","05:15:00","2019-05-29","05:07:40","présence","Regulus calendula","species","Ruby-crowned kinglet","Roitelet à couronne rubis","Animalia","Chordata","Aves","Passeriformes","Regulidae","Regulus","Regulus calendula"
165,48.1079,"05:00:00","05:15:00","2019-05-29","05:00:38","présence","Regulus calendula","species","Ruby-crowned kinglet","Roitelet à couronne rubis","Animalia","Chordata","Aves","Passeriformes","Regulidae","Regulus","Regulus calendula"
165,48.1079,"05:00:00","05:15:00","2019-05-29","05:03:49","présence","Catharus ustulatus","species","Swainson's thrush","Grive à dos olive","Animalia","Chordata","Aves","Passeriformes","Turdidae","Catharus","Catharus ustulatus"
165,48.1079,"05:00:00","05:15:00","2019-05-29","05:02:36","présence","Catharus fuscescens","species","Veery","Grive fauve","Animalia","Chordata","Aves","Passeriformes","Turdidae","Catharus","Catharus fuscescens"
165,48.1079,"05:00:00","05:15:00","2019-05-29","05:00:44","présence","Catharus fuscescens","species","Veery","Grive fauve","Animalia","Chordata","Aves","Passeriformes","Turdidae","Catharus","Catharus fuscescens"
165,48.1079,"05:00:00","05:15:00","2019-05-29","05:00:16","présence","Zonotrichia albicollis","species","White-throated sparrow","Bruant à gorge blanche","Animalia","Chordata","Aves","Passeriformes","Passerellidae","Zonotrichia","Zonotrichia albicollis"
165,48.1079,"05:00:00","05:15:00","2019-05-29","05:05:32","présence","Sphyrapicus varius","species","Yellow-bellied sapsucker","Pic maculé","Animalia","Chordata","Aves","Piciformes","Picidae","Sphyrapicus","Sphyrapicus varius"
165,48.1079,"05:00:00","05:15:00","2019-05-29","05:07:32","présence","Dendroica coronata","species","Yellow-rumped warbler","Paruline à croupion jaune","Animalia","Chordata","Aves","Passeriformes","Parulidae","Dendroica","Dendroica coronata"
165,48.1079,"05:00:00","05:15:00","2019-05-29","05:03:24","présence","Dendroica coronata","species","Yellow-rumped warbler","Paruline à croupion jaune","Animalia","Chordata","Aves","Passeriformes","Parulidae","Dendroica","Dendroica coronata"
165,48.1079,"08:00:00","08:03:00","2019-05-29","08:00:02","présence","Dendroica caerulescens","species","Black-throated blue warbler","Paruline","Animalia","Chordata","Aves","Passeriformes","Parulidae","Dendroica","Dendroica caerulescens"
165,48.1079,"08:00:00","08:03:00","2019-05-29","08:00:10","présence","Dendroica caerulescens","species","Black-throated blue warbler","Paruline","Animalia","Chordata","Aves","Passeriformes","Parulidae","Dendroica","Dendroica caerulescens"
165,48.1079,"08:00:00","08:03:00","2019-05-29","08:00:05","présence","Dendroica virens","species","Black-throated green warbler","Paruline à gorge noire","Animalia","Chordata","Aves","Passeriformes","Parulidae","Dendroica","Dendroica virens"
165,48.1079,"08:00:00","08:03:00","2019-05-29","08:01:04","présence","Dendroica pensylvanica","species","Chestnut-sided warbler","Paruline à flancs marron","Animalia","Chordata","Aves","Passeriformes","Parulidae","Dendroica","Dendroica pensylvanica"
165,48.1079,"08:00:00","08:03:00","2019-05-29","08:02:11","présence","Dryobates pubescens","species","Downy woodpecker","Pic mineur","Animalia","Chordata","Aves","Piciformes","Picidae","Dryobates","Dryobates pubescens"
165,48.1079,"08:00:00","08:03:00","2019-05-29","08:00:00","présence","Leiothlypis ruficapilla","species","Nashville warbler","Paruline à joues grises","Animalia","Chordata","Aves","Passeriformes","Parulidae","Leiothlypis","Leiothlypis ruficapilla"
165,48.1079,"08:00:00","08:03:00","2019-05-29","08:00:07","présence","Leiothlypis ruficapilla","species","Nashville warbler","Paruline à joues grises","Animalia","Chordata","Aves","Passeriformes","Parulidae","Leiothlypis","Leiothlypis ruficapilla"
165,48.1079,"08:00:00","08:03:00","2019-05-29","08:00:09","présence","Seiurus aurocapilla","species","Ovenbird","Paruline couronnée","Animalia","Chordata","Aves","Passeriformes","Parulidae","Seiurus","Seiurus aurocapilla"
165,48.1079,"08:00:00","08:03:00","2019-05-29","08:00:12","présence","Seiurus aurocapilla","species","Ovenbird","Paruline couronnée","Animalia","Chordata","Aves","Passeriformes","Parulidae","Seiurus","Seiurus aurocapilla"
165,48.1079,"08:00:00","08:03:00","2019-05-29","08:00:15","présence","Haemorhous purpureus","species","Purple finch","Roselin pourpré","Animalia","Chordata","Aves","Passeriformes","Fringillidae","Haemorhous","Haemorhous purpureus"
165,48.1079,"08:00:00","08:03:00","2019-05-29","08:00:27","présence","Haemorhous purpureus","species","Purple finch","Roselin pourpré","Animalia","Chordata","Aves","Passeriformes","Fringillidae","Haemorhous","Haemorhous purpureus"
165,48.1079,"08:00:00","08:03:00","2019-05-29","08:00:44","présence","Regulus calendula","species","Ruby-crowned kinglet","Roitelet à couronne rubis","Animalia","Chordata","Aves","Passeriformes","Regulidae","Regulus","Regulus calendula"
165,48.1079,"08:00:00","08:03:00","2019-05-29","08:00:52","présence","Catharus fuscescens","species","Veery","Grive fauve","Animalia","Chordata","Aves","Passeriformes","Turdidae","Catharus","Catharus fuscescens"
165,48.1079,"08:00:00","08:03:00","2019-05-29","08:01:04","présence","Zonotrichia albicollis","species","White-throated sparrow","Bruant à gorge blanche","Animalia","Chordata","Aves","Passeriformes","Passerellidae","Zonotrichia","Zonotrichia albicollis"
165,48.1079,"08:00:00","08:03:00","2019-05-29","08:00:59","présence","Zonotrichia albicollis","species","White-throated sparrow","Bruant à gorge blanche","Animalia","Chordata","Aves","Passeriformes","Passerellidae","Zonotrichia","Zonotrichia albicollis"
165,48.1079,"08:00:00","08:03:00","2019-05-29","08:00:04","présence","Dendroica coronata","species","Yellow-rumped warbler","Paruline à croupion jaune","Animalia","Chordata","Aves","Passeriformes","Parulidae","Dendroica","Dendroica coronata"
