"site_id","lat","time_start","time_finish","date_obs","time_obs","variable","valid_scientific_name","rank","vernacular_en","vernacular_fr","kingdom","phylum","class","order","family","genus","species"
12,46.8684,"01:00:00","01:15:00","03/06/2017","01:12:23","présence","Zonotrichia albicollis","species","White-throated sparrow","Bruant à gorge blanche","Animalia","Chordata","Aves","Passeriformes","Passerellidae","Zonotrichia","Zonotrichia albicollis"
12,46.8684,"03:00:00","03:15:00","03/06/2017","03:07:45","présence","Strix varia","species","Barred owl","Chouette rayée","Animalia","Chordata","Aves","Strigiformes","Strigidae","Strix","Strix varia"
12,46.8684,"03:00:00","03:15:00","03/06/2017","03:00:54","présence","Seiurus aurocapilla","species","Ovenbird","Paruline couronnée","Animalia","Chordata","Aves","Passeriformes","Parulidae","Seiurus","Seiurus aurocapilla"
12,46.8684,"03:00:00","03:15:00","03/06/2017","03:06:52","présence","Actitis macularia","species","Spotted sandpiper","Chevalier grivelé","Animalia","Chordata","Aves","Charadriiformes","Scolopacidae","Actitis","Actitis macularia"
12,46.8684,"03:00:00","03:15:00","03/06/2017","03:01:13","présence","Actitis macularia","species","Spotted sandpiper","Chevalier grivelé","Animalia","Chordata","Aves","Charadriiformes","Scolopacidae","Actitis","Actitis macularia"
12,46.8684,"03:00:00","03:15:00","03/06/2017","03:03:11","présence","Zonotrichia albicollis","species","White-throated sparrow","Bruant à gorge blanche","Animalia","Chordata","Aves","Passeriformes","Passerellidae","Zonotrichia","Zonotrichia albicollis"
