"site_id","lat","time_start","time_finish","date_obs","time_obs","variable","valid_scientific_name","rank","vernacular_en","vernacular_fr","kingdom","phylum","class","order","family","genus","species"
1,46.8088,"04:00:00","04:15:00","05/06/2016","04:11:44","présence","Passerellidae","family","American sparrows","Passereaux","Animalia","Chordata","Aves","Passeriformes","Passerellidae","NULL","NULL"
1,46.8088,"04:00:00","04:15:00","05/06/2016","04:01:41","présence","Botaurus lentiginosus","species","American bittern","Butor d'amérique","Animalia","Chordata","Aves","Pelecaniformes","Ardeidae","Botaurus","Botaurus lentiginosus"
1,46.8088,"04:00:00","04:15:00","05/06/2016","04:00:22","présence","Geothlypis trichas","species","Common yellowthroat","Paruline masquée","Animalia","Chordata","Aves","Passeriformes","Parulidae","Geothlypis","Geothlypis trichas"
1,46.8088,"04:00:00","04:15:00","05/06/2016","04:00:50","présence","Melospiza georgiana","species","Swamp sparrow","Bruant des marais","Animalia","Chordata","Aves","Passeriformes","Passerellidae","Melospiza","Melospiza georgiana"
1,46.8088,"04:00:00","04:15:00","05/06/2016","04:00:14","présence","Zonotrichia albicollis","species","White-throated sparrow","Bruant à gorge blanche","Animalia","Chordata","Aves","Passeriformes","Passerellidae","Zonotrichia","Zonotrichia albicollis"
1,46.8088,"05:00:00","05:15:00","05/06/2016","05:01:43","présence","Botaurus lentiginosus","species","American bittern","Butor d'amérique","Animalia","Chordata","Aves","Pelecaniformes","Ardeidae","Botaurus","Botaurus lentiginosus"
1,46.8088,"05:00:00","05:15:00","05/06/2016","05:01:36","présence","Mniotilta varia","species","Black-and-white warbler","Paruline noir et blanc","Animalia","Chordata","Aves","Passeriformes","Parulidae","Mniotilta","Mniotilta varia"
1,46.8088,"05:00:00","05:15:00","05/06/2016","05:01:26","présence","Parus atricapilla","species","Black-capped chickadee","Mésange à tête noire","Animalia","Chordata","Aves","Passeriformes","Paridae","Parus","Parus atricapilla"
1,46.8088,"05:00:00","05:15:00","05/06/2016","05:03:48","présence","Vireo solitarius","species","Blue-headed vireo","Viréo à tête bleue","Animalia","Chordata","Aves","Passeriformes","Vireonidae","Vireo","Vireo solitarius"
1,46.8088,"05:00:00","05:15:00","05/06/2016","05:05:34","présence","Dendroica caerulescens","species","Black-throated blue warbler","Paruline","Animalia","Chordata","Aves","Passeriformes","Parulidae","Dendroica","Dendroica caerulescens"
1,46.8088,"05:00:00","05:15:00","05/06/2016","05:03:09","présence","Geothlypis trichas","species","Common yellowthroat","Paruline masquée","Animalia","Chordata","Aves","Passeriformes","Parulidae","Geothlypis","Geothlypis trichas"
1,46.8088,"05:00:00","05:15:00","05/06/2016","05:07:53","présence","Dendroica magnolia","species","Magnolia warbler","Paruline à tête cendrée","Animalia","Chordata","Aves","Passeriformes","Parulidae","Dendroica","Dendroica magnolia"
1,46.8088,"05:00:00","05:15:00","05/06/2016","05:09:35","présence","Parula americana","species","Northern parula","Paruline à collier","Animalia","Chordata","Aves","Passeriformes","Parulidae","Parula","Parula americana"
1,46.8088,"05:00:00","05:15:00","05/06/2016","05:03:44","présence","Parula americana","species","Northern parula","Paruline à collier","Animalia","Chordata","Aves","Passeriformes","Parulidae","Parula","Parula americana"
1,46.8088,"05:00:00","05:15:00","05/06/2016","05:01:12","présence","Seiurus aurocapilla","species","Ovenbird","Paruline couronnée","Animalia","Chordata","Aves","Passeriformes","Parulidae","Seiurus","Seiurus aurocapilla"
1,46.8088,"05:00:00","05:15:00","05/06/2016","05:03:53","présence","Piranga olivacea","species","Scarlet tanager","Piranga écarlate","Animalia","Chordata","Aves","Passeriformes","Cardinalidae","Piranga","Piranga olivacea"
1,46.8088,"05:00:00","05:15:00","05/06/2016","05:04:41","présence","Melospiza georgiana","species","Swamp sparrow","Bruant des marais","Animalia","Chordata","Aves","Passeriformes","Passerellidae","Melospiza","Melospiza georgiana"
1,46.8088,"05:00:00","05:15:00","05/06/2016","05:08:54","présence","Zonotrichia albicollis","species","White-throated sparrow","Bruant à gorge blanche","Animalia","Chordata","Aves","Passeriformes","Passerellidae","Zonotrichia","Zonotrichia albicollis"
1,46.8088,"05:00:00","05:15:00","05/06/2016","05:00:40","présence","Zonotrichia albicollis","species","White-throated sparrow","Bruant à gorge blanche","Animalia","Chordata","Aves","Passeriformes","Passerellidae","Zonotrichia","Zonotrichia albicollis"
1,46.8088,"05:00:00","05:15:00","05/06/2016","05:05:18","présence","Dendroica coronata","species","Yellow-rumped warbler","Paruline à croupion jaune","Animalia","Chordata","Aves","Passeriformes","Parulidae","Dendroica","Dendroica coronata"
1,46.8088,"06:00:00","06:15:00","05/06/2016","06:02:19","présence","Botaurus lentiginosus","species","American bittern","Butor d'amérique","Animalia","Chordata","Aves","Pelecaniformes","Ardeidae","Botaurus","Botaurus lentiginosus"
1,46.8088,"06:00:00","06:15:00","05/06/2016","06:10:38","présence","Carduelis tristis","species","American goldfinch","Chardonneret jaune","Animalia","Chordata","Aves","Passeriformes","Fringillidae","Carduelis","Carduelis tristis"
1,46.8088,"06:00:00","06:15:00","05/06/2016","06:12:09","présence","Mniotilta varia","species","Black-and-white warbler","Paruline noir et blanc","Animalia","Chordata","Aves","Passeriformes","Parulidae","Mniotilta","Mniotilta varia"
1,46.8088,"06:00:00","06:15:00","05/06/2016","06:00:46","présence","Vireo solitarius","species","Blue-headed vireo","Viréo à tête bleue","Animalia","Chordata","Aves","Passeriformes","Vireonidae","Vireo","Vireo solitarius"
1,46.8088,"06:00:00","06:15:00","05/06/2016","06:10:54","présence","Dendroica caerulescens","species","Black-throated blue warbler","Paruline","Animalia","Chordata","Aves","Passeriformes","Parulidae","Dendroica","Dendroica caerulescens"
1,46.8088,"06:00:00","06:15:00","05/06/2016","06:09:42","présence","Dendroica caerulescens","species","Black-throated blue warbler","Paruline","Animalia","Chordata","Aves","Passeriformes","Parulidae","Dendroica","Dendroica caerulescens"
1,46.8088,"06:00:00","06:15:00","05/06/2016","06:03:47","présence","Geothlypis trichas","species","Common yellowthroat","Paruline masquée","Animalia","Chordata","Aves","Passeriformes","Parulidae","Geothlypis","Geothlypis trichas"
1,46.8088,"06:00:00","06:15:00","05/06/2016","06:00:41","présence","Leiothlypis ruficapilla","species","Nashville warbler","Paruline à joues grises","Animalia","Chordata","Aves","Passeriformes","Parulidae","Leiothlypis","Leiothlypis ruficapilla"
1,46.8088,"06:00:00","06:15:00","05/06/2016","06:00:44","présence","Seiurus aurocapilla","species","Ovenbird","Paruline couronnée","Animalia","Chordata","Aves","Passeriformes","Parulidae","Seiurus","Seiurus aurocapilla"
1,46.8088,"06:00:00","06:15:00","05/06/2016","06:00:31","présence","Antigone canadensis","species","Sandhill crane","Grue du Canada","Animalia","Chordata","Aves","Gruiformes","Gruidae","Antigone","Antigone canadensis"
1,46.8088,"06:00:00","06:15:00","05/06/2016","06:01:16","présence","Melospiza georgiana","species","Swamp sparrow","Bruant des marais","Animalia","Chordata","Aves","Passeriformes","Passerellidae","Melospiza","Melospiza georgiana"
1,46.8088,"06:00:00","06:15:00","05/06/2016","06:02:38","présence","Catharus fuscescens","species","Veery","Grive fauve","Animalia","Chordata","Aves","Passeriformes","Turdidae","Catharus","Catharus fuscescens"
1,46.8088,"06:00:00","06:15:00","05/06/2016","06:10:50","présence","Zonotrichia albicollis","species","White-throated sparrow","Bruant à gorge blanche","Animalia","Chordata","Aves","Passeriformes","Passerellidae","Zonotrichia","Zonotrichia albicollis"
1,46.8088,"06:00:00","06:15:00","05/06/2016","06:03:08","présence","Zonotrichia albicollis","species","White-throated sparrow","Bruant à gorge blanche","Animalia","Chordata","Aves","Passeriformes","Passerellidae","Zonotrichia","Zonotrichia albicollis"
1,46.8088,"06:00:00","06:15:00","05/06/2016","06:11:08","présence","Dendroica coronata","species","Yellow-rumped warbler","Paruline à croupion jaune","Animalia","Chordata","Aves","Passeriformes","Parulidae","Dendroica","Dendroica coronata"
1,46.8088,"06:00:00","06:15:00","05/06/2016","06:01:39","présence","Dendroica coronata","species","Yellow-rumped warbler","Paruline à croupion jaune","Animalia","Chordata","Aves","Passeriformes","Parulidae","Dendroica","Dendroica coronata"
1,46.8088,"06:00:00","06:15:00","05/06/2016","06:05:35","présence","Dryobates pubescens","species","NULL","NULL","Animalia","Chordata","Aves","Piciformes","Picidae","Dryobates","Dryobates pubescens"
1,46.8088,"07:00:00","07:15:00","05/06/2016","07:10:54","présence","Vireo","genus","Vireos","Viréo","Animalia","Chordata","Aves","Passeriformes","Vireonidae","Vireo","NULL"
1,46.8088,"07:00:00","07:15:00","05/06/2016","07:06:01","présence","Vireo","genus","Vireos","Viréo","Animalia","Chordata","Aves","Passeriformes","Vireonidae","Vireo","NULL"
1,46.8088,"07:00:00","07:15:00","05/06/2016","07:02:48","présence","Botaurus lentiginosus","species","American bittern","Butor d'amérique","Animalia","Chordata","Aves","Pelecaniformes","Ardeidae","Botaurus","Botaurus lentiginosus"
1,46.8088,"07:00:00","07:15:00","05/06/2016","07:01:25","présence","Botaurus lentiginosus","species","American bittern","Butor d'amérique","Animalia","Chordata","Aves","Pelecaniformes","Ardeidae","Botaurus","Botaurus lentiginosus"
1,46.8088,"07:00:00","07:15:00","05/06/2016","NULL","présence","Carduelis tristis","species","American goldfinch","Chardonneret jaune","Animalia","Chordata","Aves","Passeriformes","Fringillidae","Carduelis","Carduelis tristis"
1,46.8088,"07:00:00","07:15:00","05/06/2016","07:01:47","présence","Mniotilta varia","species","Black-and-white warbler","Paruline noir et blanc","Animalia","Chordata","Aves","Passeriformes","Parulidae","Mniotilta","Mniotilta varia"
1,46.8088,"07:00:00","07:15:00","05/06/2016","07:05:44","présence","Parus atricapilla","species","Black-capped chickadee","Mésange à tête noire","Animalia","Chordata","Aves","Passeriformes","Paridae","Parus","Parus atricapilla"
1,46.8088,"07:00:00","07:15:00","05/06/2016","07:04:23","présence","Dendroica caerulescens","species","Black-throated blue warbler","Paruline","Animalia","Chordata","Aves","Passeriformes","Parulidae","Dendroica","Dendroica caerulescens"
1,46.8088,"07:00:00","07:15:00","05/06/2016","07:00:41","présence","Dendroica caerulescens","species","Black-throated blue warbler","Paruline","Animalia","Chordata","Aves","Passeriformes","Parulidae","Dendroica","Dendroica caerulescens"
1,46.8088,"07:00:00","07:15:00","05/06/2016","07:02:44","présence","Geothlypis trichas","species","Common yellowthroat","Paruline masquée","Animalia","Chordata","Aves","Passeriformes","Parulidae","Geothlypis","Geothlypis trichas"
1,46.8088,"07:00:00","07:15:00","05/06/2016","07:09:27","présence","Dendroica magnolia","species","Magnolia warbler","Paruline à tête cendrée","Animalia","Chordata","Aves","Passeriformes","Parulidae","Dendroica","Dendroica magnolia"
1,46.8088,"07:00:00","07:15:00","05/06/2016","07:02:40","présence","Dendroica magnolia","species","Magnolia warbler","Paruline à tête cendrée","Animalia","Chordata","Aves","Passeriformes","Parulidae","Dendroica","Dendroica magnolia"
1,46.8088,"07:00:00","07:15:00","05/06/2016","07:13:21","présence","Leiothlypis ruficapilla","species","Nashville warbler","Paruline à joues grises","Animalia","Chordata","Aves","Passeriformes","Parulidae","Leiothlypis","Leiothlypis ruficapilla"
1,46.8088,"07:00:00","07:15:00","05/06/2016","07:02:05","présence","Leiothlypis ruficapilla","species","Nashville warbler","Paruline à joues grises","Animalia","Chordata","Aves","Passeriformes","Parulidae","Leiothlypis","Leiothlypis ruficapilla"
1,46.8088,"07:00:00","07:15:00","05/06/2016","07:08:53","présence","Parula americana","species","Northern parula","Paruline à collier","Animalia","Chordata","Aves","Passeriformes","Parulidae","Parula","Parula americana"
1,46.8088,"07:00:00","07:15:00","05/06/2016","07:06:22","présence","Parula americana","species","Northern parula","Paruline à collier","Animalia","Chordata","Aves","Passeriformes","Parulidae","Parula","Parula americana"
1,46.8088,"07:00:00","07:15:00","05/06/2016","07:07:10","présence","Seiurus aurocapilla","species","Ovenbird","Paruline couronnée","Animalia","Chordata","Aves","Passeriformes","Parulidae","Seiurus","Seiurus aurocapilla"
1,46.8088,"07:00:00","07:15:00","05/06/2016","07:01:40","présence","Melospiza georgiana","species","Swamp sparrow","Bruant des marais","Animalia","Chordata","Aves","Passeriformes","Passerellidae","Melospiza","Melospiza georgiana"
1,46.8088,"07:00:00","07:15:00","05/06/2016","07:01:49","présence","Dendroica coronata","species","Yellow-rumped warbler","Paruline à croupion jaune","Animalia","Chordata","Aves","Passeriformes","Parulidae","Dendroica","Dendroica coronata"
1,46.8088,"07:00:00","07:15:00","05/06/2016","07:00:57","présence","Dendroica coronata","species","Yellow-rumped warbler","Paruline à croupion jaune","Animalia","Chordata","Aves","Passeriformes","Parulidae","Dendroica","Dendroica coronata"
1,46.8088,"08:00:00","08:03:00","05/06/2016","08:01:18","présence","Mniotilta varia","species","Black-and-white warbler","Paruline noir et blanc","Animalia","Chordata","Aves","Passeriformes","Parulidae","Mniotilta","Mniotilta varia"
1,46.8088,"08:00:00","08:03:00","05/06/2016","08:00:33","présence","Bombycilla cedrorum","species","Cedar waxwing","Jaseur d'amérique","Animalia","Chordata","Aves","Passeriformes","Bombycillidae","Bombycilla","Bombycilla cedrorum"
1,46.8088,"08:00:00","08:03:00","05/06/2016","08:00:14","présence","Seiurus aurocapilla","species","Ovenbird","Paruline couronnée","Animalia","Chordata","Aves","Passeriformes","Parulidae","Seiurus","Seiurus aurocapilla"
1,46.8088,"08:00:00","08:03:00","05/06/2016","08:00:19","présence","Melospiza georgiana","species","Swamp sparrow","Bruant des marais","Animalia","Chordata","Aves","Passeriformes","Passerellidae","Melospiza","Melospiza georgiana"
1,46.8088,"08:00:00","08:03:00","05/06/2016","08:00:00","présence","Catharus fuscescens","species","Veery","Grive fauve","Animalia","Chordata","Aves","Passeriformes","Turdidae","Catharus","Catharus fuscescens"
1,46.8088,"08:00:00","08:03:00","05/06/2016","08:00:52","présence","Zonotrichia albicollis","species","White-throated sparrow","Bruant à gorge blanche","Animalia","Chordata","Aves","Passeriformes","Passerellidae","Zonotrichia","Zonotrichia albicollis"
1,46.8088,"08:00:00","08:03:00","05/06/2016","08:00:48","présence","Zonotrichia albicollis","species","White-throated sparrow","Bruant à gorge blanche","Animalia","Chordata","Aves","Passeriformes","Passerellidae","Zonotrichia","Zonotrichia albicollis"
1,46.8088,"08:00:00","08:03:00","05/06/2016","08:01:37","présence","Dendroica coronata","species","Yellow-rumped warbler","Paruline à croupion jaune","Animalia","Chordata","Aves","Passeriformes","Parulidae","Dendroica","Dendroica coronata"
1,46.8088,"08:00:00","08:15:00","05/06/2016","08:01:19","présence","Mniotilta varia","species","Black-and-white warbler","Paruline noir et blanc","Animalia","Chordata","Aves","Passeriformes","Parulidae","Mniotilta","Mniotilta varia"
1,46.8088,"08:00:00","08:15:00","05/06/2016","08:08:10","présence","Cyanocitta cristata","species","Blue jay","Geai bleu","Animalia","Chordata","Aves","Passeriformes","Corvidae","Cyanocitta","Cyanocitta cristata"
1,46.8088,"08:00:00","08:15:00","05/06/2016","08:07:07","présence","Dendroica caerulescens","species","Black-throated blue warbler","Paruline","Animalia","Chordata","Aves","Passeriformes","Parulidae","Dendroica","Dendroica caerulescens"
1,46.8088,"08:00:00","08:15:00","05/06/2016","08:00:14","présence","Seiurus aurocapilla","species","Ovenbird","Paruline couronnée","Animalia","Chordata","Aves","Passeriformes","Parulidae","Seiurus","Seiurus aurocapilla"
1,46.8088,"08:00:00","08:15:00","05/06/2016","08:14:57","présence","Piranga olivacea","species","Scarlet tanager","Piranga écarlate","Animalia","Chordata","Aves","Passeriformes","Cardinalidae","Piranga","Piranga olivacea"
1,46.8088,"08:00:00","08:15:00","05/06/2016","08:00:19","présence","Melospiza georgiana","species","Swamp sparrow","Bruant des marais","Animalia","Chordata","Aves","Passeriformes","Passerellidae","Melospiza","Melospiza georgiana"
1,46.8088,"08:00:00","08:15:00","05/06/2016","08:00:01","présence","Catharus fuscescens","species","Veery","Grive fauve","Animalia","Chordata","Aves","Passeriformes","Turdidae","Catharus","Catharus fuscescens"
1,46.8088,"08:00:00","08:15:00","05/06/2016","08:00:52","présence","Zonotrichia albicollis","species","White-throated sparrow","Bruant à gorge blanche","Animalia","Chordata","Aves","Passeriformes","Passerellidae","Zonotrichia","Zonotrichia albicollis"
1,46.8088,"08:00:00","08:15:00","05/06/2016","08:08:11","présence","Dendroica coronata","species","Yellow-rumped warbler","Paruline à croupion jaune","Animalia","Chordata","Aves","Passeriformes","Parulidae","Dendroica","Dendroica coronata"
1,46.8088,"08:00:00","08:15:00","05/06/2016","08:01:37","présence","Dendroica coronata","species","Yellow-rumped warbler","Paruline à croupion jaune","Animalia","Chordata","Aves","Passeriformes","Parulidae","Dendroica","Dendroica coronata"
1,46.8088,"12:00:00","12:15:00","05/06/2016","12:14:31","présence","Cyanocitta cristata","species","Blue jay","Geai bleu","Animalia","Chordata","Aves","Passeriformes","Corvidae","Cyanocitta","Cyanocitta cristata"
1,46.8088,"12:00:00","12:15:00","05/06/2016","12:02:38","présence","Cyanocitta cristata","species","Blue jay","Geai bleu","Animalia","Chordata","Aves","Passeriformes","Corvidae","Cyanocitta","Cyanocitta cristata"
1,46.8088,"12:00:00","12:15:00","05/06/2016","12:01:07","présence","Leiothlypis ruficapilla","species","Nashville warbler","Paruline à joues grises","Animalia","Chordata","Aves","Passeriformes","Parulidae","Leiothlypis","Leiothlypis ruficapilla"
1,46.8088,"12:00:00","12:15:00","05/06/2016","12:02:00","présence","Parula americana","species","Northern parula","Paruline à collier","Animalia","Chordata","Aves","Passeriformes","Parulidae","Parula","Parula americana"
1,46.8088,"12:00:00","12:15:00","05/06/2016","12:03:15","présence","Seiurus aurocapilla","species","Ovenbird","Paruline couronnée","Animalia","Chordata","Aves","Passeriformes","Parulidae","Seiurus","Seiurus aurocapilla"
1,46.8088,"12:00:00","12:15:00","05/06/2016","12:11:29","présence","Melospiza georgiana","species","Swamp sparrow","Bruant des marais","Animalia","Chordata","Aves","Passeriformes","Passerellidae","Melospiza","Melospiza georgiana"
1,46.8088,"12:00:00","12:15:00","05/06/2016","12:03:23","présence","Melospiza georgiana","species","Swamp sparrow","Bruant des marais","Animalia","Chordata","Aves","Passeriformes","Passerellidae","Melospiza","Melospiza georgiana"
1,46.8088,"12:00:00","12:15:00","05/06/2016","12:14:56","présence","Zonotrichia albicollis","species","White-throated sparrow","Bruant à gorge blanche","Animalia","Chordata","Aves","Passeriformes","Passerellidae","Zonotrichia","Zonotrichia albicollis"
