"site_id","lat","time_start","time_finish","date_obs","time_obs","variable","valid_scientific_name","rank","vernacular_en","vernacular_fr","kingdom","phylum","class","order","family","genus","species"
114,48.98747,"07:00:00","07:03:00","2019-05-24","07:00:03","présence","Passeriformes","order","Perching birds","Passereaux","Animalia","Chordata","Aves","Passeriformes","NULL","NULL","NULL"
114,48.98747,"07:00:00","07:03:00","2019-05-24","07:02:36","présence","Turdus migratorius","species","American robin","Merle d'amérique","Animalia","Chordata","Aves","Passeriformes","Turdidae","Turdus","Turdus migratorius"
114,48.98747,"07:00:00","07:03:00","2019-05-24","07:00:11","présence","Parus hudsonicus","species","Boreal chickadee","Mésange à tête brune","Animalia","Chordata","Aves","Passeriformes","Paridae","Parus","Parus hudsonicus"
114,48.98747,"07:00:00","07:03:00","2019-05-24","07:00:21","présence","Passerella iliaca","species","Fox sparrow","Bruant fauve","Animalia","Chordata","Aves","Passeriformes","Passerellidae","Passerella","Passerella iliaca"
114,48.98747,"07:00:00","07:03:00","2019-05-24","07:00:29","présence","Regulus calendula","species","Ruby-crowned kinglet","Roitelet à couronne rubis","Animalia","Chordata","Aves","Passeriformes","Regulidae","Regulus","Regulus calendula"
114,48.98747,"07:00:00","07:03:00","2019-05-24","07:00:00","présence","Dendroica coronata","species","Yellow-rumped warbler","Paruline à croupion jaune","Animalia","Chordata","Aves","Passeriformes","Parulidae","Dendroica","Dendroica coronata"
