"site_id","lat","time_start","time_finish","date_obs","time_obs","variable","valid_scientific_name","rank","vernacular_en","vernacular_fr","kingdom","phylum","class","order","family","genus","species"
160,46.8771,"01:00:00","01:15:00","2019-05-22","01:00:34","présence","Scolopax minor","species","American woodcock","Bécasse d'amérique","Animalia","Chordata","Aves","Charadriiformes","Scolopacidae","Scolopax","Scolopax minor"
160,46.8771,"01:00:00","01:15:00","2019-05-22","01:10:18","présence","Actitis macularia","species","Spotted sandpiper","Chevalier grivelé","Animalia","Chordata","Aves","Charadriiformes","Scolopacidae","Actitis","Actitis macularia"
160,46.8771,"01:00:00","01:15:00","2019-05-22","01:09:21","présence","Actitis macularia","species","Spotted sandpiper","Chevalier grivelé","Animalia","Chordata","Aves","Charadriiformes","Scolopacidae","Actitis","Actitis macularia"
160,46.8771,"01:00:00","01:15:00","2019-05-22","NULL","présence","Actitis macularia","species","Spotted sandpiper","Chevalier grivelé","Animalia","Chordata","Aves","Charadriiformes","Scolopacidae","Actitis","Actitis macularia"
160,46.8771,"01:00:00","01:15:00","2019-05-22","01:08:33","présence","Zonotrichia albicollis","species","White-throated sparrow","Bruant à gorge blanche","Animalia","Chordata","Aves","Passeriformes","Passerellidae","Zonotrichia","Zonotrichia albicollis"
160,46.8771,"03:00:00","03:15:00","2019-05-22","NULL","présence","Tringa solitaria","species","Solitary sandpiper","Chevalier solitaire","Animalia","Chordata","Aves","Charadriiformes","Scolopacidae","Tringa","Tringa solitaria"
