"site_id","lat","time_start","time_finish","date_obs","time_obs","variable","valid_scientific_name","rank","vernacular_en","vernacular_fr","kingdom","phylum","class","order","family","genus","species"
160,46.8771,"04:00:00","04:15:00","2019-06-04","NULL","présence","Scolopax minor","species","American woodcock","Bécasse d'amérique","Animalia","Chordata","Aves","Charadriiformes","Scolopacidae","Scolopax","Scolopax minor"
160,46.8771,"04:00:00","04:15:00","2019-06-04","NULL","présence","Catharus ustulatus","species","Swainson's thrush","Grive à dos olive","Animalia","Chordata","Aves","Passeriformes","Turdidae","Catharus","Catharus ustulatus"
160,46.8771,"04:00:00","04:15:00","2019-06-04","NULL","présence","Zonotrichia albicollis","species","White-throated sparrow","Bruant à gorge blanche","Animalia","Chordata","Aves","Passeriformes","Passerellidae","Zonotrichia","Zonotrichia albicollis"
160,46.8771,"05:00:00","05:15:00","2019-06-04","05:03:30","présence","Empidonax alnorum","species","Alder flycatcher","Moucherolle des aulnes","Animalia","Chordata","Aves","Passeriformes","Tyrannidae","Empidonax","Empidonax alnorum"
160,46.8771,"05:00:00","05:15:00","2019-06-04","05:01:42","présence","Cyanocitta cristata","species","Blue jay","Geai bleu","Animalia","Chordata","Aves","Passeriformes","Corvidae","Cyanocitta","Cyanocitta cristata"
160,46.8771,"05:00:00","05:15:00","2019-06-04","05:11:36","présence","Gavia immer","species","Common loon","Plongeon huard","Animalia","Chordata","Aves","Gaviiformes","Gaviidae","Gavia","Gavia immer"
160,46.8771,"05:00:00","05:15:00","2019-06-04","NULL","présence","Gavia immer","species","Common loon","Plongeon huard","Animalia","Chordata","Aves","Gaviiformes","Gaviidae","Gavia","Gavia immer"
160,46.8771,"05:00:00","05:15:00","2019-06-04","05:12:07","présence","Geothlypis trichas","species","Common yellowthroat","Paruline masquée","Animalia","Chordata","Aves","Passeriformes","Parulidae","Geothlypis","Geothlypis trichas"
160,46.8771,"05:00:00","05:15:00","2019-06-04","05:01:09","présence","Regulus satrapa","species","Golden-crowned kinglet","Roitelet à couronne dorée","Animalia","Chordata","Aves","Passeriformes","Regulidae","Regulus","Regulus satrapa"
160,46.8771,"05:00:00","05:15:00","2019-06-04","05:00:12","présence","Catharus guttatus","species","Hermit thrush","Grive solitaire","Animalia","Chordata","Aves","Passeriformes","Turdidae","Catharus","Catharus guttatus"
160,46.8771,"05:00:00","05:15:00","2019-06-04","05:10:34","présence","Dendroica magnolia","species","Magnolia warbler","Paruline à tête cendrée","Animalia","Chordata","Aves","Passeriformes","Parulidae","Dendroica","Dendroica magnolia"
160,46.8771,"05:00:00","05:15:00","2019-06-04","05:00:42","présence","Leiothlypis ruficapilla","species","Nashville warbler","Paruline à joues grises","Animalia","Chordata","Aves","Passeriformes","Parulidae","Leiothlypis","Leiothlypis ruficapilla"
160,46.8771,"05:00:00","05:15:00","2019-06-04","05:13:30","présence","Seiurus aurocapilla","species","Ovenbird","Paruline couronnée","Animalia","Chordata","Aves","Passeriformes","Parulidae","Seiurus","Seiurus aurocapilla"
160,46.8771,"05:00:00","05:15:00","2019-06-04","05:10:27","présence","Seiurus aurocapilla","species","Ovenbird","Paruline couronnée","Animalia","Chordata","Aves","Passeriformes","Parulidae","Seiurus","Seiurus aurocapilla"
160,46.8771,"05:00:00","05:15:00","2019-06-04","05:02:31","présence","Haemorhous purpureus","species","Purple finch","Roselin pourpré","Animalia","Chordata","Aves","Passeriformes","Fringillidae","Haemorhous","Haemorhous purpureus"
160,46.8771,"05:00:00","05:15:00","2019-06-04","05:06:53","présence","Pheucticus ludovicianus","species","Rose-breasted grosbeak","Cardinal à poitrine rose","Animalia","Chordata","Aves","Passeriformes","Cardinalidae","Pheucticus","Pheucticus ludovicianus"
160,46.8771,"05:00:00","05:15:00","2019-06-04","05:06:12","présence","Pheucticus ludovicianus","species","Rose-breasted grosbeak","Cardinal à poitrine rose","Animalia","Chordata","Aves","Passeriformes","Cardinalidae","Pheucticus","Pheucticus ludovicianus"
160,46.8771,"05:00:00","05:15:00","2019-06-04","05:10:06","présence","Regulus calendula","species","Ruby-crowned kinglet","Roitelet à couronne rubis","Animalia","Chordata","Aves","Passeriformes","Regulidae","Regulus","Regulus calendula"
160,46.8771,"05:00:00","05:15:00","2019-06-04","05:01:37","présence","Regulus calendula","species","Ruby-crowned kinglet","Roitelet à couronne rubis","Animalia","Chordata","Aves","Passeriformes","Regulidae","Regulus","Regulus calendula"
160,46.8771,"05:00:00","05:15:00","2019-06-04","05:00:54","présence","Bonasa umbellus","species","Ruffed grouse","Gélinotte huppée","Animalia","Chordata","Aves","Galliformes","Phasianidae","Bonasa","Bonasa umbellus"
160,46.8771,"05:00:00","05:15:00","2019-06-04","05:02:06","présence","Melospiza georgiana","species","Swamp sparrow","Bruant des marais","Animalia","Chordata","Aves","Passeriformes","Passerellidae","Melospiza","Melospiza georgiana"
160,46.8771,"05:00:00","05:15:00","2019-06-04","05:04:09","présence","Catharus ustulatus","species","Swainson's thrush","Grive à dos olive","Animalia","Chordata","Aves","Passeriformes","Turdidae","Catharus","Catharus ustulatus"
160,46.8771,"05:00:00","05:15:00","2019-06-04","05:00:26","présence","Catharus fuscescens","species","Veery","Grive fauve","Animalia","Chordata","Aves","Passeriformes","Turdidae","Catharus","Catharus fuscescens"
160,46.8771,"05:00:00","05:15:00","2019-06-04","05:04:54","présence","Zonotrichia albicollis","species","White-throated sparrow","Bruant à gorge blanche","Animalia","Chordata","Aves","Passeriformes","Passerellidae","Zonotrichia","Zonotrichia albicollis"
160,46.8771,"05:00:00","05:15:00","2019-06-04","05:05:15","présence","Sphyrapicus varius","species","Yellow-bellied sapsucker","Pic maculé","Animalia","Chordata","Aves","Piciformes","Picidae","Sphyrapicus","Sphyrapicus varius"
160,46.8771,"06:00:00","06:03:00","2019-06-04","06:01:42","présence","Empidonax alnorum","species","Alder flycatcher","Moucherolle des aulnes","Animalia","Chordata","Aves","Passeriformes","Tyrannidae","Empidonax","Empidonax alnorum"
160,46.8771,"06:00:00","06:03:00","2019-06-04","06:00:01","présence","Empidonax alnorum","species","Alder flycatcher","Moucherolle des aulnes","Animalia","Chordata","Aves","Passeriformes","Tyrannidae","Empidonax","Empidonax alnorum"
160,46.8771,"06:00:00","06:03:00","2019-06-04","06:00:02","présence","Empidonax alnorum","species","Alder flycatcher","Moucherolle des aulnes","Animalia","Chordata","Aves","Passeriformes","Tyrannidae","Empidonax","Empidonax alnorum"
160,46.8771,"06:00:00","06:03:00","2019-06-04","06:00:35","présence","Cyanocitta cristata","species","Blue jay","Geai bleu","Animalia","Chordata","Aves","Passeriformes","Corvidae","Cyanocitta","Cyanocitta cristata"
160,46.8771,"06:00:00","06:03:00","2019-06-04","06:01:55","présence","Geothlypis trichas","species","Common yellowthroat","Paruline masquée","Animalia","Chordata","Aves","Passeriformes","Parulidae","Geothlypis","Geothlypis trichas"
160,46.8771,"06:00:00","06:03:00","2019-06-04","06:00:30","présence","Geothlypis trichas","species","Common yellowthroat","Paruline masquée","Animalia","Chordata","Aves","Passeriformes","Parulidae","Geothlypis","Geothlypis trichas"
160,46.8771,"06:00:00","06:03:00","2019-06-04","06:01:10","présence","Dendroica magnolia","species","Magnolia warbler","Paruline à tête cendrée","Animalia","Chordata","Aves","Passeriformes","Parulidae","Dendroica","Dendroica magnolia"
160,46.8771,"06:00:00","06:03:00","2019-06-04","06:02:32","présence","Leiothlypis ruficapilla","species","Nashville warbler","Paruline à joues grises","Animalia","Chordata","Aves","Passeriformes","Parulidae","Leiothlypis","Leiothlypis ruficapilla"
160,46.8771,"06:00:00","06:03:00","2019-06-04","06:00:03","présence","Seiurus aurocapilla","species","Ovenbird","Paruline couronnée","Animalia","Chordata","Aves","Passeriformes","Parulidae","Seiurus","Seiurus aurocapilla"
160,46.8771,"06:00:00","06:03:00","2019-06-04","06:00:08","présence","Regulus calendula","species","Ruby-crowned kinglet","Roitelet à couronne rubis","Animalia","Chordata","Aves","Passeriformes","Regulidae","Regulus","Regulus calendula"
160,46.8771,"06:00:00","06:03:00","2019-06-04","06:00:02","présence","Bonasa umbellus","species","Ruffed grouse","Gélinotte huppée","Animalia","Chordata","Aves","Galliformes","Phasianidae","Bonasa","Bonasa umbellus"
160,46.8771,"06:00:00","06:03:00","2019-06-04","06:01:46","présence","Melospiza georgiana","species","Swamp sparrow","Bruant des marais","Animalia","Chordata","Aves","Passeriformes","Passerellidae","Melospiza","Melospiza georgiana"
160,46.8771,"06:00:00","06:03:00","2019-06-04","06:00:09","présence","Zonotrichia albicollis","species","White-throated sparrow","Bruant à gorge blanche","Animalia","Chordata","Aves","Passeriformes","Passerellidae","Zonotrichia","Zonotrichia albicollis"
160,46.8771,"06:00:00","06:03:00","2019-06-04","06:00:37","présence","Zonotrichia albicollis","species","White-throated sparrow","Bruant à gorge blanche","Animalia","Chordata","Aves","Passeriformes","Passerellidae","Zonotrichia","Zonotrichia albicollis"
160,46.8771,"06:00:00","06:03:00","2019-06-04","06:00:57","présence","Sphyrapicus varius","species","Yellow-bellied sapsucker","Pic maculé","Animalia","Chordata","Aves","Piciformes","Picidae","Sphyrapicus","Sphyrapicus varius"
160,46.8771,"06:00:00","06:03:00","2019-06-04","06:00:02","présence","Dendroica coronata","species","Yellow-rumped warbler","Paruline à croupion jaune","Animalia","Chordata","Aves","Passeriformes","Parulidae","Dendroica","Dendroica coronata"
160,46.8771,"06:00:00","06:15:00","2019-06-04","NULL","présence","Dendroica coronata","species","Yellow-rumped warbler","Paruline à croupion jaune","Animalia","Chordata","Aves","Passeriformes","Parulidae","Dendroica","Dendroica coronata"
160,46.8771,"07:00:00","07:15:00","2019-06-04","NULL","présence","Vireo solitarius","species","Blue-headed vireo","Viréo à tête bleue","Animalia","Chordata","Aves","Passeriformes","Vireonidae","Vireo","Vireo solitarius"
160,46.8771,"07:00:00","07:15:00","2019-06-04","NULL","présence","Catharus fuscescens","species","Veery","Grive fauve","Animalia","Chordata","Aves","Passeriformes","Turdidae","Catharus","Catharus fuscescens"
160,46.8771,"07:00:00","07:15:00","2019-06-04","NULL","présence","Empidonax flaviventris","species","Yellow-bellied flycatcher","Moucherolle à ventre jaune","Animalia","Chordata","Aves","Passeriformes","Tyrannidae","Empidonax","Empidonax flaviventris"
160,46.8771,"08:00:00","08:15:00","2019-06-04","NULL","présence","Dendroica pensylvanica","species","Chestnut-sided warbler","Paruline à flancs marron","Animalia","Chordata","Aves","Passeriformes","Parulidae","Dendroica","Dendroica pensylvanica"
160,46.8771,"08:00:00","08:15:00","2019-06-04","NULL","présence","Contopus borealis","species","Olive-sided flycatcher","Moucherolle à côtés olive","Animalia","Chordata","Aves","Passeriformes","Tyrannidae","Contopus","Contopus borealis"
160,46.8771,"12:00:00","12:15:00","2019-06-04","NULL","présence","Passeriformes","order","Perching birds","Passereaux","Animalia","Chordata","Aves","Passeriformes","NULL","NULL","NULL"
160,46.8771,"12:00:00","12:15:00","2019-06-04","NULL","présence","Bombycilla cedrorum","species","Cedar waxwing","Jaseur d'amérique","Animalia","Chordata","Aves","Passeriformes","Bombycillidae","Bombycilla","Bombycilla cedrorum"
160,46.8771,"21:00:00","21:15:00","2019-06-04","NULL","présence","Leiothlypis peregrina","species","Tennessee warbler","Paruline obscure","Animalia","Chordata","Aves","Passeriformes","Parulidae","Leiothlypis","Leiothlypis peregrina"
