"site_id","lat","time_start","time_finish","date_obs","time_obs","variable","valid_scientific_name","rank","vernacular_en","vernacular_fr","kingdom","phylum","class","order","family","genus","species"
100,49.83417,"21:00:00","21:03:00","2018-05-27","21:00:36","présence","Catharus guttatus","species","Hermit thrush","Grive solitaire","Animalia","Chordata","Aves","Passeriformes","Turdidae","Catharus","Catharus guttatus"
100,49.83417,"21:00:00","21:03:00","2018-05-27","21:00:36","présence","Catharus guttatus","species","Hermit thrush","Grive solitaire","Animalia","Chordata","Aves","Passeriformes","Turdidae","Catharus","Catharus guttatus"
100,49.83417,"21:00:00","21:03:00","2018-05-27","21:01:26","présence","Troglodytes hiemalis","species","Animals","Troglodyte des forêts","Animalia","Chordata","Aves","Passeriformes","Troglodytidae","Troglodytes","Troglodytes hiemalis"
100,49.83417,"21:00:00","21:03:00","2018-05-27","21:00:04","présence","Zonotrichia albicollis","species","White-throated sparrow","Bruant à gorge blanche","Animalia","Chordata","Aves","Passeriformes","Passerellidae","Zonotrichia","Zonotrichia albicollis"
100,49.83417,"23:00:00","23:03:00","2018-05-27","23:01:54","présence","Gavia immer","species","Common loon","Plongeon huard","Animalia","Chordata","Aves","Gaviiformes","Gaviidae","Gavia","Gavia immer"
100,49.83417,"23:00:00","23:03:00","2018-05-27","23:01:40","présence","Gavia immer","species","Common loon","Plongeon huard","Animalia","Chordata","Aves","Gaviiformes","Gaviidae","Gavia","Gavia immer"
100,49.83417,"23:00:00","23:03:00","2018-05-27","23:02:18","présence","Tringa solitaria","species","Solitary sandpiper","Chevalier solitaire","Animalia","Chordata","Aves","Charadriiformes","Scolopacidae","Tringa","Tringa solitaria"
100,49.83417,"23:00:00","23:03:00","2018-05-27","23:01:03","présence","Zonotrichia albicollis","species","White-throated sparrow","Bruant à gorge blanche","Animalia","Chordata","Aves","Passeriformes","Passerellidae","Zonotrichia","Zonotrichia albicollis"
