"site_id","lat","time_start","time_finish","date_obs","time_obs","variable","valid_scientific_name","rank","vernacular_en","vernacular_fr","kingdom","phylum","class","order","family","genus","species"
156,48.4883,"06:00:00","06:03:00","2019-06-02","06:00:40","présence","Passeriformes","order","Perching birds","Passereaux","Animalia","Chordata","Aves","Passeriformes","NULL","NULL","NULL"
156,48.4883,"06:00:00","06:03:00","2019-06-02","06:02:20","présence","Junco hyemalis","species","Dark-eyed junco","Junco ardoisé","Animalia","Chordata","Aves","Passeriformes","Passerellidae","Junco","Junco hyemalis"
156,48.4883,"06:00:00","06:03:00","2019-06-02","06:00:00","présence","Passerella iliaca","species","Fox sparrow","Bruant fauve","Animalia","Chordata","Aves","Passeriformes","Passerellidae","Passerella","Passerella iliaca"
156,48.4883,"06:00:00","06:03:00","2019-06-02","06:00:02","présence","Regulus calendula","species","Ruby-crowned kinglet","Roitelet à couronne rubis","Animalia","Chordata","Aves","Passeriformes","Regulidae","Regulus","Regulus calendula"
156,48.4883,"06:00:00","06:03:00","2019-06-02","06:01:04","présence","Leiothlypis peregrina","species","Tennessee warbler","Paruline obscure","Animalia","Chordata","Aves","Passeriformes","Parulidae","Leiothlypis","Leiothlypis peregrina"
156,48.4883,"06:00:00","06:03:00","2019-06-02","06:02:05","présence","Zonotrichia albicollis","species","White-throated sparrow","Bruant à gorge blanche","Animalia","Chordata","Aves","Passeriformes","Passerellidae","Zonotrichia","Zonotrichia albicollis"
156,48.4883,"06:00:00","06:03:00","2019-06-02","06:00:03","présence","Dendroica coronata","species","Yellow-rumped warbler","Paruline à croupion jaune","Animalia","Chordata","Aves","Passeriformes","Parulidae","Dendroica","Dendroica coronata"
