"site_id","lat","time_start","time_finish","date_obs","time_obs","variable","valid_scientific_name","rank","vernacular_en","vernacular_fr","kingdom","phylum","class","order","family","genus","species"
12,46.8684,"04:00:00","04:15:00","08/06/2017","04:00:06","présence","Parulidae","family","New world warblers","Passereaux","Animalia","Chordata","Aves","Passeriformes","Parulidae","NULL","NULL"
12,46.8684,"04:00:00","04:15:00","08/06/2017","04:00:29","présence","Empidonax alnorum","species","Alder flycatcher","Moucherolle des aulnes","Animalia","Chordata","Aves","Passeriformes","Tyrannidae","Empidonax","Empidonax alnorum"
12,46.8684,"04:00:00","04:15:00","08/06/2017","04:00:00","présence","Botaurus lentiginosus","species","American bittern","Butor d'amérique","Animalia","Chordata","Aves","Pelecaniformes","Ardeidae","Botaurus","Botaurus lentiginosus"
12,46.8684,"04:00:00","04:15:00","08/06/2017","04:12:43","présence","Dendroica fusca","species","Blackburnian warbler","Paruline à gorge orangée","Animalia","Chordata","Aves","Passeriformes","Parulidae","Dendroica","Dendroica fusca"
12,46.8684,"04:00:00","04:15:00","08/06/2017","04:11:50","présence","Dendroica fusca","species","Blackburnian warbler","Paruline à gorge orangée","Animalia","Chordata","Aves","Passeriformes","Parulidae","Dendroica","Dendroica fusca"
12,46.8684,"04:00:00","04:15:00","08/06/2017","04:09:45","présence","Geothlypis trichas","species","Common yellowthroat","Paruline masquée","Animalia","Chordata","Aves","Passeriformes","Parulidae","Geothlypis","Geothlypis trichas"
12,46.8684,"04:00:00","04:15:00","08/06/2017","04:09:33","présence","Regulus satrapa","species","Golden-crowned kinglet","Roitelet à couronne dorée","Animalia","Chordata","Aves","Passeriformes","Regulidae","Regulus","Regulus satrapa"
12,46.8684,"04:00:00","04:15:00","08/06/2017","04:02:12","présence","Catharus guttatus","species","Hermit thrush","Grive solitaire","Animalia","Chordata","Aves","Passeriformes","Turdidae","Catharus","Catharus guttatus"
12,46.8684,"04:00:00","04:15:00","08/06/2017","04:00:21","présence","Catharus guttatus","species","Hermit thrush","Grive solitaire","Animalia","Chordata","Aves","Passeriformes","Turdidae","Catharus","Catharus guttatus"
12,46.8684,"04:00:00","04:15:00","08/06/2017","04:14:02","présence","Dendroica magnolia","species","Magnolia warbler","Paruline à tête cendrée","Animalia","Chordata","Aves","Passeriformes","Parulidae","Dendroica","Dendroica magnolia"
12,46.8684,"04:00:00","04:15:00","08/06/2017","04:08:38","présence","Dendroica magnolia","species","Magnolia warbler","Paruline à tête cendrée","Animalia","Chordata","Aves","Passeriformes","Parulidae","Dendroica","Dendroica magnolia"
12,46.8684,"04:00:00","04:15:00","08/06/2017","04:07:00","présence","Seiurus aurocapilla","species","Ovenbird","Paruline couronnée","Animalia","Chordata","Aves","Passeriformes","Parulidae","Seiurus","Seiurus aurocapilla"
12,46.8684,"04:00:00","04:15:00","08/06/2017","04:00:23","présence","Melospiza georgiana","species","Swamp sparrow","Bruant des marais","Animalia","Chordata","Aves","Passeriformes","Passerellidae","Melospiza","Melospiza georgiana"
12,46.8684,"04:00:00","04:15:00","08/06/2017","04:01:29","présence","Troglodytes hiemalis","species","Animals","Troglodyte des forêts","Animalia","Chordata","Aves","Passeriformes","Troglodytidae","Troglodytes","Troglodytes hiemalis"
12,46.8684,"04:00:00","04:15:00","08/06/2017","04:00:03","présence","Zonotrichia albicollis","species","White-throated sparrow","Bruant à gorge blanche","Animalia","Chordata","Aves","Passeriformes","Passerellidae","Zonotrichia","Zonotrichia albicollis"
12,46.8684,"05:00:00","05:15:00","08/06/2017","05:00:03","présence","Empidonax alnorum","species","Alder flycatcher","Moucherolle des aulnes","Animalia","Chordata","Aves","Passeriformes","Tyrannidae","Empidonax","Empidonax alnorum"
12,46.8684,"05:00:00","05:15:00","08/06/2017","05:00:09","présence","Parus atricapilla","species","Black-capped chickadee","Mésange à tête noire","Animalia","Chordata","Aves","Passeriformes","Paridae","Parus","Parus atricapilla"
12,46.8684,"05:00:00","05:15:00","08/06/2017","05:00:42","présence","Dendroica virens","species","Black-throated green warbler","Paruline à gorge noire","Animalia","Chordata","Aves","Passeriformes","Parulidae","Dendroica","Dendroica virens"
12,46.8684,"05:00:00","05:15:00","08/06/2017","05:02:34","présence","Corvus corax","species","Common raven","Grand corbeau","Animalia","Chordata","Aves","Passeriformes","Corvidae","Corvus","Corvus corax"
12,46.8684,"05:00:00","05:15:00","08/06/2017","05:00:10","présence","Corvus corax","species","Common raven","Grand corbeau","Animalia","Chordata","Aves","Passeriformes","Corvidae","Corvus","Corvus corax"
12,46.8684,"05:00:00","05:15:00","08/06/2017","05:00:06","présence","Geothlypis trichas","species","Common yellowthroat","Paruline masquée","Animalia","Chordata","Aves","Passeriformes","Parulidae","Geothlypis","Geothlypis trichas"
12,46.8684,"05:00:00","05:15:00","08/06/2017","05:03:54","présence","Regulus satrapa","species","Golden-crowned kinglet","Roitelet à couronne dorée","Animalia","Chordata","Aves","Passeriformes","Regulidae","Regulus","Regulus satrapa"
12,46.8684,"05:00:00","05:15:00","08/06/2017","05:07:11","présence","Dendroica magnolia","species","Magnolia warbler","Paruline à tête cendrée","Animalia","Chordata","Aves","Passeriformes","Parulidae","Dendroica","Dendroica magnolia"
12,46.8684,"05:00:00","05:15:00","08/06/2017","05:06:59","présence","Dendroica magnolia","species","Magnolia warbler","Paruline à tête cendrée","Animalia","Chordata","Aves","Passeriformes","Parulidae","Dendroica","Dendroica magnolia"
12,46.8684,"05:00:00","05:15:00","08/06/2017","05:00:54","présence","Seiurus aurocapilla","species","Ovenbird","Paruline couronnée","Animalia","Chordata","Aves","Passeriformes","Parulidae","Seiurus","Seiurus aurocapilla"
12,46.8684,"05:00:00","05:15:00","08/06/2017","05:00:04","présence","Sitta canadensis","species","Red-breasted nuthatch","Sittelle à poitrine rousse","Animalia","Chordata","Aves","Passeriformes","Sittidae","Sitta","Sitta canadensis"
12,46.8684,"05:00:00","05:15:00","08/06/2017","05:10:20","présence","Bonasa umbellus","species","Ruffed grouse","Gélinotte huppée","Animalia","Chordata","Aves","Galliformes","Phasianidae","Bonasa","Bonasa umbellus"
12,46.8684,"05:00:00","05:15:00","08/06/2017","05:08:00","présence","Bonasa umbellus","species","Ruffed grouse","Gélinotte huppée","Animalia","Chordata","Aves","Galliformes","Phasianidae","Bonasa","Bonasa umbellus"
12,46.8684,"05:00:00","05:15:00","08/06/2017","05:00:05","présence","Agelaius phoeniceus","species","Red-winged blackbird","Carouge à épaulettes","Animalia","Chordata","Aves","Passeriformes","Icteridae","Agelaius","Agelaius phoeniceus"
12,46.8684,"05:00:00","05:15:00","08/06/2017","05:06:14","présence","Melospiza melodia","species","Song sparrow","Bruant chanteur","Animalia","Chordata","Aves","Passeriformes","Passerellidae","Melospiza","Melospiza melodia"
12,46.8684,"05:00:00","05:15:00","08/06/2017","05:04:12","présence","Actitis macularia","species","Spotted sandpiper","Chevalier grivelé","Animalia","Chordata","Aves","Charadriiformes","Scolopacidae","Actitis","Actitis macularia"
12,46.8684,"05:00:00","05:15:00","08/06/2017","05:00:30","présence","Melospiza georgiana","species","Swamp sparrow","Bruant des marais","Animalia","Chordata","Aves","Passeriformes","Passerellidae","Melospiza","Melospiza georgiana"
12,46.8684,"05:00:00","05:15:00","08/06/2017","05:00:11","présence","Tachycineta bicolor","species","Tree swallow","Hirondelle bicolore","Animalia","Chordata","Aves","Passeriformes","Hirundinidae","Tachycineta","Tachycineta bicolor"
12,46.8684,"05:00:00","05:15:00","08/06/2017","05:00:34","présence","Troglodytes hiemalis","species","Animals","Troglodyte des forêts","Animalia","Chordata","Aves","Passeriformes","Troglodytidae","Troglodytes","Troglodytes hiemalis"
12,46.8684,"05:00:00","05:15:00","08/06/2017","05:00:21","présence","Zonotrichia albicollis","species","White-throated sparrow","Bruant à gorge blanche","Animalia","Chordata","Aves","Passeriformes","Passerellidae","Zonotrichia","Zonotrichia albicollis"
12,46.8684,"05:00:00","05:15:00","08/06/2017","05:00:15","présence","Vireo","genus","NULL","NULL","Animalia","Chordata","Aves","Passeriformes","Vireonidae","Vireo","NULL"
12,46.8684,"08:00:00","08:03:00","08/06/2017","08:00:09","présence","Empidonax alnorum","species","Alder flycatcher","Moucherolle des aulnes","Animalia","Chordata","Aves","Passeriformes","Tyrannidae","Empidonax","Empidonax alnorum"
12,46.8684,"08:00:00","08:03:00","08/06/2017","08:02:36","présence","Empidonax alnorum","species","Alder flycatcher","Moucherolle des aulnes","Animalia","Chordata","Aves","Passeriformes","Tyrannidae","Empidonax","Empidonax alnorum"
12,46.8684,"08:00:00","08:03:00","08/06/2017","08:02:25","présence","Dendroica fusca","species","Blackburnian warbler","Paruline à gorge orangée","Animalia","Chordata","Aves","Passeriformes","Parulidae","Dendroica","Dendroica fusca"
12,46.8684,"08:00:00","08:03:00","08/06/2017","08:00:06","présence","Dendroica virens","species","Black-throated green warbler","Paruline à gorge noire","Animalia","Chordata","Aves","Passeriformes","Parulidae","Dendroica","Dendroica virens"
12,46.8684,"08:00:00","08:03:00","08/06/2017","08:01:24","présence","Geothlypis trichas","species","Common yellowthroat","Paruline masquée","Animalia","Chordata","Aves","Passeriformes","Parulidae","Geothlypis","Geothlypis trichas"
12,46.8684,"08:00:00","08:03:00","08/06/2017","08:00:10","présence","Parula americana","species","Northern parula","Paruline à collier","Animalia","Chordata","Aves","Passeriformes","Parulidae","Parula","Parula americana"
12,46.8684,"08:00:00","08:03:00","08/06/2017","08:02:05","présence","Parula americana","species","Northern parula","Paruline à collier","Animalia","Chordata","Aves","Passeriformes","Parulidae","Parula","Parula americana"
12,46.8684,"08:00:00","08:03:00","08/06/2017","08:01:09","présence","Seiurus aurocapilla","species","Ovenbird","Paruline couronnée","Animalia","Chordata","Aves","Passeriformes","Parulidae","Seiurus","Seiurus aurocapilla"
12,46.8684,"08:00:00","08:03:00","08/06/2017","08:01:46","présence","Seiurus aurocapilla","species","Ovenbird","Paruline couronnée","Animalia","Chordata","Aves","Passeriformes","Parulidae","Seiurus","Seiurus aurocapilla"
12,46.8684,"08:00:00","08:03:00","08/06/2017","08:01:24","présence","Sitta canadensis","species","Red-breasted nuthatch","Sittelle à poitrine rousse","Animalia","Chordata","Aves","Passeriformes","Sittidae","Sitta","Sitta canadensis"
12,46.8684,"08:00:00","08:03:00","08/06/2017","08:00:02","présence","Agelaius phoeniceus","species","Red-winged blackbird","Carouge à épaulettes","Animalia","Chordata","Aves","Passeriformes","Icteridae","Agelaius","Agelaius phoeniceus"
12,46.8684,"08:00:00","08:03:00","08/06/2017","08:00:19","présence","Agelaius phoeniceus","species","Red-winged blackbird","Carouge à épaulettes","Animalia","Chordata","Aves","Passeriformes","Icteridae","Agelaius","Agelaius phoeniceus"
12,46.8684,"08:00:00","08:03:00","08/06/2017","08:00:01","présence","Actitis macularia","species","Spotted sandpiper","Chevalier grivelé","Animalia","Chordata","Aves","Charadriiformes","Scolopacidae","Actitis","Actitis macularia"
12,46.8684,"08:00:00","08:03:00","08/06/2017","08:01:34","présence","Melospiza georgiana","species","Swamp sparrow","Bruant des marais","Animalia","Chordata","Aves","Passeriformes","Passerellidae","Melospiza","Melospiza georgiana"
12,46.8684,"08:00:00","08:03:00","08/06/2017","08:00:16","présence","Zonotrichia albicollis","species","White-throated sparrow","Bruant à gorge blanche","Animalia","Chordata","Aves","Passeriformes","Passerellidae","Zonotrichia","Zonotrichia albicollis"
12,46.8684,"08:00:00","08:03:00","08/06/2017","08:00:15","présence","Zonotrichia albicollis","species","White-throated sparrow","Bruant à gorge blanche","Animalia","Chordata","Aves","Passeriformes","Passerellidae","Zonotrichia","Zonotrichia albicollis"
12,46.8684,"08:00:00","08:03:00","08/06/2017","08:00:09","présence","Dendroica coronata","species","Yellow-rumped warbler","Paruline à croupion jaune","Animalia","Chordata","Aves","Passeriformes","Parulidae","Dendroica","Dendroica coronata"
12,46.8684,"19:00:00","19:15:00","08/06/2017","19:03:58","présence","Botaurus lentiginosus","species","American bittern","Butor d'amérique","Animalia","Chordata","Aves","Pelecaniformes","Ardeidae","Botaurus","Botaurus lentiginosus"
12,46.8684,"19:00:00","19:15:00","08/06/2017","19:00:50","présence","Botaurus lentiginosus","species","American bittern","Butor d'amérique","Animalia","Chordata","Aves","Pelecaniformes","Ardeidae","Botaurus","Botaurus lentiginosus"
12,46.8684,"19:00:00","19:15:00","08/06/2017","19:14:00","présence","Carduelis tristis","species","American goldfinch","Chardonneret jaune","Animalia","Chordata","Aves","Passeriformes","Fringillidae","Carduelis","Carduelis tristis"
12,46.8684,"19:00:00","19:15:00","08/06/2017","19:04:11","présence","Geothlypis trichas","species","Common yellowthroat","Paruline masquée","Animalia","Chordata","Aves","Passeriformes","Parulidae","Geothlypis","Geothlypis trichas"
12,46.8684,"19:00:00","19:15:00","08/06/2017","19:03:31","présence","Dendroica magnolia","species","Magnolia warbler","Paruline à tête cendrée","Animalia","Chordata","Aves","Passeriformes","Parulidae","Dendroica","Dendroica magnolia"
12,46.8684,"19:00:00","19:15:00","08/06/2017","19:02:36","présence","Seiurus aurocapilla","species","Ovenbird","Paruline couronnée","Animalia","Chordata","Aves","Passeriformes","Parulidae","Seiurus","Seiurus aurocapilla"
12,46.8684,"19:00:00","19:15:00","08/06/2017","19:00:09","présence","Seiurus aurocapilla","species","Ovenbird","Paruline couronnée","Animalia","Chordata","Aves","Passeriformes","Parulidae","Seiurus","Seiurus aurocapilla"
12,46.8684,"19:00:00","19:15:00","08/06/2017","19:02:52","présence","Sitta canadensis","species","Red-breasted nuthatch","Sittelle à poitrine rousse","Animalia","Chordata","Aves","Passeriformes","Sittidae","Sitta","Sitta canadensis"
12,46.8684,"19:00:00","19:15:00","08/06/2017","19:00:00","présence","Agelaius phoeniceus","species","Red-winged blackbird","Carouge à épaulettes","Animalia","Chordata","Aves","Passeriformes","Icteridae","Agelaius","Agelaius phoeniceus"
12,46.8684,"19:00:00","19:15:00","08/06/2017","19:01:49","présence","Melospiza melodia","species","Song sparrow","Bruant chanteur","Animalia","Chordata","Aves","Passeriformes","Passerellidae","Melospiza","Melospiza melodia"
12,46.8684,"19:00:00","19:15:00","08/06/2017","19:00:46","présence","Actitis macularia","species","Spotted sandpiper","Chevalier grivelé","Animalia","Chordata","Aves","Charadriiformes","Scolopacidae","Actitis","Actitis macularia"
12,46.8684,"19:00:00","19:15:00","08/06/2017","19:05:13","présence","Melospiza georgiana","species","Swamp sparrow","Bruant des marais","Animalia","Chordata","Aves","Passeriformes","Passerellidae","Melospiza","Melospiza georgiana"
12,46.8684,"19:00:00","19:15:00","08/06/2017","19:05:55","présence","Zonotrichia albicollis","species","White-throated sparrow","Bruant à gorge blanche","Animalia","Chordata","Aves","Passeriformes","Passerellidae","Zonotrichia","Zonotrichia albicollis"
12,46.8684,"19:00:00","19:15:00","08/06/2017","19:11:31","présence","Vireo","genus","NULL","NULL","Animalia","Chordata","Aves","Passeriformes","Vireonidae","Vireo","NULL"
