"site_id","lat","time_start","time_finish","date_obs","time_obs","variable","valid_scientific_name","rank","vernacular_en","vernacular_fr","kingdom","phylum","class","order","family","genus","species"
100,49.83417,"08:00:00","08:03:00","2018-05-23","08:00:01","présence","Anthus rubescens","species","American pipit","Pipit d'amérique","Animalia","Chordata","Aves","Passeriformes","Motacillidae","Anthus","Anthus rubescens"
100,49.83417,"08:00:00","08:03:00","2018-05-23","08:00:50","présence","Gavia immer","species","Common loon","Plongeon huard","Animalia","Chordata","Aves","Gaviiformes","Gaviidae","Gavia","Gavia immer"
100,49.83417,"08:00:00","08:03:00","2018-05-23","08:02:18","présence","Junco hyemalis","species","Dark-eyed junco","Junco ardoisé","Animalia","Chordata","Aves","Passeriformes","Passerellidae","Junco","Junco hyemalis"
100,49.83417,"08:00:00","08:03:00","2018-05-23","08:00:33","présence","Regulus satrapa","species","Golden-crowned kinglet","Roitelet à couronne dorée","Animalia","Chordata","Aves","Passeriformes","Regulidae","Regulus","Regulus satrapa"
100,49.83417,"08:00:00","08:03:00","2018-05-23","08:00:12","présence","Catharus guttatus","species","Hermit thrush","Grive solitaire","Animalia","Chordata","Aves","Passeriformes","Turdidae","Catharus","Catharus guttatus"
100,49.83417,"08:00:00","08:03:00","2018-05-23","08:02:54","présence","Calidris minutilla","species","Least sandpiper","Bécasseau minuscule","Animalia","Chordata","Aves","Charadriiformes","Scolopacidae","Calidris","Calidris minutilla"
100,49.83417,"08:00:00","08:03:00","2018-05-23","08:00:20","présence","Regulus calendula","species","Ruby-crowned kinglet","Roitelet à couronne rubis","Animalia","Chordata","Aves","Passeriformes","Regulidae","Regulus","Regulus calendula"
100,49.83417,"08:00:00","08:03:00","2018-05-23","08:01:57","présence","Troglodytes hiemalis","species","Animals","Troglodyte des forêts","Animalia","Chordata","Aves","Passeriformes","Troglodytidae","Troglodytes","Troglodytes hiemalis"
100,49.83417,"08:00:00","08:03:00","2018-05-23","08:00:18","présence","Dendroica coronata","species","Yellow-rumped warbler","Paruline à croupion jaune","Animalia","Chordata","Aves","Passeriformes","Parulidae","Dendroica","Dendroica coronata"
