"site_id","lat","time_start","time_finish","date_obs","time_obs","variable","valid_scientific_name","rank","vernacular_en","vernacular_fr","kingdom","phylum","class","order","family","genus","species"
15,46.3908,"19:00:00","19:15:00","15/05/2017","19:00:38","présence","Botaurus lentiginosus","species","American bittern","Butor d'amérique","Animalia","Chordata","Aves","Pelecaniformes","Ardeidae","Botaurus","Botaurus lentiginosus"
15,46.3908,"19:00:00","19:15:00","15/05/2017","NULL","présence","Catharus guttatus","species","Hermit thrush","Grive solitaire","Animalia","Chordata","Aves","Passeriformes","Turdidae","Catharus","Catharus guttatus"
15,46.3908,"19:00:00","19:15:00","15/05/2017","19:00:13","présence","Agelaius phoeniceus","species","Red-winged blackbird","Carouge à épaulettes","Animalia","Chordata","Aves","Passeriformes","Icteridae","Agelaius","Agelaius phoeniceus"
15,46.3908,"19:00:00","19:15:00","15/05/2017","NULL","présence","Melospiza georgiana","species","Swamp sparrow","Bruant des marais","Animalia","Chordata","Aves","Passeriformes","Passerellidae","Melospiza","Melospiza georgiana"
15,46.3908,"21:00:00","21:15:00","15/05/2017","21:08:48","présence","Gallinago delicata","species","Wilson's snipe","Bécassine de wilson","Animalia","Chordata","Aves","Charadriiformes","Scolopacidae","Gallinago","Gallinago delicata"
15,46.3908,"21:00:00","21:15:00","15/05/2017","21:04:01","présence","Gallinago delicata","species","Wilson's snipe","Bécassine de wilson","Animalia","Chordata","Aves","Charadriiformes","Scolopacidae","Gallinago","Gallinago delicata"
15,46.3908,"21:00:00","21:15:00","15/05/2017","NULL","présence","Gallinago delicata","species","Wilson's snipe","Bécassine de wilson","Animalia","Chordata","Aves","Charadriiformes","Scolopacidae","Gallinago","Gallinago delicata"
15,46.3908,"21:00:00","21:15:00","15/05/2017","21:13:04","présence","Zonotrichia albicollis","species","White-throated sparrow","Bruant à gorge blanche","Animalia","Chordata","Aves","Passeriformes","Passerellidae","Zonotrichia","Zonotrichia albicollis"
