"site_id","lat","time_start","time_finish","date_obs","time_obs","variable","valid_scientific_name","rank","vernacular_en","vernacular_fr","kingdom","phylum","class","order","family","genus","species"
101,49.843,"07:00:00","07:03:00","2018-06-02","07:00:28","présence","Setophaga ruticilla","species","American redstart","Paruline flamboyante","Animalia","Chordata","Aves","Passeriformes","Parulidae","Setophaga","Setophaga ruticilla"
101,49.843,"07:00:00","07:03:00","2018-06-02","07:00:00","présence","Geothlypis trichas","species","Common yellowthroat","Paruline masquée","Animalia","Chordata","Aves","Passeriformes","Parulidae","Geothlypis","Geothlypis trichas"
101,49.843,"07:00:00","07:03:00","2018-06-02","07:02:58","présence","Dryobates pubescens","species","Downy woodpecker","Pic mineur","Animalia","Chordata","Aves","Piciformes","Picidae","Dryobates","Dryobates pubescens"
101,49.843,"07:00:00","07:03:00","2018-06-02","07:02:14","présence","Melospiza lincolnii","species","Lincoln's sparrow","Bruant de lincoln","Animalia","Chordata","Aves","Passeriformes","Passerellidae","Melospiza","Melospiza lincolnii"
101,49.843,"07:00:00","07:03:00","2018-06-02","07:00:04","présence","Regulus calendula","species","Ruby-crowned kinglet","Roitelet à couronne rubis","Animalia","Chordata","Aves","Passeriformes","Regulidae","Regulus","Regulus calendula"
101,49.843,"07:00:00","07:03:00","2018-06-02","07:00:29","présence","Melospiza georgiana","species","Swamp sparrow","Bruant des marais","Animalia","Chordata","Aves","Passeriformes","Passerellidae","Melospiza","Melospiza georgiana"
