"site_id","lat","time_start","time_finish","date_obs","time_obs","variable","valid_scientific_name","rank","vernacular_en","vernacular_fr","kingdom","phylum","class","order","family","genus","species"
16,46.8707,"05:00:00","05:03:00","01/06/2017","05:02:23","présence","Anatidae","family","Ducks","Canards","Animalia","Chordata","Aves","Anseriformes","Anatidae","NULL","NULL"
16,46.8707,"05:00:00","05:03:00","01/06/2017","05:00:01","présence","Vireo solitarius","species","Blue-headed vireo","Viréo à tête bleue","Animalia","Chordata","Aves","Passeriformes","Vireonidae","Vireo","Vireo solitarius"
16,46.8707,"05:00:00","05:03:00","01/06/2017","05:01:10","présence","Vireo solitarius","species","Blue-headed vireo","Viréo à tête bleue","Animalia","Chordata","Aves","Passeriformes","Vireonidae","Vireo","Vireo solitarius"
16,46.8707,"05:00:00","05:03:00","01/06/2017","05:01:55","présence","Dendroica caerulescens","species","Black-throated blue warbler","Paruline","Animalia","Chordata","Aves","Passeriformes","Parulidae","Dendroica","Dendroica caerulescens"
16,46.8707,"05:00:00","05:03:00","01/06/2017","05:00:05","présence","Dendroica virens","species","Black-throated green warbler","Paruline à gorge noire","Animalia","Chordata","Aves","Passeriformes","Parulidae","Dendroica","Dendroica virens"
16,46.8707,"05:00:00","05:03:00","01/06/2017","05:01:45","présence","Corvus corax","species","Common raven","Grand corbeau","Animalia","Chordata","Aves","Passeriformes","Corvidae","Corvus","Corvus corax"
16,46.8707,"05:00:00","05:03:00","01/06/2017","05:00:17","présence","Geothlypis trichas","species","Common yellowthroat","Paruline masquée","Animalia","Chordata","Aves","Passeriformes","Parulidae","Geothlypis","Geothlypis trichas"
16,46.8707,"05:00:00","05:03:00","01/06/2017","05:00:35","présence","Geothlypis trichas","species","Common yellowthroat","Paruline masquée","Animalia","Chordata","Aves","Passeriformes","Parulidae","Geothlypis","Geothlypis trichas"
16,46.8707,"05:00:00","05:03:00","01/06/2017","05:00:06","présence","Regulus satrapa","species","Golden-crowned kinglet","Roitelet à couronne dorée","Animalia","Chordata","Aves","Passeriformes","Regulidae","Regulus","Regulus satrapa"
16,46.8707,"05:00:00","05:03:00","01/06/2017","05:00:01","présence","Catharus guttatus","species","Hermit thrush","Grive solitaire","Animalia","Chordata","Aves","Passeriformes","Turdidae","Catharus","Catharus guttatus"
16,46.8707,"05:00:00","05:03:00","01/06/2017","05:00:27","présence","Parula americana","species","Northern parula","Paruline à collier","Animalia","Chordata","Aves","Passeriformes","Parulidae","Parula","Parula americana"
16,46.8707,"05:00:00","05:03:00","01/06/2017","05:00:00","présence","Parkesia noveboracensis","species","Northern waterthrush","Paruline des ruisseaux","Animalia","Chordata","Aves","Passeriformes","Parulidae","Parkesia","Parkesia noveboracensis"
16,46.8707,"05:00:00","05:03:00","01/06/2017","05:00:45","présence","Seiurus aurocapilla","species","Ovenbird","Paruline couronnée","Animalia","Chordata","Aves","Passeriformes","Parulidae","Seiurus","Seiurus aurocapilla"
16,46.8707,"05:00:00","05:03:00","01/06/2017","05:01:45","présence","Seiurus aurocapilla","species","Ovenbird","Paruline couronnée","Animalia","Chordata","Aves","Passeriformes","Parulidae","Seiurus","Seiurus aurocapilla"
16,46.8707,"05:00:00","05:03:00","01/06/2017","05:00:23","présence","Seiurus aurocapilla","species","Ovenbird","Paruline couronnée","Animalia","Chordata","Aves","Passeriformes","Parulidae","Seiurus","Seiurus aurocapilla"
16,46.8707,"05:00:00","05:03:00","01/06/2017","05:00:01","présence","Melospiza georgiana","species","Swamp sparrow","Bruant des marais","Animalia","Chordata","Aves","Passeriformes","Passerellidae","Melospiza","Melospiza georgiana"
16,46.8707,"05:00:00","05:03:00","01/06/2017","05:02:01","présence","Melospiza georgiana","species","Swamp sparrow","Bruant des marais","Animalia","Chordata","Aves","Passeriformes","Passerellidae","Melospiza","Melospiza georgiana"
16,46.8707,"05:00:00","05:03:00","01/06/2017","05:00:02","présence","Catharus ustulatus","species","Swainson's thrush","Grive à dos olive","Animalia","Chordata","Aves","Passeriformes","Turdidae","Catharus","Catharus ustulatus"
16,46.8707,"05:00:00","05:03:00","01/06/2017","05:01:14","présence","Troglodytes hiemalis","species","Animals","Troglodyte des forêts","Animalia","Chordata","Aves","Passeriformes","Troglodytidae","Troglodytes","Troglodytes hiemalis"
16,46.8707,"05:00:00","05:03:00","01/06/2017","05:00:08","présence","Zonotrichia albicollis","species","White-throated sparrow","Bruant à gorge blanche","Animalia","Chordata","Aves","Passeriformes","Passerellidae","Zonotrichia","Zonotrichia albicollis"
16,46.8707,"05:00:00","05:03:00","01/06/2017","05:00:09","présence","Zonotrichia albicollis","species","White-throated sparrow","Bruant à gorge blanche","Animalia","Chordata","Aves","Passeriformes","Passerellidae","Zonotrichia","Zonotrichia albicollis"
16,46.8707,"05:00:00","05:03:00","01/06/2017","05:00:05","présence","Zonotrichia albicollis","species","White-throated sparrow","Bruant à gorge blanche","Animalia","Chordata","Aves","Passeriformes","Passerellidae","Zonotrichia","Zonotrichia albicollis"
16,46.8707,"12:00:00","12:15:00","01/06/2017","12:09:06","présence","Riparia riparia","species","River scalewort","Hirondelle de rivage","Animalia","Chordata","Aves","Passeriformes","Hirundinidae","Riparia","Riparia riparia"
16,46.8707,"12:00:00","12:15:00","01/06/2017","12:04:06","présence","Vireo solitarius","species","Blue-headed vireo","Viréo à tête bleue","Animalia","Chordata","Aves","Passeriformes","Vireonidae","Vireo","Vireo solitarius"
16,46.8707,"12:00:00","12:15:00","01/06/2017","12:00:32","présence","Vireo solitarius","species","Blue-headed vireo","Viréo à tête bleue","Animalia","Chordata","Aves","Passeriformes","Vireonidae","Vireo","Vireo solitarius"
16,46.8707,"12:00:00","12:15:00","01/06/2017","12:04:25","présence","Dendroica fusca","species","Blackburnian warbler","Paruline à gorge orangée","Animalia","Chordata","Aves","Passeriformes","Parulidae","Dendroica","Dendroica fusca"
16,46.8707,"12:00:00","12:15:00","01/06/2017","12:03:25","présence","Dendroica fusca","species","Blackburnian warbler","Paruline à gorge orangée","Animalia","Chordata","Aves","Passeriformes","Parulidae","Dendroica","Dendroica fusca"
16,46.8707,"12:00:00","12:15:00","01/06/2017","12:03:50","présence","Dendroica caerulescens","species","Black-throated blue warbler","Paruline","Animalia","Chordata","Aves","Passeriformes","Parulidae","Dendroica","Dendroica caerulescens"
16,46.8707,"12:00:00","12:15:00","01/06/2017","12:00:17","présence","Dendroica virens","species","Black-throated green warbler","Paruline à gorge noire","Animalia","Chordata","Aves","Passeriformes","Parulidae","Dendroica","Dendroica virens"
16,46.8707,"12:00:00","12:15:00","01/06/2017","12:07:06","présence","Junco hyemalis","species","Dark-eyed junco","Junco ardoisé","Animalia","Chordata","Aves","Passeriformes","Passerellidae","Junco","Junco hyemalis"
16,46.8707,"12:00:00","12:15:00","01/06/2017","12:02:08","présence","Regulus satrapa","species","Golden-crowned kinglet","Roitelet à couronne dorée","Animalia","Chordata","Aves","Passeriformes","Regulidae","Regulus","Regulus satrapa"
16,46.8707,"12:00:00","12:15:00","01/06/2017","12:01:36","présence","Regulus satrapa","species","Golden-crowned kinglet","Roitelet à couronne dorée","Animalia","Chordata","Aves","Passeriformes","Regulidae","Regulus","Regulus satrapa"
16,46.8707,"12:00:00","12:15:00","01/06/2017","12:06:31","présence","Parula americana","species","Northern parula","Paruline à collier","Animalia","Chordata","Aves","Passeriformes","Parulidae","Parula","Parula americana"
16,46.8707,"12:00:00","12:15:00","01/06/2017","12:05:19","présence","Parula americana","species","Northern parula","Paruline à collier","Animalia","Chordata","Aves","Passeriformes","Parulidae","Parula","Parula americana"
16,46.8707,"12:00:00","12:15:00","01/06/2017","12:08:50","présence","Parkesia noveboracensis","species","Northern waterthrush","Paruline des ruisseaux","Animalia","Chordata","Aves","Passeriformes","Parulidae","Parkesia","Parkesia noveboracensis"
16,46.8707,"12:00:00","12:15:00","01/06/2017","12:04:17","présence","Parkesia noveboracensis","species","Northern waterthrush","Paruline des ruisseaux","Animalia","Chordata","Aves","Passeriformes","Parulidae","Parkesia","Parkesia noveboracensis"
16,46.8707,"12:00:00","12:15:00","01/06/2017","12:00:14","présence","Seiurus aurocapilla","species","Ovenbird","Paruline couronnée","Animalia","Chordata","Aves","Passeriformes","Parulidae","Seiurus","Seiurus aurocapilla"
16,46.8707,"12:00:00","12:15:00","01/06/2017","12:05:28","présence","Sitta canadensis","species","Red-breasted nuthatch","Sittelle à poitrine rousse","Animalia","Chordata","Aves","Passeriformes","Sittidae","Sitta","Sitta canadensis"
16,46.8707,"12:00:00","12:15:00","01/06/2017","12:13:31","présence","Melospiza georgiana","species","Swamp sparrow","Bruant des marais","Animalia","Chordata","Aves","Passeriformes","Passerellidae","Melospiza","Melospiza georgiana"
16,46.8707,"12:00:00","12:15:00","01/06/2017","12:00:51","présence","Zonotrichia albicollis","species","White-throated sparrow","Bruant à gorge blanche","Animalia","Chordata","Aves","Passeriformes","Passerellidae","Zonotrichia","Zonotrichia albicollis"
16,46.8707,"12:00:00","12:15:00","01/06/2017","12:01:08","présence","Dendroica coronata","species","Yellow-rumped warbler","Paruline à croupion jaune","Animalia","Chordata","Aves","Passeriformes","Parulidae","Dendroica","Dendroica coronata"
16,46.8707,"19:00:00","19:15:00","01/06/2017","19:11:17","présence","Passeriformes","order","Perching birds","Passereaux","Animalia","Chordata","Aves","Passeriformes","NULL","NULL","NULL"
16,46.8707,"19:00:00","19:15:00","01/06/2017","19:14:41","présence","Vireo solitarius","species","Blue-headed vireo","Viréo à tête bleue","Animalia","Chordata","Aves","Passeriformes","Vireonidae","Vireo","Vireo solitarius"
16,46.8707,"19:00:00","19:15:00","01/06/2017","19:06:07","présence","Dendroica fusca","species","Blackburnian warbler","Paruline à gorge orangée","Animalia","Chordata","Aves","Passeriformes","Parulidae","Dendroica","Dendroica fusca"
16,46.8707,"19:00:00","19:15:00","01/06/2017","19:03:54","présence","Dendroica fusca","species","Blackburnian warbler","Paruline à gorge orangée","Animalia","Chordata","Aves","Passeriformes","Parulidae","Dendroica","Dendroica fusca"
16,46.8707,"19:00:00","19:15:00","01/06/2017","19:13:24","présence","Cyanocitta cristata","species","Blue jay","Geai bleu","Animalia","Chordata","Aves","Passeriformes","Corvidae","Cyanocitta","Cyanocitta cristata"
16,46.8707,"19:00:00","19:15:00","01/06/2017","19:05:15","présence","Dendroica virens","species","Black-throated green warbler","Paruline à gorge noire","Animalia","Chordata","Aves","Passeriformes","Parulidae","Dendroica","Dendroica virens"
16,46.8707,"19:00:00","19:15:00","01/06/2017","19:14:03","présence","Regulus satrapa","species","Golden-crowned kinglet","Roitelet à couronne dorée","Animalia","Chordata","Aves","Passeriformes","Regulidae","Regulus","Regulus satrapa"
16,46.8707,"19:00:00","19:15:00","01/06/2017","19:01:59","présence","Regulus satrapa","species","Golden-crowned kinglet","Roitelet à couronne dorée","Animalia","Chordata","Aves","Passeriformes","Regulidae","Regulus","Regulus satrapa"
16,46.8707,"19:00:00","19:15:00","01/06/2017","19:06:05","présence","Seiurus aurocapilla","species","Ovenbird","Paruline couronnée","Animalia","Chordata","Aves","Passeriformes","Parulidae","Seiurus","Seiurus aurocapilla"
16,46.8707,"19:00:00","19:15:00","01/06/2017","19:12:56","présence","Zonotrichia albicollis","species","White-throated sparrow","Bruant à gorge blanche","Animalia","Chordata","Aves","Passeriformes","Passerellidae","Zonotrichia","Zonotrichia albicollis"
16,46.8707,"20:00:00","20:15:00","01/06/2017","20:02:15","présence","Passeriformes","order","Perching birds","Passereaux","Animalia","Chordata","Aves","Passeriformes","NULL","NULL","NULL"
16,46.8707,"20:00:00","20:15:00","01/06/2017","20:01:16","présence","Passeriformes","order","Perching birds","Passereaux","Animalia","Chordata","Aves","Passeriformes","NULL","NULL","NULL"
16,46.8707,"20:00:00","20:15:00","01/06/2017","20:00:19","présence","Dendroica virens","species","Black-throated green warbler","Paruline à gorge noire","Animalia","Chordata","Aves","Passeriformes","Parulidae","Dendroica","Dendroica virens"
16,46.8707,"20:00:00","20:15:00","01/06/2017","20:01:36","présence","Seiurus aurocapilla","species","Ovenbird","Paruline couronnée","Animalia","Chordata","Aves","Passeriformes","Parulidae","Seiurus","Seiurus aurocapilla"
16,46.8707,"20:00:00","20:15:00","01/06/2017","20:11:43","présence","Haemorhous purpureus","species","Purple finch","Roselin pourpré","Animalia","Chordata","Aves","Passeriformes","Fringillidae","Haemorhous","Haemorhous purpureus"
