"site_id","lat","time_start","time_finish","date_obs","time_obs","variable","valid_scientific_name","rank","vernacular_en","vernacular_fr","kingdom","phylum","class","order","family","genus","species"
16,46.8707,"07:00:00","07:15:00","18/08/2017","07:14:17","présence","Ceryle alcyon","species","Belted kingfisher","Martin-pêcheur d'amérique","Animalia","Chordata","Aves","Coraciiformes","Alcedinidae","Ceryle","Ceryle alcyon"
16,46.8707,"07:00:00","07:15:00","18/08/2017","07:13:36","présence","Ceryle alcyon","species","Belted kingfisher","Martin-pêcheur d'amérique","Animalia","Chordata","Aves","Coraciiformes","Alcedinidae","Ceryle","Ceryle alcyon"
16,46.8707,"07:00:00","07:15:00","18/08/2017","07:04:51","présence","Ceryle alcyon","species","Belted kingfisher","Martin-pêcheur d'amérique","Animalia","Chordata","Aves","Coraciiformes","Alcedinidae","Ceryle","Ceryle alcyon"
16,46.8707,"07:00:00","07:15:00","18/08/2017","07:01:25","présence","Ceryle alcyon","species","Belted kingfisher","Martin-pêcheur d'amérique","Animalia","Chordata","Aves","Coraciiformes","Alcedinidae","Ceryle","Ceryle alcyon"
16,46.8707,"07:00:00","07:15:00","18/08/2017","07:03:55","présence","Loxia leucoptera","species","Two-barred crossbill","Bec-croisé bifascié","Animalia","Chordata","Aves","Passeriformes","Fringillidae","Loxia","Loxia leucoptera"
16,46.8707,"07:00:00","07:15:00","18/08/2017","07:00:00","présence","Loxia leucoptera","species","Two-barred crossbill","Bec-croisé bifascié","Animalia","Chordata","Aves","Passeriformes","Fringillidae","Loxia","Loxia leucoptera"
