"site_id","lat","time_start","time_finish","date_obs","time_obs","variable","valid_scientific_name","rank","vernacular_en","vernacular_fr","kingdom","phylum","class","order","family","genus","species"
156,48.4883,"05:00:00","05:15:00","2019-06-22","05:12:04","présence","Turdus migratorius","species","American robin","Merle d'amérique","Animalia","Chordata","Aves","Passeriformes","Turdidae","Turdus","Turdus migratorius"
156,48.4883,"05:00:00","05:15:00","2019-06-22","05:14:29","présence","Dendroica castanea","species","Bay-breasted warbler","Paruline à poitrine baie","Animalia","Chordata","Aves","Passeriformes","Parulidae","Dendroica","Dendroica castanea"
156,48.4883,"05:00:00","05:15:00","2019-06-22","05:13:25","présence","Dendroica castanea","species","Bay-breasted warbler","Paruline à poitrine baie","Animalia","Chordata","Aves","Passeriformes","Parulidae","Dendroica","Dendroica castanea"
156,48.4883,"05:00:00","05:15:00","2019-06-22","05:06:14","présence","Dendroica castanea","species","Bay-breasted warbler","Paruline à poitrine baie","Animalia","Chordata","Aves","Passeriformes","Parulidae","Dendroica","Dendroica castanea"
156,48.4883,"05:00:00","05:15:00","2019-06-22","05:05:30","présence","Dendroica castanea","species","Bay-breasted warbler","Paruline à poitrine baie","Animalia","Chordata","Aves","Passeriformes","Parulidae","Dendroica","Dendroica castanea"
156,48.4883,"05:00:00","05:15:00","2019-06-22","05:00:01","présence","Vireo solitarius","species","Blue-headed vireo","Viréo à tête bleue","Animalia","Chordata","Aves","Passeriformes","Vireonidae","Vireo","Vireo solitarius"
156,48.4883,"05:00:00","05:15:00","2019-06-22","05:05:54","présence","Dendroica striata","species","Blackpoll warbler","Paruline rayée","Animalia","Chordata","Aves","Passeriformes","Parulidae","Dendroica","Dendroica striata"
156,48.4883,"05:00:00","05:15:00","2019-06-22","05:04:07","présence","Dendroica striata","species","Blackpoll warbler","Paruline rayée","Animalia","Chordata","Aves","Passeriformes","Parulidae","Dendroica","Dendroica striata"
156,48.4883,"05:00:00","05:15:00","2019-06-22","05:05:57","présence","Certhia americana","species","Brown creeper","Grimpereau brun","Animalia","Chordata","Aves","Passeriformes","Certhiidae","Certhia","Certhia americana"
156,48.4883,"05:00:00","05:15:00","2019-06-22","05:02:02","présence","Dendroica tigrina","species","Cape may warbler","Paruline tigrée","Animalia","Chordata","Aves","Passeriformes","Parulidae","Dendroica","Dendroica tigrina"
156,48.4883,"05:00:00","05:15:00","2019-06-22","05:11:27","présence","Corvus corax","species","Common raven","Grand corbeau","Animalia","Chordata","Aves","Passeriformes","Corvidae","Corvus","Corvus corax"
156,48.4883,"05:00:00","05:15:00","2019-06-22","05:08:28","présence","Corvus corax","species","Common raven","Grand corbeau","Animalia","Chordata","Aves","Passeriformes","Corvidae","Corvus","Corvus corax"
156,48.4883,"05:00:00","05:15:00","2019-06-22","05:09:05","présence","Junco hyemalis","species","Dark-eyed junco","Junco ardoisé","Animalia","Chordata","Aves","Passeriformes","Passerellidae","Junco","Junco hyemalis"
156,48.4883,"05:00:00","05:15:00","2019-06-22","05:07:32","présence","Junco hyemalis","species","Dark-eyed junco","Junco ardoisé","Animalia","Chordata","Aves","Passeriformes","Passerellidae","Junco","Junco hyemalis"
156,48.4883,"05:00:00","05:15:00","2019-06-22","05:00:07","présence","Junco hyemalis","species","Dark-eyed junco","Junco ardoisé","Animalia","Chordata","Aves","Passeriformes","Passerellidae","Junco","Junco hyemalis"
156,48.4883,"05:00:00","05:15:00","2019-06-22","05:02:56","présence","Coccothraustes vespertinus","species","Evening grosbeak","Gros-bec errant","Animalia","Chordata","Aves","Passeriformes","Fringillidae","Coccothraustes","Coccothraustes vespertinus"
156,48.4883,"05:00:00","05:15:00","2019-06-22","05:10:12","présence","Passerella iliaca","species","Fox sparrow","Bruant fauve","Animalia","Chordata","Aves","Passeriformes","Passerellidae","Passerella","Passerella iliaca"
156,48.4883,"05:00:00","05:15:00","2019-06-22","05:01:09","présence","Passerella iliaca","species","Fox sparrow","Bruant fauve","Animalia","Chordata","Aves","Passeriformes","Passerellidae","Passerella","Passerella iliaca"
156,48.4883,"05:00:00","05:15:00","2019-06-22","05:02:17","présence","Catharus guttatus","species","Hermit thrush","Grive solitaire","Animalia","Chordata","Aves","Passeriformes","Turdidae","Catharus","Catharus guttatus"
156,48.4883,"05:00:00","05:15:00","2019-06-22","05:05:22","présence","Melospiza lincolnii","species","Lincoln's sparrow","Bruant de lincoln","Animalia","Chordata","Aves","Passeriformes","Passerellidae","Melospiza","Melospiza lincolnii"
156,48.4883,"05:00:00","05:15:00","2019-06-22","05:02:48","présence","Melospiza lincolnii","species","Lincoln's sparrow","Bruant de lincoln","Animalia","Chordata","Aves","Passeriformes","Passerellidae","Melospiza","Melospiza lincolnii"
156,48.4883,"05:00:00","05:15:00","2019-06-22","05:03:52","présence","Dendroica magnolia","species","Magnolia warbler","Paruline à tête cendrée","Animalia","Chordata","Aves","Passeriformes","Parulidae","Dendroica","Dendroica magnolia"
156,48.4883,"05:00:00","05:15:00","2019-06-22","05:01:58","présence","Dendroica magnolia","species","Magnolia warbler","Paruline à tête cendrée","Animalia","Chordata","Aves","Passeriformes","Parulidae","Dendroica","Dendroica magnolia"
156,48.4883,"05:00:00","05:15:00","2019-06-22","05:03:15","présence","Leiothlypis ruficapilla","species","Nashville warbler","Paruline à joues grises","Animalia","Chordata","Aves","Passeriformes","Parulidae","Leiothlypis","Leiothlypis ruficapilla"
156,48.4883,"05:00:00","05:15:00","2019-06-22","05:08:13","présence","Catharus ustulatus","species","Swainson's thrush","Grive à dos olive","Animalia","Chordata","Aves","Passeriformes","Turdidae","Catharus","Catharus ustulatus"
156,48.4883,"05:00:00","05:15:00","2019-06-22","05:04:11","présence","Catharus ustulatus","species","Swainson's thrush","Grive à dos olive","Animalia","Chordata","Aves","Passeriformes","Turdidae","Catharus","Catharus ustulatus"
156,48.4883,"05:00:00","05:15:00","2019-06-22","05:00:18","présence","Leiothlypis peregrina","species","Tennessee warbler","Paruline obscure","Animalia","Chordata","Aves","Passeriformes","Parulidae","Leiothlypis","Leiothlypis peregrina"
156,48.4883,"05:00:00","05:15:00","2019-06-22","05:00:44","présence","Troglodytes hiemalis","species","Animals","Troglodyte des forêts","Animalia","Chordata","Aves","Passeriformes","Troglodytidae","Troglodytes","Troglodytes hiemalis"
156,48.4883,"05:00:00","05:15:00","2019-06-22","05:05:43","présence","Zonotrichia albicollis","species","White-throated sparrow","Bruant à gorge blanche","Animalia","Chordata","Aves","Passeriformes","Passerellidae","Zonotrichia","Zonotrichia albicollis"
156,48.4883,"05:00:00","05:15:00","2019-06-22","05:04:08","présence","Zonotrichia albicollis","species","White-throated sparrow","Bruant à gorge blanche","Animalia","Chordata","Aves","Passeriformes","Passerellidae","Zonotrichia","Zonotrichia albicollis"
156,48.4883,"05:00:00","05:15:00","2019-06-22","05:07:49","présence","Loxia leucoptera","species","Two-barred crossbill","Bec-croisé bifascié","Animalia","Chordata","Aves","Passeriformes","Fringillidae","Loxia","Loxia leucoptera"
