"site_id","lat","time_start","time_finish","date_obs","time_obs","variable","valid_scientific_name","rank","vernacular_en","vernacular_fr","kingdom","phylum","class","order","family","genus","species"
162,46.0009,"03:00:00","03:15:00","2019-05-31","03:02:03","présence","Strix varia","species","Barred owl","Chouette rayée","Animalia","Chordata","Aves","Strigiformes","Strigidae","Strix","Strix varia"
162,46.0009,"03:00:00","03:15:00","2019-05-31","03:13:27","présence","Gavia immer","species","Common loon","Plongeon huard","Animalia","Chordata","Aves","Gaviiformes","Gaviidae","Gavia","Gavia immer"
162,46.0009,"03:00:00","03:15:00","2019-05-31","03:05:59","présence","Seiurus aurocapilla","species","Ovenbird","Paruline couronnée","Animalia","Chordata","Aves","Passeriformes","Parulidae","Seiurus","Seiurus aurocapilla"
162,46.0009,"03:00:00","03:15:00","2019-05-31","03:01:19","présence","Zonotrichia albicollis","species","White-throated sparrow","Bruant à gorge blanche","Animalia","Chordata","Aves","Passeriformes","Passerellidae","Zonotrichia","Zonotrichia albicollis"
