"site_id","lat","time_start","time_finish","date_obs","time_obs","variable","valid_scientific_name","rank","vernacular_en","vernacular_fr","kingdom","phylum","class","order","family","genus","species"
11,46.8766,"05:00:00","05:15:00","14/06/2017","05:00:49","présence","Anatidae","family","Ducks","Canards","Animalia","Chordata","Aves","Anseriformes","Anatidae","NULL","NULL"
11,46.8766,"05:00:00","05:15:00","14/06/2017","05:00:15","présence","Anatidae","family","Ducks","Canards","Animalia","Chordata","Aves","Anseriformes","Anatidae","NULL","NULL"
11,46.8766,"05:00:00","05:15:00","14/06/2017","05:02:31","présence","Dendroica fusca","species","Blackburnian warbler","Paruline à gorge orangée","Animalia","Chordata","Aves","Passeriformes","Parulidae","Dendroica","Dendroica fusca"
11,46.8766,"05:00:00","05:15:00","14/06/2017","05:02:34","présence","Certhia americana","species","Brown creeper","Grimpereau brun","Animalia","Chordata","Aves","Passeriformes","Certhiidae","Certhia","Certhia americana"
11,46.8766,"05:00:00","05:15:00","14/06/2017","05:00:11","présence","Geothlypis trichas","species","Common yellowthroat","Paruline masquée","Animalia","Chordata","Aves","Passeriformes","Parulidae","Geothlypis","Geothlypis trichas"
11,46.8766,"05:00:00","05:15:00","14/06/2017","05:00:02","présence","Regulus satrapa","species","Golden-crowned kinglet","Roitelet à couronne dorée","Animalia","Chordata","Aves","Passeriformes","Regulidae","Regulus","Regulus satrapa"
11,46.8766,"05:00:00","05:15:00","14/06/2017","05:08:36","présence","Geothlypis philadelphia","species","Mourning warbler","Paruline triste","Animalia","Chordata","Aves","Passeriformes","Parulidae","Geothlypis","Geothlypis philadelphia"
11,46.8766,"05:00:00","05:15:00","14/06/2017","05:07:44","présence","Geothlypis philadelphia","species","Mourning warbler","Paruline triste","Animalia","Chordata","Aves","Passeriformes","Parulidae","Geothlypis","Geothlypis philadelphia"
11,46.8766,"05:00:00","05:15:00","14/06/2017","05:05:45","présence","Leiothlypis ruficapilla","species","Nashville warbler","Paruline à joues grises","Animalia","Chordata","Aves","Passeriformes","Parulidae","Leiothlypis","Leiothlypis ruficapilla"
11,46.8766,"05:00:00","05:15:00","14/06/2017","05:07:55","présence","Haemorhous purpureus","species","Purple finch","Roselin pourpré","Animalia","Chordata","Aves","Passeriformes","Fringillidae","Haemorhous","Haemorhous purpureus"
11,46.8766,"05:00:00","05:15:00","14/06/2017","05:00:00","présence","Sitta canadensis","species","Red-breasted nuthatch","Sittelle à poitrine rousse","Animalia","Chordata","Aves","Passeriformes","Sittidae","Sitta","Sitta canadensis"
11,46.8766,"05:00:00","05:15:00","14/06/2017","05:00:10","présence","Melospiza georgiana","species","Swamp sparrow","Bruant des marais","Animalia","Chordata","Aves","Passeriformes","Passerellidae","Melospiza","Melospiza georgiana"
11,46.8766,"05:00:00","05:15:00","14/06/2017","05:00:14","présence","Catharus ustulatus","species","Swainson's thrush","Grive à dos olive","Animalia","Chordata","Aves","Passeriformes","Turdidae","Catharus","Catharus ustulatus"
11,46.8766,"05:00:00","05:15:00","14/06/2017","05:01:13","présence","Troglodytes hiemalis","species","Animals","Troglodyte des forêts","Animalia","Chordata","Aves","Passeriformes","Troglodytidae","Troglodytes","Troglodytes hiemalis"
11,46.8766,"05:00:00","05:15:00","14/06/2017","05:00:07","présence","Troglodytes hiemalis","species","Animals","Troglodyte des forêts","Animalia","Chordata","Aves","Passeriformes","Troglodytidae","Troglodytes","Troglodytes hiemalis"
11,46.8766,"05:00:00","05:15:00","14/06/2017","05:00:04","présence","Zonotrichia albicollis","species","White-throated sparrow","Bruant à gorge blanche","Animalia","Chordata","Aves","Passeriformes","Passerellidae","Zonotrichia","Zonotrichia albicollis"
11,46.8766,"05:00:00","05:15:00","14/06/2017","05:11:26","présence","Sphyrapicus varius","species","Yellow-bellied sapsucker","Pic maculé","Animalia","Chordata","Aves","Piciformes","Picidae","Sphyrapicus","Sphyrapicus varius"
11,46.8766,"05:00:00","05:15:00","14/06/2017","05:03:04","présence","Dendroica coronata","species","Yellow-rumped warbler","Paruline à croupion jaune","Animalia","Chordata","Aves","Passeriformes","Parulidae","Dendroica","Dendroica coronata"
11,46.8766,"05:00:00","05:15:00","14/06/2017","05:00:29","présence","Dendroica coronata","species","Yellow-rumped warbler","Paruline à croupion jaune","Animalia","Chordata","Aves","Passeriformes","Parulidae","Dendroica","Dendroica coronata"
11,46.8766,"05:00:00","05:15:00","14/06/2017","05:00:40","présence","Dryobates pubescens","species","NULL","NULL","Animalia","Chordata","Aves","Piciformes","Picidae","Dryobates","Dryobates pubescens"
11,46.8766,"05:00:00","05:15:00","14/06/2017","05:07:38","présence","Vireo","genus","NULL","NULL","Animalia","Chordata","Aves","Passeriformes","Vireonidae","Vireo","NULL"
11,46.8766,"05:00:00","05:15:00","14/06/2017","05:03:24","présence","Vireo","genus","NULL","NULL","Animalia","Chordata","Aves","Passeriformes","Vireonidae","Vireo","NULL"
11,46.8766,"08:00:00","08:03:00","14/06/2017","08:00:20","présence","Dendroica fusca","species","Blackburnian warbler","Paruline à gorge orangée","Animalia","Chordata","Aves","Passeriformes","Parulidae","Dendroica","Dendroica fusca"
11,46.8766,"08:00:00","08:03:00","14/06/2017","08:00:05","présence","Dendroica caerulescens","species","Black-throated blue warbler","Paruline","Animalia","Chordata","Aves","Passeriformes","Parulidae","Dendroica","Dendroica caerulescens"
11,46.8766,"08:00:00","08:03:00","14/06/2017","08:02:13","présence","Cardellina canadensis","species","Canada warbler","Paruline du Canada","Animalia","Chordata","Aves","Passeriformes","Parulidae","Cardellina","Cardellina canadensis"
11,46.8766,"08:00:00","08:03:00","14/06/2017","08:00:02","présence","Geothlypis trichas","species","Common yellowthroat","Paruline masquée","Animalia","Chordata","Aves","Passeriformes","Parulidae","Geothlypis","Geothlypis trichas"
11,46.8766,"08:00:00","08:03:00","14/06/2017","08:00:00","présence","Geothlypis trichas","species","Common yellowthroat","Paruline masquée","Animalia","Chordata","Aves","Passeriformes","Parulidae","Geothlypis","Geothlypis trichas"
11,46.8766,"08:00:00","08:03:00","14/06/2017","08:00:51","présence","Regulus satrapa","species","Golden-crowned kinglet","Roitelet à couronne dorée","Animalia","Chordata","Aves","Passeriformes","Regulidae","Regulus","Regulus satrapa"
11,46.8766,"08:00:00","08:03:00","14/06/2017","08:00:06","présence","Catharus guttatus","species","Hermit thrush","Grive solitaire","Animalia","Chordata","Aves","Passeriformes","Turdidae","Catharus","Catharus guttatus"
11,46.8766,"08:00:00","08:03:00","14/06/2017","08:00:39","présence","Leiothlypis ruficapilla","species","Nashville warbler","Paruline à joues grises","Animalia","Chordata","Aves","Passeriformes","Parulidae","Leiothlypis","Leiothlypis ruficapilla"
11,46.8766,"08:00:00","08:03:00","14/06/2017","08:01:44","présence","Leiothlypis ruficapilla","species","Nashville warbler","Paruline à joues grises","Animalia","Chordata","Aves","Passeriformes","Parulidae","Leiothlypis","Leiothlypis ruficapilla"
11,46.8766,"08:00:00","08:03:00","14/06/2017","08:01:11","présence","Leiothlypis ruficapilla","species","Nashville warbler","Paruline à joues grises","Animalia","Chordata","Aves","Passeriformes","Parulidae","Leiothlypis","Leiothlypis ruficapilla"
11,46.8766,"08:00:00","08:03:00","14/06/2017","08:00:02","présence","Parula americana","species","Northern parula","Paruline à collier","Animalia","Chordata","Aves","Passeriformes","Parulidae","Parula","Parula americana"
11,46.8766,"08:00:00","08:03:00","14/06/2017","08:00:10","présence","Seiurus aurocapilla","species","Ovenbird","Paruline couronnée","Animalia","Chordata","Aves","Passeriformes","Parulidae","Seiurus","Seiurus aurocapilla"
11,46.8766,"08:00:00","08:03:00","14/06/2017","08:00:23","présence","Haemorhous purpureus","species","Purple finch","Roselin pourpré","Animalia","Chordata","Aves","Passeriformes","Fringillidae","Haemorhous","Haemorhous purpureus"
11,46.8766,"08:00:00","08:03:00","14/06/2017","08:00:21","présence","Sitta canadensis","species","Red-breasted nuthatch","Sittelle à poitrine rousse","Animalia","Chordata","Aves","Passeriformes","Sittidae","Sitta","Sitta canadensis"
11,46.8766,"08:00:00","08:03:00","14/06/2017","08:00:08","présence","Melospiza georgiana","species","Swamp sparrow","Bruant des marais","Animalia","Chordata","Aves","Passeriformes","Passerellidae","Melospiza","Melospiza georgiana"
11,46.8766,"08:00:00","08:03:00","14/06/2017","08:01:03","présence","Zonotrichia albicollis","species","White-throated sparrow","Bruant à gorge blanche","Animalia","Chordata","Aves","Passeriformes","Passerellidae","Zonotrichia","Zonotrichia albicollis"
11,46.8766,"08:00:00","08:03:00","14/06/2017","08:00:12","présence","Zonotrichia albicollis","species","White-throated sparrow","Bruant à gorge blanche","Animalia","Chordata","Aves","Passeriformes","Passerellidae","Zonotrichia","Zonotrichia albicollis"
11,46.8766,"08:00:00","08:03:00","14/06/2017","08:01:01","présence","Zonotrichia albicollis","species","White-throated sparrow","Bruant à gorge blanche","Animalia","Chordata","Aves","Passeriformes","Passerellidae","Zonotrichia","Zonotrichia albicollis"
11,46.8766,"08:00:00","08:03:00","14/06/2017","08:00:00","présence","Vireo","genus","NULL","NULL","Animalia","Chordata","Aves","Passeriformes","Vireonidae","Vireo","NULL"
