"site_id","lat","time_start","time_finish","date_obs","time_obs","variable","valid_scientific_name","rank","vernacular_en","vernacular_fr","kingdom","phylum","class","order","family","genus","species"
100,49.83417,"07:00:00","07:03:00","2018-06-18","07:00:03","présence","Turdidae","family","NULL","NULL","Animalia","Chordata","Aves","Passeriformes","Turdidae","NULL","NULL"
100,49.83417,"07:00:00","07:03:00","2018-06-18","07:02:15","présence","Gavia immer","species","Common loon","Plongeon huard","Animalia","Chordata","Aves","Gaviiformes","Gaviidae","Gavia","Gavia immer"
100,49.83417,"07:00:00","07:03:00","2018-06-18","07:00:02","présence","Regulus satrapa","species","Golden-crowned kinglet","Roitelet à couronne dorée","Animalia","Chordata","Aves","Passeriformes","Regulidae","Regulus","Regulus satrapa"
100,49.83417,"07:00:00","07:03:00","2018-06-18","07:01:11","présence","Regulus satrapa","species","Golden-crowned kinglet","Roitelet à couronne dorée","Animalia","Chordata","Aves","Passeriformes","Regulidae","Regulus","Regulus satrapa"
100,49.83417,"07:00:00","07:03:00","2018-06-18","07:01:18","présence","Catharus guttatus","species","Hermit thrush","Grive solitaire","Animalia","Chordata","Aves","Passeriformes","Turdidae","Catharus","Catharus guttatus"
100,49.83417,"07:00:00","07:03:00","2018-06-18","07:00:07","présence","Regulus calendula","species","Ruby-crowned kinglet","Roitelet à couronne rubis","Animalia","Chordata","Aves","Passeriformes","Regulidae","Regulus","Regulus calendula"
100,49.83417,"07:00:00","07:03:00","2018-06-18","07:00:06","présence","Zonotrichia albicollis","species","White-throated sparrow","Bruant à gorge blanche","Animalia","Chordata","Aves","Passeriformes","Passerellidae","Zonotrichia","Zonotrichia albicollis"
