"site_id","lat","time_start","time_finish","date_obs","time_obs","variable","valid_scientific_name","rank","vernacular_en","vernacular_fr","kingdom","phylum","class","order","family","genus","species"
151,45.0293,"23:00:00","23:03:00","2019-05-14","23:00:36","présence","Scolopax minor","species","American woodcock","Bécasse d'amérique","Animalia","Chordata","Aves","Charadriiformes","Scolopacidae","Scolopax","Scolopax minor"
151,45.0293,"23:00:00","23:03:00","2019-05-14","23:01:49","présence","Strix varia","species","Barred owl","Chouette rayée","Animalia","Chordata","Aves","Strigiformes","Strigidae","Strix","Strix varia"
151,45.0293,"23:00:00","23:03:00","2019-05-14","23:00:12","présence","Cistothorus palustris","species","Marsh wren","Troglodyte des marais","Animalia","Chordata","Aves","Passeriformes","Troglodytidae","Cistothorus","Cistothorus palustris"
151,45.0293,"23:00:00","23:03:00","2019-05-14","23:00:03","présence","Porzana carolina","species","Sora","Marouette de caroline","Animalia","Chordata","Aves","Gruiformes","Rallidae","Porzana","Porzana carolina"
