"site_id","lat","time_start","time_finish","date_obs","time_obs","variable","valid_scientific_name","rank","vernacular_en","vernacular_fr","kingdom","phylum","class","order","family","genus","species"
15,46.3908,"05:00:00","05:15:00","09/06/2017","05:10:52","présence","Parulidae","family","New world warblers","Passereaux","Animalia","Chordata","Aves","Passeriformes","Parulidae","NULL","NULL"
15,46.3908,"05:00:00","05:15:00","09/06/2017","05:10:15","présence","Parulidae","family","New world warblers","Passereaux","Animalia","Chordata","Aves","Passeriformes","Parulidae","NULL","NULL"
15,46.3908,"05:00:00","05:15:00","09/06/2017","05:00:10","présence","Empidonax alnorum","species","Alder flycatcher","Moucherolle des aulnes","Animalia","Chordata","Aves","Passeriformes","Tyrannidae","Empidonax","Empidonax alnorum"
15,46.3908,"05:00:00","05:15:00","09/06/2017","05:08:21","présence","Setophaga ruticilla","species","American redstart","Paruline flamboyante","Animalia","Chordata","Aves","Passeriformes","Parulidae","Setophaga","Setophaga ruticilla"
15,46.3908,"05:00:00","05:15:00","09/06/2017","05:05:07","présence","Setophaga ruticilla","species","American redstart","Paruline flamboyante","Animalia","Chordata","Aves","Passeriformes","Parulidae","Setophaga","Setophaga ruticilla"
15,46.3908,"05:00:00","05:15:00","09/06/2017","05:00:07","présence","Dendroica pensylvanica","species","Chestnut-sided warbler","Paruline à flancs marron","Animalia","Chordata","Aves","Passeriformes","Parulidae","Dendroica","Dendroica pensylvanica"
15,46.3908,"05:00:00","05:15:00","09/06/2017","05:00:10","présence","Catharus guttatus","species","Hermit thrush","Grive solitaire","Animalia","Chordata","Aves","Passeriformes","Turdidae","Catharus","Catharus guttatus"
15,46.3908,"05:00:00","05:15:00","09/06/2017","05:00:00","présence","Leiothlypis ruficapilla","species","Nashville warbler","Paruline à joues grises","Animalia","Chordata","Aves","Passeriformes","Parulidae","Leiothlypis","Leiothlypis ruficapilla"
15,46.3908,"05:00:00","05:15:00","09/06/2017","05:00:21","présence","Agelaius phoeniceus","species","Red-winged blackbird","Carouge à épaulettes","Animalia","Chordata","Aves","Passeriformes","Icteridae","Agelaius","Agelaius phoeniceus"
15,46.3908,"05:00:00","05:15:00","09/06/2017","05:00:03","présence","Melospiza georgiana","species","Swamp sparrow","Bruant des marais","Animalia","Chordata","Aves","Passeriformes","Passerellidae","Melospiza","Melospiza georgiana"
15,46.3908,"05:00:00","05:15:00","09/06/2017","05:00:16","présence","Catharus fuscescens","species","Veery","Grive fauve","Animalia","Chordata","Aves","Passeriformes","Turdidae","Catharus","Catharus fuscescens"
15,46.3908,"05:00:00","05:15:00","09/06/2017","05:00:04","présence","Cardellina pusilla","species","Wilson's warbler","Paruline à calotte noire","Animalia","Chordata","Aves","Passeriformes","Parulidae","Cardellina","Cardellina pusilla"
15,46.3908,"05:00:00","05:15:00","09/06/2017","05:01:11","présence","Zonotrichia albicollis","species","White-throated sparrow","Bruant à gorge blanche","Animalia","Chordata","Aves","Passeriformes","Passerellidae","Zonotrichia","Zonotrichia albicollis"
15,46.3908,"05:00:00","05:15:00","09/06/2017","05:05:42","présence","Vireo","genus","NULL","NULL","Animalia","Chordata","Aves","Passeriformes","Vireonidae","Vireo","NULL"
15,46.3908,"19:00:00","19:03:00","09/06/2017","19:00:23","présence","Parulidae","family","New world warblers","Passereaux","Animalia","Chordata","Aves","Passeriformes","Parulidae","NULL","NULL"
15,46.3908,"19:00:00","19:03:00","09/06/2017","19:02:41","présence","Empidonax alnorum","species","Alder flycatcher","Moucherolle des aulnes","Animalia","Chordata","Aves","Passeriformes","Tyrannidae","Empidonax","Empidonax alnorum"
15,46.3908,"19:00:00","19:03:00","09/06/2017","19:00:22","présence","Cardellina canadensis","species","Canada warbler","Paruline du Canada","Animalia","Chordata","Aves","Passeriformes","Parulidae","Cardellina","Cardellina canadensis"
15,46.3908,"19:00:00","19:03:00","09/06/2017","19:01:54","présence","Geothlypis trichas","species","Common yellowthroat","Paruline masquée","Animalia","Chordata","Aves","Passeriformes","Parulidae","Geothlypis","Geothlypis trichas"
15,46.3908,"19:00:00","19:03:00","09/06/2017","19:00:05","présence","Dendroica pensylvanica","species","Chestnut-sided warbler","Paruline à flancs marron","Animalia","Chordata","Aves","Passeriformes","Parulidae","Dendroica","Dendroica pensylvanica"
15,46.3908,"19:00:00","19:03:00","09/06/2017","19:00:10","présence","Dendroica pensylvanica","species","Chestnut-sided warbler","Paruline à flancs marron","Animalia","Chordata","Aves","Passeriformes","Parulidae","Dendroica","Dendroica pensylvanica"
15,46.3908,"19:00:00","19:03:00","09/06/2017","19:00:02","présence","Catharus guttatus","species","Hermit thrush","Grive solitaire","Animalia","Chordata","Aves","Passeriformes","Turdidae","Catharus","Catharus guttatus"
15,46.3908,"19:00:00","19:03:00","09/06/2017","19:00:03","présence","Catharus guttatus","species","Hermit thrush","Grive solitaire","Animalia","Chordata","Aves","Passeriformes","Turdidae","Catharus","Catharus guttatus"
15,46.3908,"19:00:00","19:03:00","09/06/2017","19:00:00","présence","Vireo olivaceus","species","Red-eyed vireo","Viréo aux yeux rouges","Animalia","Chordata","Aves","Passeriformes","Vireonidae","Vireo","Vireo olivaceus"
15,46.3908,"19:00:00","19:03:00","09/06/2017","19:00:18","présence","Melospiza georgiana","species","Swamp sparrow","Bruant des marais","Animalia","Chordata","Aves","Passeriformes","Passerellidae","Melospiza","Melospiza georgiana"
15,46.3908,"19:00:00","19:03:00","09/06/2017","19:00:38","présence","Melospiza georgiana","species","Swamp sparrow","Bruant des marais","Animalia","Chordata","Aves","Passeriformes","Passerellidae","Melospiza","Melospiza georgiana"
15,46.3908,"19:00:00","19:03:00","09/06/2017","19:01:50","présence","Melospiza georgiana","species","Swamp sparrow","Bruant des marais","Animalia","Chordata","Aves","Passeriformes","Passerellidae","Melospiza","Melospiza georgiana"
15,46.3908,"19:00:00","19:03:00","09/06/2017","19:00:00","présence","Cardellina pusilla","species","Wilson's warbler","Paruline à calotte noire","Animalia","Chordata","Aves","Passeriformes","Parulidae","Cardellina","Cardellina pusilla"
15,46.3908,"19:00:00","19:03:00","09/06/2017","19:00:25","présence","Zonotrichia albicollis","species","White-throated sparrow","Bruant à gorge blanche","Animalia","Chordata","Aves","Passeriformes","Passerellidae","Zonotrichia","Zonotrichia albicollis"
15,46.3908,"23:00:00","23:15:00","09/06/2017","23:02:28","présence","Empidonax alnorum","species","Alder flycatcher","Moucherolle des aulnes","Animalia","Chordata","Aves","Passeriformes","Tyrannidae","Empidonax","Empidonax alnorum"
