"site_id","lat","time_start","time_finish","date_obs","time_obs","variable","valid_scientific_name","rank","vernacular_en","vernacular_fr","kingdom","phylum","class","order","family","genus","species"
151,45.0293,"08:00:00","08:03:00","2019-05-28","08:01:39","présence","Passeriformes","order","Perching birds","Passereaux","Animalia","Chordata","Aves","Passeriformes","NULL","NULL","NULL"
151,45.0293,"08:00:00","08:03:00","2019-05-28","08:00:04","présence","Mniotilta varia","species","Black-and-white warbler","Paruline noir et blanc","Animalia","Chordata","Aves","Passeriformes","Parulidae","Mniotilta","Mniotilta varia"
151,45.0293,"08:00:00","08:03:00","2019-05-28","08:00:09","présence","Quiscalus quiscula","species","Common grackle","Quiscale bronzé","Animalia","Chordata","Aves","Passeriformes","Icteridae","Quiscalus","Quiscalus quiscula"
151,45.0293,"08:00:00","08:03:00","2019-05-28","08:00:03","présence","Geothlypis trichas","species","Common yellowthroat","Paruline masquée","Animalia","Chordata","Aves","Passeriformes","Parulidae","Geothlypis","Geothlypis trichas"
151,45.0293,"08:00:00","08:03:00","2019-05-28","08:00:13","présence","Geothlypis trichas","species","Common yellowthroat","Paruline masquée","Animalia","Chordata","Aves","Passeriformes","Parulidae","Geothlypis","Geothlypis trichas"
151,45.0293,"08:00:00","08:03:00","2019-05-28","08:00:55","présence","Tyrannus tyrannus","species","Eastern kingbird","Tyran tritri","Animalia","Chordata","Aves","Passeriformes","Tyrannidae","Tyrannus","Tyrannus tyrannus"
151,45.0293,"08:00:00","08:03:00","2019-05-28","08:00:18","présence","Cistothorus palustris","species","Marsh wren","Troglodyte des marais","Animalia","Chordata","Aves","Passeriformes","Troglodytidae","Cistothorus","Cistothorus palustris"
151,45.0293,"08:00:00","08:03:00","2019-05-28","08:00:43","présence","Cistothorus palustris","species","Marsh wren","Troglodyte des marais","Animalia","Chordata","Aves","Passeriformes","Troglodytidae","Cistothorus","Cistothorus palustris"
151,45.0293,"08:00:00","08:03:00","2019-05-28","08:00:47","présence","Cistothorus palustris","species","Marsh wren","Troglodyte des marais","Animalia","Chordata","Aves","Passeriformes","Troglodytidae","Cistothorus","Cistothorus palustris"
151,45.0293,"08:00:00","08:03:00","2019-05-28","08:00:53","présence","Cistothorus palustris","species","Marsh wren","Troglodyte des marais","Animalia","Chordata","Aves","Passeriformes","Troglodytidae","Cistothorus","Cistothorus palustris"
151,45.0293,"08:00:00","08:03:00","2019-05-28","08:00:39","présence","Cistothorus palustris","species","Marsh wren","Troglodyte des marais","Animalia","Chordata","Aves","Passeriformes","Troglodytidae","Cistothorus","Cistothorus palustris"
151,45.0293,"08:00:00","08:03:00","2019-05-28","08:00:00","présence","Agelaius phoeniceus","species","Red-winged blackbird","Carouge à épaulettes","Animalia","Chordata","Aves","Passeriformes","Icteridae","Agelaius","Agelaius phoeniceus"
151,45.0293,"08:00:00","08:03:00","2019-05-28","08:00:02","présence","Agelaius phoeniceus","species","Red-winged blackbird","Carouge à épaulettes","Animalia","Chordata","Aves","Passeriformes","Icteridae","Agelaius","Agelaius phoeniceus"
151,45.0293,"08:00:00","08:03:00","2019-05-28","08:00:03","présence","Agelaius phoeniceus","species","Red-winged blackbird","Carouge à épaulettes","Animalia","Chordata","Aves","Passeriformes","Icteridae","Agelaius","Agelaius phoeniceus"
151,45.0293,"08:00:00","08:03:00","2019-05-28","08:00:06","présence","Agelaius phoeniceus","species","Red-winged blackbird","Carouge à épaulettes","Animalia","Chordata","Aves","Passeriformes","Icteridae","Agelaius","Agelaius phoeniceus"
151,45.0293,"08:00:00","08:03:00","2019-05-28","08:00:11","présence","Agelaius phoeniceus","species","Red-winged blackbird","Carouge à épaulettes","Animalia","Chordata","Aves","Passeriformes","Icteridae","Agelaius","Agelaius phoeniceus"
151,45.0293,"08:00:00","08:03:00","2019-05-28","08:00:15","présence","Agelaius phoeniceus","species","Red-winged blackbird","Carouge à épaulettes","Animalia","Chordata","Aves","Passeriformes","Icteridae","Agelaius","Agelaius phoeniceus"
151,45.0293,"08:00:00","08:03:00","2019-05-28","08:00:28","présence","Agelaius phoeniceus","species","Red-winged blackbird","Carouge à épaulettes","Animalia","Chordata","Aves","Passeriformes","Icteridae","Agelaius","Agelaius phoeniceus"
151,45.0293,"08:00:00","08:03:00","2019-05-28","08:00:50","présence","Agelaius phoeniceus","species","Red-winged blackbird","Carouge à épaulettes","Animalia","Chordata","Aves","Passeriformes","Icteridae","Agelaius","Agelaius phoeniceus"
151,45.0293,"08:00:00","08:03:00","2019-05-28","08:00:06","présence","Melospiza georgiana","species","Swamp sparrow","Bruant des marais","Animalia","Chordata","Aves","Passeriformes","Passerellidae","Melospiza","Melospiza georgiana"
151,45.0293,"08:00:00","08:03:00","2019-05-28","08:01:47","présence","Melospiza georgiana","species","Swamp sparrow","Bruant des marais","Animalia","Chordata","Aves","Passeriformes","Passerellidae","Melospiza","Melospiza georgiana"
151,45.0293,"08:00:00","08:03:00","2019-05-28","08:00:19","présence","Rallus limicola","species","Virginia rail","Râle de Virginie","Animalia","Chordata","Aves","Gruiformes","Rallidae","Rallus","Rallus limicola"
151,45.0293,"08:00:00","08:03:00","2019-05-28","08:00:02","présence","Dendroica petechia","species","American yellow warbler","Paruline jaune","Animalia","Chordata","Aves","Passeriformes","Parulidae","Dendroica","Dendroica petechia"
151,45.0293,"08:00:00","08:03:00","2019-05-28","08:00:17","présence","Dendroica petechia","species","American yellow warbler","Paruline jaune","Animalia","Chordata","Aves","Passeriformes","Parulidae","Dendroica","Dendroica petechia"
151,45.0293,"23:00:00","23:03:00","2019-05-28","23:00:01","présence","Cistothorus palustris","species","Marsh wren","Troglodyte des marais","Animalia","Chordata","Aves","Passeriformes","Troglodytidae","Cistothorus","Cistothorus palustris"
151,45.0293,"23:00:00","23:03:00","2019-05-28","23:00:36","présence","Cistothorus palustris","species","Marsh wren","Troglodyte des marais","Animalia","Chordata","Aves","Passeriformes","Troglodytidae","Cistothorus","Cistothorus palustris"
