"site_id","lat","time_start","time_finish","date_obs","time_obs","variable","valid_scientific_name","rank","vernacular_en","vernacular_fr","kingdom","phylum","class","order","family","genus","species"
10,48.2158,"01:00:00","01:15:00","04/06/2016","NULL","présence","Empidonax alnorum","species","Alder flycatcher","Moucherolle des aulnes","Animalia","Chordata","Aves","Passeriformes","Tyrannidae","Empidonax","Empidonax alnorum"
10,48.2158,"03:00:00","03:15:00","04/06/2016","NULL","présence","Scolopax minor","species","American woodcock","Bécasse d'amérique","Animalia","Chordata","Aves","Charadriiformes","Scolopacidae","Scolopax","Scolopax minor"
10,48.2158,"03:00:00","03:15:00","04/06/2016","NULL","présence","Geothlypis trichas","species","Common yellowthroat","Paruline masquée","Animalia","Chordata","Aves","Passeriformes","Parulidae","Geothlypis","Geothlypis trichas"
10,48.2158,"03:00:00","03:15:00","04/06/2016","NULL","présence","Zonotrichia albicollis","species","White-throated sparrow","Bruant à gorge blanche","Animalia","Chordata","Aves","Passeriformes","Passerellidae","Zonotrichia","Zonotrichia albicollis"
