"site_id","lat","time_start","time_finish","date_obs","time_obs","variable","valid_scientific_name","rank","vernacular_en","vernacular_fr","kingdom","phylum","class","order","family","genus","species"
152,45.9669,"07:00:00","07:03:00","2019-06-01","07:01:57","présence","Parulidae","family","New world warblers","Passereaux","Animalia","Chordata","Aves","Passeriformes","Parulidae","NULL","NULL"
152,45.9669,"07:00:00","07:03:00","2019-06-01","07:00:09","présence","Parulidae","family","New world warblers","Passereaux","Animalia","Chordata","Aves","Passeriformes","Parulidae","NULL","NULL"
152,45.9669,"07:00:00","07:03:00","2019-06-01","07:00:49","présence","Parulidae","family","New world warblers","Passereaux","Animalia","Chordata","Aves","Passeriformes","Parulidae","NULL","NULL"
152,45.9669,"07:00:00","07:03:00","2019-06-01","07:00:49","présence","Empidonax alnorum","species","Alder flycatcher","Moucherolle des aulnes","Animalia","Chordata","Aves","Passeriformes","Tyrannidae","Empidonax","Empidonax alnorum"
152,45.9669,"07:00:00","07:03:00","2019-06-01","07:00:11","présence","Vireo solitarius","species","Blue-headed vireo","Viréo à tête bleue","Animalia","Chordata","Aves","Passeriformes","Vireonidae","Vireo","Vireo solitarius"
152,45.9669,"07:00:00","07:03:00","2019-06-01","07:00:47","présence","Dendroica caerulescens","species","Black-throated blue warbler","Paruline","Animalia","Chordata","Aves","Passeriformes","Parulidae","Dendroica","Dendroica caerulescens"
152,45.9669,"07:00:00","07:03:00","2019-06-01","07:00:05","présence","Dendroica virens","species","Black-throated green warbler","Paruline à gorge noire","Animalia","Chordata","Aves","Passeriformes","Parulidae","Dendroica","Dendroica virens"
152,45.9669,"07:00:00","07:03:00","2019-06-01","07:00:00","présence","Geothlypis trichas","species","Common yellowthroat","Paruline masquée","Animalia","Chordata","Aves","Passeriformes","Parulidae","Geothlypis","Geothlypis trichas"
152,45.9669,"07:00:00","07:03:00","2019-06-01","07:00:07","présence","Geothlypis trichas","species","Common yellowthroat","Paruline masquée","Animalia","Chordata","Aves","Passeriformes","Parulidae","Geothlypis","Geothlypis trichas"
152,45.9669,"07:00:00","07:03:00","2019-06-01","07:00:01","présence","Regulus satrapa","species","Golden-crowned kinglet","Roitelet à couronne dorée","Animalia","Chordata","Aves","Passeriformes","Regulidae","Regulus","Regulus satrapa"
152,45.9669,"07:00:00","07:03:00","2019-06-01","07:00:04","présence","Dendroica magnolia","species","Magnolia warbler","Paruline à tête cendrée","Animalia","Chordata","Aves","Passeriformes","Parulidae","Dendroica","Dendroica magnolia"
152,45.9669,"07:00:00","07:03:00","2019-06-01","07:00:39","présence","Leiothlypis ruficapilla","species","Nashville warbler","Paruline à joues grises","Animalia","Chordata","Aves","Passeriformes","Parulidae","Leiothlypis","Leiothlypis ruficapilla"
152,45.9669,"07:00:00","07:03:00","2019-06-01","07:00:08","présence","Parkesia noveboracensis","species","Northern waterthrush","Paruline des ruisseaux","Animalia","Chordata","Aves","Passeriformes","Parulidae","Parkesia","Parkesia noveboracensis"
152,45.9669,"07:00:00","07:03:00","2019-06-01","07:00:06","présence","Seiurus aurocapilla","species","Ovenbird","Paruline couronnée","Animalia","Chordata","Aves","Passeriformes","Parulidae","Seiurus","Seiurus aurocapilla"
152,45.9669,"07:00:00","07:03:00","2019-06-01","07:00:03","présence","Seiurus aurocapilla","species","Ovenbird","Paruline couronnée","Animalia","Chordata","Aves","Passeriformes","Parulidae","Seiurus","Seiurus aurocapilla"
152,45.9669,"07:00:00","07:03:00","2019-06-01","07:00:09","présence","Seiurus aurocapilla","species","Ovenbird","Paruline couronnée","Animalia","Chordata","Aves","Passeriformes","Parulidae","Seiurus","Seiurus aurocapilla"
152,45.9669,"07:00:00","07:03:00","2019-06-01","07:01:56","présence","Melospiza melodia","species","Song sparrow","Bruant chanteur","Animalia","Chordata","Aves","Passeriformes","Passerellidae","Melospiza","Melospiza melodia"
152,45.9669,"07:00:00","07:03:00","2019-06-01","07:01:03","présence","Melospiza georgiana","species","Swamp sparrow","Bruant des marais","Animalia","Chordata","Aves","Passeriformes","Passerellidae","Melospiza","Melospiza georgiana"
152,45.9669,"07:00:00","07:03:00","2019-06-01","07:01:47","présence","Melospiza georgiana","species","Swamp sparrow","Bruant des marais","Animalia","Chordata","Aves","Passeriformes","Passerellidae","Melospiza","Melospiza georgiana"
152,45.9669,"07:00:00","07:03:00","2019-06-01","07:00:15","présence","Zonotrichia albicollis","species","White-throated sparrow","Bruant à gorge blanche","Animalia","Chordata","Aves","Passeriformes","Passerellidae","Zonotrichia","Zonotrichia albicollis"
152,45.9669,"07:00:00","07:03:00","2019-06-01","07:00:58","présence","Zonotrichia albicollis","species","White-throated sparrow","Bruant à gorge blanche","Animalia","Chordata","Aves","Passeriformes","Passerellidae","Zonotrichia","Zonotrichia albicollis"
152,45.9669,"07:00:00","07:03:00","2019-06-01","07:01:11","présence","Sphyrapicus varius","species","Yellow-bellied sapsucker","Pic maculé","Animalia","Chordata","Aves","Piciformes","Picidae","Sphyrapicus","Sphyrapicus varius"
152,45.9669,"20:00:00","20:03:00","2019-06-01","20:00:13","présence","Passeriformes","order","Perching birds","Passereaux","Animalia","Chordata","Aves","Passeriformes","NULL","NULL","NULL"
152,45.9669,"20:00:00","20:03:00","2019-06-01","20:00:58","présence","Cyanocitta cristata","species","Blue jay","Geai bleu","Animalia","Chordata","Aves","Passeriformes","Corvidae","Cyanocitta","Cyanocitta cristata"
152,45.9669,"20:00:00","20:03:00","2019-06-01","20:02:01","présence","Geothlypis trichas","species","Common yellowthroat","Paruline masquée","Animalia","Chordata","Aves","Passeriformes","Parulidae","Geothlypis","Geothlypis trichas"
152,45.9669,"20:00:00","20:03:00","2019-06-01","20:00:01","présence","Catharus guttatus","species","Hermit thrush","Grive solitaire","Animalia","Chordata","Aves","Passeriformes","Turdidae","Catharus","Catharus guttatus"
152,45.9669,"20:00:00","20:03:00","2019-06-01","20:00:06","présence","Catharus guttatus","species","Hermit thrush","Grive solitaire","Animalia","Chordata","Aves","Passeriformes","Turdidae","Catharus","Catharus guttatus"
152,45.9669,"20:00:00","20:03:00","2019-06-01","20:01:43","présence","Leiothlypis ruficapilla","species","Nashville warbler","Paruline à joues grises","Animalia","Chordata","Aves","Passeriformes","Parulidae","Leiothlypis","Leiothlypis ruficapilla"
152,45.9669,"20:00:00","20:03:00","2019-06-01","20:02:53","présence","Leiothlypis ruficapilla","species","Nashville warbler","Paruline à joues grises","Animalia","Chordata","Aves","Passeriformes","Parulidae","Leiothlypis","Leiothlypis ruficapilla"
152,45.9669,"20:00:00","20:03:00","2019-06-01","20:01:03","présence","Seiurus aurocapilla","species","Ovenbird","Paruline couronnée","Animalia","Chordata","Aves","Passeriformes","Parulidae","Seiurus","Seiurus aurocapilla"
152,45.9669,"20:00:00","20:03:00","2019-06-01","20:01:12","présence","Melospiza georgiana","species","Swamp sparrow","Bruant des marais","Animalia","Chordata","Aves","Passeriformes","Passerellidae","Melospiza","Melospiza georgiana"
152,45.9669,"20:00:00","20:03:00","2019-06-01","20:01:11","présence","Catharus fuscescens","species","Veery","Grive fauve","Animalia","Chordata","Aves","Passeriformes","Turdidae","Catharus","Catharus fuscescens"
152,45.9669,"20:00:00","20:03:00","2019-06-01","20:00:25","présence","Zonotrichia albicollis","species","White-throated sparrow","Bruant à gorge blanche","Animalia","Chordata","Aves","Passeriformes","Passerellidae","Zonotrichia","Zonotrichia albicollis"
