"site_id","lat","time_start","time_finish","date_obs","time_obs","variable","valid_scientific_name","rank","vernacular_en","vernacular_fr","kingdom","phylum","class","order","family","genus","species"
149,48.4878,"06:00:00","06:03:00","2019-06-12","06:00:45","présence","Dendroica castanea","species","Bay-breasted warbler","Paruline à poitrine baie","Animalia","Chordata","Aves","Passeriformes","Parulidae","Dendroica","Dendroica castanea"
149,48.4878,"06:00:00","06:03:00","2019-06-12","06:00:24","présence","Dendroica castanea","species","Bay-breasted warbler","Paruline à poitrine baie","Animalia","Chordata","Aves","Passeriformes","Parulidae","Dendroica","Dendroica castanea"
149,48.4878,"06:00:00","06:03:00","2019-06-12","06:00:29","présence","Dendroica striata","species","Blackpoll warbler","Paruline rayée","Animalia","Chordata","Aves","Passeriformes","Parulidae","Dendroica","Dendroica striata"
149,48.4878,"06:00:00","06:03:00","2019-06-12","06:00:29","présence","Certhia americana","species","Brown creeper","Grimpereau brun","Animalia","Chordata","Aves","Passeriformes","Certhiidae","Certhia","Certhia americana"
149,48.4878,"06:00:00","06:03:00","2019-06-12","06:00:00","présence","Dendroica virens","species","Black-throated green warbler","Paruline à gorge noire","Animalia","Chordata","Aves","Passeriformes","Parulidae","Dendroica","Dendroica virens"
149,48.4878,"06:00:00","06:03:00","2019-06-12","06:02:53","présence","Dendroica tigrina","species","Cape may warbler","Paruline tigrée","Animalia","Chordata","Aves","Passeriformes","Parulidae","Dendroica","Dendroica tigrina"
149,48.4878,"06:00:00","06:03:00","2019-06-12","06:00:28","présence","Geothlypis trichas","species","Common yellowthroat","Paruline masquée","Animalia","Chordata","Aves","Passeriformes","Parulidae","Geothlypis","Geothlypis trichas"
149,48.4878,"06:00:00","06:03:00","2019-06-12","06:01:28","présence","Geothlypis trichas","species","Common yellowthroat","Paruline masquée","Animalia","Chordata","Aves","Passeriformes","Parulidae","Geothlypis","Geothlypis trichas"
149,48.4878,"06:00:00","06:03:00","2019-06-12","06:00:01","présence","Dendroica magnolia","species","Magnolia warbler","Paruline à tête cendrée","Animalia","Chordata","Aves","Passeriformes","Parulidae","Dendroica","Dendroica magnolia"
149,48.4878,"06:00:00","06:03:00","2019-06-12","06:00:16","présence","Colaptes auratus","species","Northern flicker","Pic flamboyant","Animalia","Chordata","Aves","Piciformes","Picidae","Colaptes","Colaptes auratus"
149,48.4878,"06:00:00","06:03:00","2019-06-12","06:00:03","présence","Contopus borealis","species","Olive-sided flycatcher","Moucherolle à côtés olive","Animalia","Chordata","Aves","Passeriformes","Tyrannidae","Contopus","Contopus borealis"
149,48.4878,"06:00:00","06:03:00","2019-06-12","06:00:31","présence","Regulus calendula","species","Ruby-crowned kinglet","Roitelet à couronne rubis","Animalia","Chordata","Aves","Passeriformes","Regulidae","Regulus","Regulus calendula"
149,48.4878,"06:00:00","06:03:00","2019-06-12","06:00:10","présence","Regulus calendula","species","Ruby-crowned kinglet","Roitelet à couronne rubis","Animalia","Chordata","Aves","Passeriformes","Regulidae","Regulus","Regulus calendula"
149,48.4878,"06:00:00","06:03:00","2019-06-12","06:00:00","présence","Leiothlypis peregrina","species","Tennessee warbler","Paruline obscure","Animalia","Chordata","Aves","Passeriformes","Parulidae","Leiothlypis","Leiothlypis peregrina"
149,48.4878,"06:00:00","06:03:00","2019-06-12","06:00:04","présence","Leiothlypis peregrina","species","Tennessee warbler","Paruline obscure","Animalia","Chordata","Aves","Passeriformes","Parulidae","Leiothlypis","Leiothlypis peregrina"
149,48.4878,"06:00:00","06:03:00","2019-06-12","06:00:05","présence","Zonotrichia albicollis","species","White-throated sparrow","Bruant à gorge blanche","Animalia","Chordata","Aves","Passeriformes","Passerellidae","Zonotrichia","Zonotrichia albicollis"
149,48.4878,"06:00:00","06:03:00","2019-06-12","06:00:35","présence","Zonotrichia albicollis","species","White-throated sparrow","Bruant à gorge blanche","Animalia","Chordata","Aves","Passeriformes","Passerellidae","Zonotrichia","Zonotrichia albicollis"
149,48.4878,"06:00:00","06:03:00","2019-06-12","06:00:02","présence","Dendroica coronata","species","Yellow-rumped warbler","Paruline à croupion jaune","Animalia","Chordata","Aves","Passeriformes","Parulidae","Dendroica","Dendroica coronata"
149,48.4878,"06:00:00","06:03:00","2019-06-12","06:00:08","présence","Dendroica coronata","species","Yellow-rumped warbler","Paruline à croupion jaune","Animalia","Chordata","Aves","Passeriformes","Parulidae","Dendroica","Dendroica coronata"
149,48.4878,"06:00:00","06:03:00","2019-06-12","06:01:15","présence","Dendroica coronata","species","Yellow-rumped warbler","Paruline à croupion jaune","Animalia","Chordata","Aves","Passeriformes","Parulidae","Dendroica","Dendroica coronata"
149,48.4878,"19:00:00","19:03:00","2019-06-12","19:01:04","présence","Passeriformes","order","Perching birds","Passereaux","Animalia","Chordata","Aves","Passeriformes","NULL","NULL","NULL"
149,48.4878,"19:00:00","19:03:00","2019-06-12","19:02:37","présence","Ceryle alcyon","species","Belted kingfisher","Martin-pêcheur d'amérique","Animalia","Chordata","Aves","Coraciiformes","Alcedinidae","Ceryle","Ceryle alcyon"
149,48.4878,"19:00:00","19:03:00","2019-06-12","19:00:13","présence","Dendroica tigrina","species","Cape may warbler","Paruline tigrée","Animalia","Chordata","Aves","Passeriformes","Parulidae","Dendroica","Dendroica tigrina"
149,48.4878,"19:00:00","19:03:00","2019-06-12","19:00:51","présence","Dendroica tigrina","species","Cape may warbler","Paruline tigrée","Animalia","Chordata","Aves","Passeriformes","Parulidae","Dendroica","Dendroica tigrina"
149,48.4878,"19:00:00","19:03:00","2019-06-12","19:00:08","présence","Quiscalus quiscula","species","Common grackle","Quiscale bronzé","Animalia","Chordata","Aves","Passeriformes","Icteridae","Quiscalus","Quiscalus quiscula"
149,48.4878,"19:00:00","19:03:00","2019-06-12","19:01:24","présence","Dendroica magnolia","species","Magnolia warbler","Paruline à tête cendrée","Animalia","Chordata","Aves","Passeriformes","Parulidae","Dendroica","Dendroica magnolia"
149,48.4878,"19:00:00","19:03:00","2019-06-12","19:00:32","présence","Regulus calendula","species","Ruby-crowned kinglet","Roitelet à couronne rubis","Animalia","Chordata","Aves","Passeriformes","Regulidae","Regulus","Regulus calendula"
149,48.4878,"19:00:00","19:03:00","2019-06-12","19:01:19","présence","Regulus calendula","species","Ruby-crowned kinglet","Roitelet à couronne rubis","Animalia","Chordata","Aves","Passeriformes","Regulidae","Regulus","Regulus calendula"
149,48.4878,"19:00:00","19:03:00","2019-06-12","19:02:51","présence","Zonotrichia albicollis","species","White-throated sparrow","Bruant à gorge blanche","Animalia","Chordata","Aves","Passeriformes","Passerellidae","Zonotrichia","Zonotrichia albicollis"
