"site_id","lat","time_start","time_finish","date_obs","time_obs","variable","valid_scientific_name","rank","vernacular_en","vernacular_fr","kingdom","phylum","class","order","family","genus","species"
15,46.3908,"05:00:00","05:15:00","27/05/2017","NULL","présence","Empidonax alnorum","species","Alder flycatcher","Moucherolle des aulnes","Animalia","Chordata","Aves","Passeriformes","Tyrannidae","Empidonax","Empidonax alnorum"
15,46.3908,"05:00:00","05:15:00","27/05/2017","NULL","présence","Geothlypis trichas","species","Common yellowthroat","Paruline masquée","Animalia","Chordata","Aves","Passeriformes","Parulidae","Geothlypis","Geothlypis trichas"
15,46.3908,"05:00:00","05:15:00","27/05/2017","NULL","présence","Leiothlypis ruficapilla","species","Nashville warbler","Paruline à joues grises","Animalia","Chordata","Aves","Passeriformes","Parulidae","Leiothlypis","Leiothlypis ruficapilla"
15,46.3908,"05:00:00","05:15:00","27/05/2017","NULL","présence","Agelaius phoeniceus","species","Red-winged blackbird","Carouge à épaulettes","Animalia","Chordata","Aves","Passeriformes","Icteridae","Agelaius","Agelaius phoeniceus"
15,46.3908,"05:00:00","05:15:00","27/05/2017","NULL","présence","Catharus fuscescens","species","Veery","Grive fauve","Animalia","Chordata","Aves","Passeriformes","Turdidae","Catharus","Catharus fuscescens"
15,46.3908,"05:00:00","05:15:00","27/05/2017","05:00:43","présence","Dryobates pubescens","species","NULL","NULL","Animalia","Chordata","Aves","Piciformes","Picidae","Dryobates","Dryobates pubescens"
15,46.3908,"07:00:00","07:03:00","27/05/2017","07:00:02","présence","Empidonax alnorum","species","Alder flycatcher","Moucherolle des aulnes","Animalia","Chordata","Aves","Passeriformes","Tyrannidae","Empidonax","Empidonax alnorum"
15,46.3908,"07:00:00","07:03:00","27/05/2017","07:00:02","présence","Empidonax alnorum","species","Alder flycatcher","Moucherolle des aulnes","Animalia","Chordata","Aves","Passeriformes","Tyrannidae","Empidonax","Empidonax alnorum"
15,46.3908,"07:00:00","07:03:00","27/05/2017","07:00:03","présence","Empidonax alnorum","species","Alder flycatcher","Moucherolle des aulnes","Animalia","Chordata","Aves","Passeriformes","Tyrannidae","Empidonax","Empidonax alnorum"
15,46.3908,"07:00:00","07:03:00","27/05/2017","07:00:40","présence","Setophaga ruticilla","species","American redstart","Paruline flamboyante","Animalia","Chordata","Aves","Passeriformes","Parulidae","Setophaga","Setophaga ruticilla"
15,46.3908,"07:00:00","07:03:00","27/05/2017","07:00:21","présence","Cyanocitta cristata","species","Blue jay","Geai bleu","Animalia","Chordata","Aves","Passeriformes","Corvidae","Cyanocitta","Cyanocitta cristata"
15,46.3908,"07:00:00","07:03:00","27/05/2017","07:00:00","présence","Branta canadensis","species","Canada goose","Bernache du Canada","Animalia","Chordata","Aves","Anseriformes","Anatidae","Branta","Branta canadensis"
15,46.3908,"07:00:00","07:03:00","27/05/2017","07:01:21","présence","Cardellina canadensis","species","Canada warbler","Paruline du Canada","Animalia","Chordata","Aves","Passeriformes","Parulidae","Cardellina","Cardellina canadensis"
15,46.3908,"07:00:00","07:03:00","27/05/2017","07:01:35","présence","Quiscalus quiscula","species","Common grackle","Quiscale bronzé","Animalia","Chordata","Aves","Passeriformes","Icteridae","Quiscalus","Quiscalus quiscula"
15,46.3908,"07:00:00","07:03:00","27/05/2017","07:00:00","présence","Geothlypis trichas","species","Common yellowthroat","Paruline masquée","Animalia","Chordata","Aves","Passeriformes","Parulidae","Geothlypis","Geothlypis trichas"
15,46.3908,"07:00:00","07:03:00","27/05/2017","07:02:14","présence","Geothlypis trichas","species","Common yellowthroat","Paruline masquée","Animalia","Chordata","Aves","Passeriformes","Parulidae","Geothlypis","Geothlypis trichas"
15,46.3908,"07:00:00","07:03:00","27/05/2017","07:00:09","présence","Geothlypis trichas","species","Common yellowthroat","Paruline masquée","Animalia","Chordata","Aves","Passeriformes","Parulidae","Geothlypis","Geothlypis trichas"
15,46.3908,"07:00:00","07:03:00","27/05/2017","07:02:12","présence","Geothlypis trichas","species","Common yellowthroat","Paruline masquée","Animalia","Chordata","Aves","Passeriformes","Parulidae","Geothlypis","Geothlypis trichas"
15,46.3908,"07:00:00","07:03:00","27/05/2017","07:00:02","présence","Dendroica pensylvanica","species","Chestnut-sided warbler","Paruline à flancs marron","Animalia","Chordata","Aves","Passeriformes","Parulidae","Dendroica","Dendroica pensylvanica"
15,46.3908,"07:00:00","07:03:00","27/05/2017","07:00:17","présence","Dendroica pensylvanica","species","Chestnut-sided warbler","Paruline à flancs marron","Animalia","Chordata","Aves","Passeriformes","Parulidae","Dendroica","Dendroica pensylvanica"
15,46.3908,"07:00:00","07:03:00","27/05/2017","07:01:05","présence","Dendroica pensylvanica","species","Chestnut-sided warbler","Paruline à flancs marron","Animalia","Chordata","Aves","Passeriformes","Parulidae","Dendroica","Dendroica pensylvanica"
15,46.3908,"07:00:00","07:03:00","27/05/2017","07:00:56","présence","Charadrius vociferus","species","Killdeer","Pluvier kildir","Animalia","Chordata","Aves","Charadriiformes","Charadriidae","Charadrius","Charadrius vociferus"
15,46.3908,"07:00:00","07:03:00","27/05/2017","07:00:06","présence","Dendroica magnolia","species","Magnolia warbler","Paruline à tête cendrée","Animalia","Chordata","Aves","Passeriformes","Parulidae","Dendroica","Dendroica magnolia"
15,46.3908,"07:00:00","07:03:00","27/05/2017","07:00:19","présence","Dendroica magnolia","species","Magnolia warbler","Paruline à tête cendrée","Animalia","Chordata","Aves","Passeriformes","Parulidae","Dendroica","Dendroica magnolia"
15,46.3908,"07:00:00","07:03:00","27/05/2017","07:00:00","présence","Leiothlypis ruficapilla","species","Nashville warbler","Paruline à joues grises","Animalia","Chordata","Aves","Passeriformes","Parulidae","Leiothlypis","Leiothlypis ruficapilla"
15,46.3908,"07:00:00","07:03:00","27/05/2017","07:00:27","présence","Leiothlypis ruficapilla","species","Nashville warbler","Paruline à joues grises","Animalia","Chordata","Aves","Passeriformes","Parulidae","Leiothlypis","Leiothlypis ruficapilla"
15,46.3908,"07:00:00","07:03:00","27/05/2017","07:01:52","présence","Colaptes auratus","species","Northern flicker","Pic flamboyant","Animalia","Chordata","Aves","Piciformes","Picidae","Colaptes","Colaptes auratus"
15,46.3908,"07:00:00","07:03:00","27/05/2017","07:00:48","présence","Dendroica palmarum","species","Palm warbler","Paruline à couronne rousse","Animalia","Chordata","Aves","Passeriformes","Parulidae","Dendroica","Dendroica palmarum"
15,46.3908,"07:00:00","07:03:00","27/05/2017","07:00:05","présence","Agelaius phoeniceus","species","Red-winged blackbird","Carouge à épaulettes","Animalia","Chordata","Aves","Passeriformes","Icteridae","Agelaius","Agelaius phoeniceus"
15,46.3908,"07:00:00","07:03:00","27/05/2017","07:00:06","présence","Agelaius phoeniceus","species","Red-winged blackbird","Carouge à épaulettes","Animalia","Chordata","Aves","Passeriformes","Icteridae","Agelaius","Agelaius phoeniceus"
15,46.3908,"07:00:00","07:03:00","27/05/2017","07:00:05","présence","Agelaius phoeniceus","species","Red-winged blackbird","Carouge à épaulettes","Animalia","Chordata","Aves","Passeriformes","Icteridae","Agelaius","Agelaius phoeniceus"
15,46.3908,"07:00:00","07:03:00","27/05/2017","07:00:26","présence","Melospiza georgiana","species","Swamp sparrow","Bruant des marais","Animalia","Chordata","Aves","Passeriformes","Passerellidae","Melospiza","Melospiza georgiana"
15,46.3908,"07:00:00","07:03:00","27/05/2017","07:02:02","présence","Bartramia longicauda","species","Upland sandpiper","Maubèche des champs","Animalia","Chordata","Aves","Charadriiformes","Scolopacidae","Bartramia","Bartramia longicauda"
15,46.3908,"07:00:00","07:03:00","27/05/2017","07:01:26","présence","Gallinago delicata","species","Wilson's snipe","Bécassine de wilson","Animalia","Chordata","Aves","Charadriiformes","Scolopacidae","Gallinago","Gallinago delicata"
15,46.3908,"07:00:00","07:03:00","27/05/2017","07:00:00","présence","Zonotrichia albicollis","species","White-throated sparrow","Bruant à gorge blanche","Animalia","Chordata","Aves","Passeriformes","Passerellidae","Zonotrichia","Zonotrichia albicollis"
15,46.3908,"07:00:00","07:03:00","27/05/2017","07:00:12","présence","Zonotrichia albicollis","species","White-throated sparrow","Bruant à gorge blanche","Animalia","Chordata","Aves","Passeriformes","Passerellidae","Zonotrichia","Zonotrichia albicollis"
15,46.3908,"07:00:00","07:03:00","27/05/2017","07:00:29","présence","Zonotrichia albicollis","species","White-throated sparrow","Bruant à gorge blanche","Animalia","Chordata","Aves","Passeriformes","Passerellidae","Zonotrichia","Zonotrichia albicollis"
15,46.3908,"08:00:00","08:15:00","27/05/2017","NULL","présence","Antigone canadensis","species","Sandhill crane","Grue du Canada","Animalia","Chordata","Aves","Gruiformes","Gruidae","Antigone","Antigone canadensis"
15,46.3908,"13:00:00","13:15:00","27/05/2017","13:00:13","présence","Empidonax alnorum","species","Alder flycatcher","Moucherolle des aulnes","Animalia","Chordata","Aves","Passeriformes","Tyrannidae","Empidonax","Empidonax alnorum"
15,46.3908,"13:00:00","13:15:00","27/05/2017","13:03:02","présence","Setophaga ruticilla","species","American redstart","Paruline flamboyante","Animalia","Chordata","Aves","Passeriformes","Parulidae","Setophaga","Setophaga ruticilla"
15,46.3908,"13:00:00","13:15:00","27/05/2017","13:00:22","présence","Setophaga ruticilla","species","American redstart","Paruline flamboyante","Animalia","Chordata","Aves","Passeriformes","Parulidae","Setophaga","Setophaga ruticilla"
15,46.3908,"13:00:00","13:15:00","27/05/2017","13:11:32","présence","Dendroica striata","species","Blackpoll warbler","Paruline rayée","Animalia","Chordata","Aves","Passeriformes","Parulidae","Dendroica","Dendroica striata"
15,46.3908,"13:00:00","13:15:00","27/05/2017","13:00:00","présence","Geothlypis trichas","species","Common yellowthroat","Paruline masquée","Animalia","Chordata","Aves","Passeriformes","Parulidae","Geothlypis","Geothlypis trichas"
15,46.3908,"13:00:00","13:15:00","27/05/2017","13:05:17","présence","Dendroica pensylvanica","species","Chestnut-sided warbler","Paruline à flancs marron","Animalia","Chordata","Aves","Passeriformes","Parulidae","Dendroica","Dendroica pensylvanica"
15,46.3908,"13:00:00","13:15:00","27/05/2017","13:03:20","présence","Dendroica pensylvanica","species","Chestnut-sided warbler","Paruline à flancs marron","Animalia","Chordata","Aves","Passeriformes","Parulidae","Dendroica","Dendroica pensylvanica"
15,46.3908,"13:00:00","13:15:00","27/05/2017","13:00:07","présence","Leiothlypis ruficapilla","species","Nashville warbler","Paruline à joues grises","Animalia","Chordata","Aves","Passeriformes","Parulidae","Leiothlypis","Leiothlypis ruficapilla"
15,46.3908,"13:00:00","13:15:00","27/05/2017","13:07:11","présence","Dendroica palmarum","species","Palm warbler","Paruline à couronne rousse","Animalia","Chordata","Aves","Passeriformes","Parulidae","Dendroica","Dendroica palmarum"
15,46.3908,"13:00:00","13:15:00","27/05/2017","13:05:34","présence","Dendroica palmarum","species","Palm warbler","Paruline à couronne rousse","Animalia","Chordata","Aves","Passeriformes","Parulidae","Dendroica","Dendroica palmarum"
15,46.3908,"13:00:00","13:15:00","27/05/2017","13:00:02","présence","Agelaius phoeniceus","species","Red-winged blackbird","Carouge à épaulettes","Animalia","Chordata","Aves","Passeriformes","Icteridae","Agelaius","Agelaius phoeniceus"
15,46.3908,"13:00:00","13:15:00","27/05/2017","13:00:41","présence","Melospiza georgiana","species","Swamp sparrow","Bruant des marais","Animalia","Chordata","Aves","Passeriformes","Passerellidae","Melospiza","Melospiza georgiana"
15,46.3908,"13:00:00","13:15:00","27/05/2017","13:14:36","présence","Tachycineta bicolor","species","Tree swallow","Hirondelle bicolore","Animalia","Chordata","Aves","Passeriformes","Hirundinidae","Tachycineta","Tachycineta bicolor"
15,46.3908,"13:00:00","13:15:00","27/05/2017","13:02:00","présence","Catharus fuscescens","species","Veery","Grive fauve","Animalia","Chordata","Aves","Passeriformes","Turdidae","Catharus","Catharus fuscescens"
15,46.3908,"13:00:00","13:15:00","27/05/2017","13:07:54","présence","Cardellina pusilla","species","Wilson's warbler","Paruline à calotte noire","Animalia","Chordata","Aves","Passeriformes","Parulidae","Cardellina","Cardellina pusilla"
15,46.3908,"13:00:00","13:15:00","27/05/2017","13:00:35","présence","Zonotrichia albicollis","species","White-throated sparrow","Bruant à gorge blanche","Animalia","Chordata","Aves","Passeriformes","Passerellidae","Zonotrichia","Zonotrichia albicollis"
15,46.3908,"13:00:00","13:15:00","27/05/2017","13:02:13","présence","Dendroica","genus","Northern warblers","Paruline bleue","Animalia","Chordata","Aves","Passeriformes","Parulidae","Dendroica","NULL"
15,46.3908,"13:00:00","13:15:00","27/05/2017","13:01:45","présence","Vireo","genus","NULL","NULL","Animalia","Chordata","Aves","Passeriformes","Vireonidae","Vireo","NULL"
15,46.3908,"19:00:00","19:15:00","27/05/2017","NULL","présence","Empidonax alnorum","species","Alder flycatcher","Moucherolle des aulnes","Animalia","Chordata","Aves","Passeriformes","Tyrannidae","Empidonax","Empidonax alnorum"
15,46.3908,"19:00:00","19:15:00","27/05/2017","NULL","présence","Botaurus lentiginosus","species","American bittern","Butor d'amérique","Animalia","Chordata","Aves","Pelecaniformes","Ardeidae","Botaurus","Botaurus lentiginosus"
15,46.3908,"19:00:00","19:15:00","27/05/2017","NULL","présence","Setophaga ruticilla","species","American redstart","Paruline flamboyante","Animalia","Chordata","Aves","Passeriformes","Parulidae","Setophaga","Setophaga ruticilla"
15,46.3908,"19:00:00","19:15:00","27/05/2017","NULL","présence","Geothlypis trichas","species","Common yellowthroat","Paruline masquée","Animalia","Chordata","Aves","Passeriformes","Parulidae","Geothlypis","Geothlypis trichas"
15,46.3908,"19:00:00","19:15:00","27/05/2017","NULL","présence","Dendroica magnolia","species","Magnolia warbler","Paruline à tête cendrée","Animalia","Chordata","Aves","Passeriformes","Parulidae","Dendroica","Dendroica magnolia"
15,46.3908,"19:00:00","19:15:00","27/05/2017","NULL","présence","Agelaius phoeniceus","species","Red-winged blackbird","Carouge à épaulettes","Animalia","Chordata","Aves","Passeriformes","Icteridae","Agelaius","Agelaius phoeniceus"
15,46.3908,"19:00:00","19:15:00","27/05/2017","NULL","présence","Catharus fuscescens","species","Veery","Grive fauve","Animalia","Chordata","Aves","Passeriformes","Turdidae","Catharus","Catharus fuscescens"
15,46.3908,"22:00:00","22:03:00","27/05/2017","22:01:21","présence","Zonotrichia albicollis","species","White-throated sparrow","Bruant à gorge blanche","Animalia","Chordata","Aves","Passeriformes","Passerellidae","Zonotrichia","Zonotrichia albicollis"
