"site_id","lat","time_start","time_finish","date_obs","time_obs","variable","valid_scientific_name","rank","vernacular_en","vernacular_fr","kingdom","phylum","class","order","family","genus","species"
160,46.8771,"12:00:00","12:15:00","2019-05-13","NULL","présence","Cyanocitta cristata","species","Blue jay","Geai bleu","Animalia","Chordata","Aves","Passeriformes","Corvidae","Cyanocitta","Cyanocitta cristata"
160,46.8771,"12:00:00","12:15:00","2019-05-13","NULL","présence","Leiothlypis ruficapilla","species","Nashville warbler","Paruline à joues grises","Animalia","Chordata","Aves","Passeriformes","Parulidae","Leiothlypis","Leiothlypis ruficapilla"
160,46.8771,"13:00:00","13:15:00","2019-05-13","NULL","présence","Corvus corax","species","Common raven","Grand corbeau","Animalia","Chordata","Aves","Passeriformes","Corvidae","Corvus","Corvus corax"
160,46.8771,"13:00:00","13:15:00","2019-05-13","NULL","présence","Dendroica coronata","species","Yellow-rumped warbler","Paruline à croupion jaune","Animalia","Chordata","Aves","Passeriformes","Parulidae","Dendroica","Dendroica coronata"
160,46.8771,"19:00:00","19:15:00","2019-05-13","NULL","présence","Cyanocitta cristata","species","Blue jay","Geai bleu","Animalia","Chordata","Aves","Passeriformes","Corvidae","Cyanocitta","Cyanocitta cristata"
160,46.8771,"20:00:00","20:15:00","2019-05-13","NULL","présence","Leiothlypis ruficapilla","species","Nashville warbler","Paruline à joues grises","Animalia","Chordata","Aves","Passeriformes","Parulidae","Leiothlypis","Leiothlypis ruficapilla"
