"site_id","lat","time_start","time_finish","date_obs","time_obs","variable","valid_scientific_name","rank","vernacular_en","vernacular_fr","kingdom","phylum","class","order","family","genus","species"
100,49.83417,"07:00:00","07:03:00","2018-06-12","07:00:08","présence","Junco hyemalis","species","Dark-eyed junco","Junco ardoisé","Animalia","Chordata","Aves","Passeriformes","Passerellidae","Junco","Junco hyemalis"
100,49.83417,"07:00:00","07:03:00","2018-06-12","07:00:00","présence","Regulus satrapa","species","Golden-crowned kinglet","Roitelet à couronne dorée","Animalia","Chordata","Aves","Passeriformes","Regulidae","Regulus","Regulus satrapa"
100,49.83417,"07:00:00","07:03:00","2018-06-12","07:01:05","présence","Regulus satrapa","species","Golden-crowned kinglet","Roitelet à couronne dorée","Animalia","Chordata","Aves","Passeriformes","Regulidae","Regulus","Regulus satrapa"
100,49.83417,"07:00:00","07:03:00","2018-06-12","07:00:00","présence","Regulus calendula","species","Ruby-crowned kinglet","Roitelet à couronne rubis","Animalia","Chordata","Aves","Passeriformes","Regulidae","Regulus","Regulus calendula"
100,49.83417,"07:00:00","07:03:00","2018-06-12","07:00:59","présence","Zonotrichia albicollis","species","White-throated sparrow","Bruant à gorge blanche","Animalia","Chordata","Aves","Passeriformes","Passerellidae","Zonotrichia","Zonotrichia albicollis"
100,49.83417,"21:00:00","21:03:00","2018-06-12","21:00:24","présence","Laridae","family","Gulls","Becs-en-ciseaux","Animalia","Chordata","Aves","Charadriiformes","Laridae","NULL","NULL"
100,49.83417,"21:00:00","21:03:00","2018-06-12","21:00:25","présence","Junco hyemalis","species","Dark-eyed junco","Junco ardoisé","Animalia","Chordata","Aves","Passeriformes","Passerellidae","Junco","Junco hyemalis"
100,49.83417,"21:00:00","21:03:00","2018-06-12","21:00:35","présence","Regulus calendula","species","Ruby-crowned kinglet","Roitelet à couronne rubis","Animalia","Chordata","Aves","Passeriformes","Regulidae","Regulus","Regulus calendula"
100,49.83417,"21:00:00","21:03:00","2018-06-12","21:00:11","présence","Dendroica coronata","species","Yellow-rumped warbler","Paruline à croupion jaune","Animalia","Chordata","Aves","Passeriformes","Parulidae","Dendroica","Dendroica coronata"
