"site_id","lat","time_start","time_finish","date_obs","time_obs","variable","valid_scientific_name","rank","vernacular_en","vernacular_fr","kingdom","phylum","class","order","family","genus","species"
12,46.8684,"04:00:00","04:15:00","04/06/2017","04:14:16","présence","Passerellidae","family","American sparrows","Passereaux","Animalia","Chordata","Aves","Passeriformes","Passerellidae","NULL","NULL"
12,46.8684,"04:00:00","04:15:00","04/06/2017","04:06:44","présence","Empidonax alnorum","species","Alder flycatcher","Moucherolle des aulnes","Animalia","Chordata","Aves","Passeriformes","Tyrannidae","Empidonax","Empidonax alnorum"
12,46.8684,"04:00:00","04:15:00","04/06/2017","04:11:28","présence","Geothlypis trichas","species","Common yellowthroat","Paruline masquée","Animalia","Chordata","Aves","Passeriformes","Parulidae","Geothlypis","Geothlypis trichas"
12,46.8684,"04:00:00","04:15:00","04/06/2017","04:10:58","présence","Charadrius vociferus","species","Killdeer","Pluvier kildir","Animalia","Chordata","Aves","Charadriiformes","Charadriidae","Charadrius","Charadrius vociferus"
12,46.8684,"04:00:00","04:15:00","04/06/2017","04:03:56","présence","Charadrius vociferus","species","Killdeer","Pluvier kildir","Animalia","Chordata","Aves","Charadriiformes","Charadriidae","Charadrius","Charadrius vociferus"
12,46.8684,"04:00:00","04:15:00","04/06/2017","04:06:27","présence","Seiurus aurocapilla","species","Ovenbird","Paruline couronnée","Animalia","Chordata","Aves","Passeriformes","Parulidae","Seiurus","Seiurus aurocapilla"
12,46.8684,"04:00:00","04:15:00","04/06/2017","04:10:17","présence","Melospiza melodia","species","Song sparrow","Bruant chanteur","Animalia","Chordata","Aves","Passeriformes","Passerellidae","Melospiza","Melospiza melodia"
12,46.8684,"04:00:00","04:15:00","04/06/2017","04:03:44","présence","Melospiza georgiana","species","Swamp sparrow","Bruant des marais","Animalia","Chordata","Aves","Passeriformes","Passerellidae","Melospiza","Melospiza georgiana"
12,46.8684,"04:00:00","04:15:00","04/06/2017","04:00:15","présence","Zonotrichia albicollis","species","White-throated sparrow","Bruant à gorge blanche","Animalia","Chordata","Aves","Passeriformes","Passerellidae","Zonotrichia","Zonotrichia albicollis"
12,46.8684,"05:00:00","05:15:00","04/06/2017","05:00:44","présence","Empidonax alnorum","species","Alder flycatcher","Moucherolle des aulnes","Animalia","Chordata","Aves","Passeriformes","Tyrannidae","Empidonax","Empidonax alnorum"
12,46.8684,"05:00:00","05:15:00","04/06/2017","05:05:28","présence","Corvus brachyrhynchos","species","American crow","Corneille d'amérique","Animalia","Chordata","Aves","Passeriformes","Corvidae","Corvus","Corvus brachyrhynchos"
12,46.8684,"05:00:00","05:15:00","04/06/2017","05:01:18","présence","Parus atricapilla","species","Black-capped chickadee","Mésange à tête noire","Animalia","Chordata","Aves","Passeriformes","Paridae","Parus","Parus atricapilla"
12,46.8684,"05:00:00","05:15:00","04/06/2017","05:04:04","présence","Quiscalus quiscula","species","Common grackle","Quiscale bronzé","Animalia","Chordata","Aves","Passeriformes","Icteridae","Quiscalus","Quiscalus quiscula"
12,46.8684,"05:00:00","05:15:00","04/06/2017","05:00:18","présence","Geothlypis trichas","species","Common yellowthroat","Paruline masquée","Animalia","Chordata","Aves","Passeriformes","Parulidae","Geothlypis","Geothlypis trichas"
12,46.8684,"05:00:00","05:15:00","04/06/2017","05:07:14","présence","Dendroica magnolia","species","Magnolia warbler","Paruline à tête cendrée","Animalia","Chordata","Aves","Passeriformes","Parulidae","Dendroica","Dendroica magnolia"
12,46.8684,"05:00:00","05:15:00","04/06/2017","05:00:12","présence","Leiothlypis ruficapilla","species","Nashville warbler","Paruline à joues grises","Animalia","Chordata","Aves","Passeriformes","Parulidae","Leiothlypis","Leiothlypis ruficapilla"
12,46.8684,"05:00:00","05:15:00","04/06/2017","05:04:40","présence","Seiurus aurocapilla","species","Ovenbird","Paruline couronnée","Animalia","Chordata","Aves","Passeriformes","Parulidae","Seiurus","Seiurus aurocapilla"
12,46.8684,"05:00:00","05:15:00","04/06/2017","05:00:01","présence","Agelaius phoeniceus","species","Red-winged blackbird","Carouge à épaulettes","Animalia","Chordata","Aves","Passeriformes","Icteridae","Agelaius","Agelaius phoeniceus"
12,46.8684,"05:00:00","05:15:00","04/06/2017","05:06:25","présence","Actitis macularia","species","Spotted sandpiper","Chevalier grivelé","Animalia","Chordata","Aves","Charadriiformes","Scolopacidae","Actitis","Actitis macularia"
12,46.8684,"05:00:00","05:15:00","04/06/2017","05:02:33","présence","Melospiza georgiana","species","Swamp sparrow","Bruant des marais","Animalia","Chordata","Aves","Passeriformes","Passerellidae","Melospiza","Melospiza georgiana"
12,46.8684,"05:00:00","05:15:00","04/06/2017","05:00:15","présence","Leiothlypis peregrina","species","Tennessee warbler","Paruline obscure","Animalia","Chordata","Aves","Passeriformes","Parulidae","Leiothlypis","Leiothlypis peregrina"
12,46.8684,"05:00:00","05:15:00","04/06/2017","05:00:40","présence","Troglodytes hiemalis","species","Animals","Troglodyte des forêts","Animalia","Chordata","Aves","Passeriformes","Troglodytidae","Troglodytes","Troglodytes hiemalis"
12,46.8684,"05:00:00","05:15:00","04/06/2017","05:00:10","présence","Zonotrichia albicollis","species","White-throated sparrow","Bruant à gorge blanche","Animalia","Chordata","Aves","Passeriformes","Passerellidae","Zonotrichia","Zonotrichia albicollis"
12,46.8684,"05:00:00","05:15:00","04/06/2017","05:10:24","présence","Dendroica coronata","species","Yellow-rumped warbler","Paruline à croupion jaune","Animalia","Chordata","Aves","Passeriformes","Parulidae","Dendroica","Dendroica coronata"
12,46.8684,"05:00:00","05:15:00","04/06/2017","05:08:59","présence","Dendroica coronata","species","Yellow-rumped warbler","Paruline à croupion jaune","Animalia","Chordata","Aves","Passeriformes","Parulidae","Dendroica","Dendroica coronata"
12,46.8684,"05:00:00","05:15:00","04/06/2017","05:12:38","présence","Vireo","genus","NULL","NULL","Animalia","Chordata","Aves","Passeriformes","Vireonidae","Vireo","NULL"
12,46.8684,"05:00:00","05:15:00","04/06/2017","05:00:04","présence","Vireo","genus","NULL","NULL","Animalia","Chordata","Aves","Passeriformes","Vireonidae","Vireo","NULL"
12,46.8684,"06:00:00","06:03:00","04/06/2017","06:01:17","présence","Parulidae","family","New world warblers","Passereaux","Animalia","Chordata","Aves","Passeriformes","Parulidae","NULL","NULL"
12,46.8684,"06:00:00","06:03:00","04/06/2017","06:00:02","présence","Empidonax alnorum","species","Alder flycatcher","Moucherolle des aulnes","Animalia","Chordata","Aves","Passeriformes","Tyrannidae","Empidonax","Empidonax alnorum"
12,46.8684,"06:00:00","06:03:00","04/06/2017","06:00:14","présence","Corvus brachyrhynchos","species","American crow","Corneille d'amérique","Animalia","Chordata","Aves","Passeriformes","Corvidae","Corvus","Corvus brachyrhynchos"
12,46.8684,"06:00:00","06:03:00","04/06/2017","06:01:46","présence","Carduelis tristis","species","American goldfinch","Chardonneret jaune","Animalia","Chordata","Aves","Passeriformes","Fringillidae","Carduelis","Carduelis tristis"
12,46.8684,"06:00:00","06:03:00","04/06/2017","06:00:04","présence","Parus atricapilla","species","Black-capped chickadee","Mésange à tête noire","Animalia","Chordata","Aves","Passeriformes","Paridae","Parus","Parus atricapilla"
12,46.8684,"06:00:00","06:03:00","04/06/2017","06:01:57","présence","Charadrius vociferus","species","Killdeer","Pluvier kildir","Animalia","Chordata","Aves","Charadriiformes","Charadriidae","Charadrius","Charadrius vociferus"
12,46.8684,"06:00:00","06:03:00","04/06/2017","06:01:01","présence","Dendroica magnolia","species","Magnolia warbler","Paruline à tête cendrée","Animalia","Chordata","Aves","Passeriformes","Parulidae","Dendroica","Dendroica magnolia"
12,46.8684,"06:00:00","06:03:00","04/06/2017","06:00:06","présence","Zenaida macroura","species","Mourning dove","Tourterelle triste","Animalia","Chordata","Aves","Columbiformes","Columbidae","Zenaida","Zenaida macroura"
12,46.8684,"06:00:00","06:03:00","04/06/2017","06:00:05","présence","Leiothlypis ruficapilla","species","Nashville warbler","Paruline à joues grises","Animalia","Chordata","Aves","Passeriformes","Parulidae","Leiothlypis","Leiothlypis ruficapilla"
12,46.8684,"06:00:00","06:03:00","04/06/2017","06:00:00","présence","Seiurus aurocapilla","species","Ovenbird","Paruline couronnée","Animalia","Chordata","Aves","Passeriformes","Parulidae","Seiurus","Seiurus aurocapilla"
12,46.8684,"06:00:00","06:03:00","04/06/2017","06:00:22","présence","Seiurus aurocapilla","species","Ovenbird","Paruline couronnée","Animalia","Chordata","Aves","Passeriformes","Parulidae","Seiurus","Seiurus aurocapilla"
12,46.8684,"06:00:00","06:03:00","04/06/2017","06:02:02","présence","Bonasa umbellus","species","Ruffed grouse","Gélinotte huppée","Animalia","Chordata","Aves","Galliformes","Phasianidae","Bonasa","Bonasa umbellus"
12,46.8684,"06:00:00","06:03:00","04/06/2017","06:00:12","présence","Agelaius phoeniceus","species","Red-winged blackbird","Carouge à épaulettes","Animalia","Chordata","Aves","Passeriformes","Icteridae","Agelaius","Agelaius phoeniceus"
12,46.8684,"06:00:00","06:03:00","04/06/2017","06:02:44","présence","Agelaius phoeniceus","species","Red-winged blackbird","Carouge à épaulettes","Animalia","Chordata","Aves","Passeriformes","Icteridae","Agelaius","Agelaius phoeniceus"
12,46.8684,"06:00:00","06:03:00","04/06/2017","06:02:11","présence","Melospiza georgiana","species","Swamp sparrow","Bruant des marais","Animalia","Chordata","Aves","Passeriformes","Passerellidae","Melospiza","Melospiza georgiana"
12,46.8684,"06:00:00","06:03:00","04/06/2017","06:00:09","présence","Gallinago delicata","species","Wilson's snipe","Bécassine de wilson","Animalia","Chordata","Aves","Charadriiformes","Scolopacidae","Gallinago","Gallinago delicata"
12,46.8684,"06:00:00","06:03:00","04/06/2017","06:00:07","présence","Troglodytes hiemalis","species","Animals","Troglodyte des forêts","Animalia","Chordata","Aves","Passeriformes","Troglodytidae","Troglodytes","Troglodytes hiemalis"
12,46.8684,"06:00:00","06:03:00","04/06/2017","06:00:13","présence","Zonotrichia albicollis","species","White-throated sparrow","Bruant à gorge blanche","Animalia","Chordata","Aves","Passeriformes","Passerellidae","Zonotrichia","Zonotrichia albicollis"
12,46.8684,"06:00:00","06:03:00","04/06/2017","06:00:16","présence","Zonotrichia albicollis","species","White-throated sparrow","Bruant à gorge blanche","Animalia","Chordata","Aves","Passeriformes","Passerellidae","Zonotrichia","Zonotrichia albicollis"
12,46.8684,"06:00:00","06:03:00","04/06/2017","06:02:12","présence","Sphyrapicus varius","species","Yellow-bellied sapsucker","Pic maculé","Animalia","Chordata","Aves","Piciformes","Picidae","Sphyrapicus","Sphyrapicus varius"
12,46.8684,"06:00:00","06:03:00","04/06/2017","06:00:17","présence","Dendroica coronata","species","Yellow-rumped warbler","Paruline à croupion jaune","Animalia","Chordata","Aves","Passeriformes","Parulidae","Dendroica","Dendroica coronata"
12,46.8684,"06:00:00","06:03:00","04/06/2017","06:02:00","présence","Vireo","genus","NULL","NULL","Animalia","Chordata","Aves","Passeriformes","Vireonidae","Vireo","NULL"
12,46.8684,"06:00:00","06:15:00","04/06/2017","06:00:35","présence","Empidonax alnorum","species","Alder flycatcher","Moucherolle des aulnes","Animalia","Chordata","Aves","Passeriformes","Tyrannidae","Empidonax","Empidonax alnorum"
12,46.8684,"06:00:00","06:15:00","04/06/2017","06:06:44","présence","Corvus brachyrhynchos","species","American crow","Corneille d'amérique","Animalia","Chordata","Aves","Passeriformes","Corvidae","Corvus","Corvus brachyrhynchos"
12,46.8684,"06:00:00","06:15:00","04/06/2017","06:02:22","présence","Parus atricapilla","species","Black-capped chickadee","Mésange à tête noire","Animalia","Chordata","Aves","Passeriformes","Paridae","Parus","Parus atricapilla"
12,46.8684,"06:00:00","06:15:00","04/06/2017","06:06:08","présence","Quiscalus quiscula","species","Common grackle","Quiscale bronzé","Animalia","Chordata","Aves","Passeriformes","Icteridae","Quiscalus","Quiscalus quiscula"
12,46.8684,"06:00:00","06:15:00","04/06/2017","06:12:48","présence","Geothlypis trichas","species","Common yellowthroat","Paruline masquée","Animalia","Chordata","Aves","Passeriformes","Parulidae","Geothlypis","Geothlypis trichas"
12,46.8684,"06:00:00","06:15:00","04/06/2017","06:05:35","présence","Charadrius vociferus","species","Killdeer","Pluvier kildir","Animalia","Chordata","Aves","Charadriiformes","Charadriidae","Charadrius","Charadrius vociferus"
12,46.8684,"06:00:00","06:15:00","04/06/2017","06:01:58","présence","Charadrius vociferus","species","Killdeer","Pluvier kildir","Animalia","Chordata","Aves","Charadriiformes","Charadriidae","Charadrius","Charadrius vociferus"
12,46.8684,"06:00:00","06:15:00","04/06/2017","06:06:34","présence","Dendroica magnolia","species","Magnolia warbler","Paruline à tête cendrée","Animalia","Chordata","Aves","Passeriformes","Parulidae","Dendroica","Dendroica magnolia"
12,46.8684,"06:00:00","06:15:00","04/06/2017","06:01:02","présence","Dendroica magnolia","species","Magnolia warbler","Paruline à tête cendrée","Animalia","Chordata","Aves","Passeriformes","Parulidae","Dendroica","Dendroica magnolia"
12,46.8684,"06:00:00","06:15:00","04/06/2017","06:00:39","présence","Zenaida macroura","species","Mourning dove","Tourterelle triste","Animalia","Chordata","Aves","Columbiformes","Columbidae","Zenaida","Zenaida macroura"
12,46.8684,"06:00:00","06:15:00","04/06/2017","06:00:06","présence","Zenaida macroura","species","Mourning dove","Tourterelle triste","Animalia","Chordata","Aves","Columbiformes","Columbidae","Zenaida","Zenaida macroura"
12,46.8684,"06:00:00","06:15:00","04/06/2017","06:00:28","présence","Leiothlypis ruficapilla","species","Nashville warbler","Paruline à joues grises","Animalia","Chordata","Aves","Passeriformes","Parulidae","Leiothlypis","Leiothlypis ruficapilla"
12,46.8684,"06:00:00","06:15:00","04/06/2017","06:01:26","présence","Seiurus aurocapilla","species","Ovenbird","Paruline couronnée","Animalia","Chordata","Aves","Passeriformes","Parulidae","Seiurus","Seiurus aurocapilla"
12,46.8684,"06:00:00","06:15:00","04/06/2017","06:00:00","présence","Seiurus aurocapilla","species","Ovenbird","Paruline couronnée","Animalia","Chordata","Aves","Passeriformes","Parulidae","Seiurus","Seiurus aurocapilla"
12,46.8684,"06:00:00","06:15:00","04/06/2017","06:12:40","présence","Sitta canadensis","species","Red-breasted nuthatch","Sittelle à poitrine rousse","Animalia","Chordata","Aves","Passeriformes","Sittidae","Sitta","Sitta canadensis"
12,46.8684,"06:00:00","06:15:00","04/06/2017","06:01:35","présence","Agelaius phoeniceus","species","Red-winged blackbird","Carouge à épaulettes","Animalia","Chordata","Aves","Passeriformes","Icteridae","Agelaius","Agelaius phoeniceus"
12,46.8684,"06:00:00","06:15:00","04/06/2017","06:10:10","présence","Melospiza melodia","species","Song sparrow","Bruant chanteur","Animalia","Chordata","Aves","Passeriformes","Passerellidae","Melospiza","Melospiza melodia"
12,46.8684,"06:00:00","06:15:00","04/06/2017","06:13:29","présence","Actitis macularia","species","Spotted sandpiper","Chevalier grivelé","Animalia","Chordata","Aves","Charadriiformes","Scolopacidae","Actitis","Actitis macularia"
12,46.8684,"06:00:00","06:15:00","04/06/2017","06:09:25","présence","Actitis macularia","species","Spotted sandpiper","Chevalier grivelé","Animalia","Chordata","Aves","Charadriiformes","Scolopacidae","Actitis","Actitis macularia"
12,46.8684,"06:00:00","06:15:00","04/06/2017","06:02:12","présence","Melospiza georgiana","species","Swamp sparrow","Bruant des marais","Animalia","Chordata","Aves","Passeriformes","Passerellidae","Melospiza","Melospiza georgiana"
12,46.8684,"06:00:00","06:15:00","04/06/2017","06:14:52","présence","Gallinago delicata","species","Wilson's snipe","Bécassine de wilson","Animalia","Chordata","Aves","Charadriiformes","Scolopacidae","Gallinago","Gallinago delicata"
12,46.8684,"06:00:00","06:15:00","04/06/2017","06:00:43","présence","Gallinago delicata","species","Wilson's snipe","Bécassine de wilson","Animalia","Chordata","Aves","Charadriiformes","Scolopacidae","Gallinago","Gallinago delicata"
12,46.8684,"06:00:00","06:15:00","04/06/2017","06:01:12","présence","Troglodytes hiemalis","species","Animals","Troglodyte des forêts","Animalia","Chordata","Aves","Passeriformes","Troglodytidae","Troglodytes","Troglodytes hiemalis"
12,46.8684,"06:00:00","06:15:00","04/06/2017","06:03:26","présence","Zonotrichia albicollis","species","White-throated sparrow","Bruant à gorge blanche","Animalia","Chordata","Aves","Passeriformes","Passerellidae","Zonotrichia","Zonotrichia albicollis"
12,46.8684,"06:00:00","06:15:00","04/06/2017","06:10:31","présence","Sphyrapicus varius","species","Yellow-bellied sapsucker","Pic maculé","Animalia","Chordata","Aves","Piciformes","Picidae","Sphyrapicus","Sphyrapicus varius"
12,46.8684,"06:00:00","06:15:00","04/06/2017","06:01:21","présence","Dendroica coronata","species","Yellow-rumped warbler","Paruline à croupion jaune","Animalia","Chordata","Aves","Passeriformes","Parulidae","Dendroica","Dendroica coronata"
12,46.8684,"06:00:00","06:15:00","04/06/2017","06:00:18","présence","Dendroica coronata","species","Yellow-rumped warbler","Paruline à croupion jaune","Animalia","Chordata","Aves","Passeriformes","Parulidae","Dendroica","Dendroica coronata"
12,46.8684,"06:00:00","06:15:00","04/06/2017","06:02:26","présence","Vireo","genus","NULL","NULL","Animalia","Chordata","Aves","Passeriformes","Vireonidae","Vireo","NULL"
12,46.8684,"07:00:00","07:15:00","04/06/2017","07:12:22","présence","Passerellidae","family","American sparrows","Passereaux","Animalia","Chordata","Aves","Passeriformes","Passerellidae","NULL","NULL"
12,46.8684,"07:00:00","07:15:00","04/06/2017","07:02:46","présence","Passeriformes","order","Perching birds","Passereaux","Animalia","Chordata","Aves","Passeriformes","NULL","NULL","NULL"
12,46.8684,"07:00:00","07:15:00","04/06/2017","07:11:47","présence","Parulidae","family","New world warblers","Passereaux","Animalia","Chordata","Aves","Passeriformes","Parulidae","NULL","NULL"
12,46.8684,"07:00:00","07:15:00","04/06/2017","07:11:03","présence","Parulidae","family","New world warblers","Passereaux","Animalia","Chordata","Aves","Passeriformes","Parulidae","NULL","NULL"
12,46.8684,"07:00:00","07:15:00","04/06/2017","07:00:30","présence","Empidonax alnorum","species","Alder flycatcher","Moucherolle des aulnes","Animalia","Chordata","Aves","Passeriformes","Tyrannidae","Empidonax","Empidonax alnorum"
12,46.8684,"07:00:00","07:15:00","04/06/2017","07:00:12","présence","Corvus brachyrhynchos","species","American crow","Corneille d'amérique","Animalia","Chordata","Aves","Passeriformes","Corvidae","Corvus","Corvus brachyrhynchos"
12,46.8684,"07:00:00","07:15:00","04/06/2017","07:06:21","présence","Carduelis tristis","species","American goldfinch","Chardonneret jaune","Animalia","Chordata","Aves","Passeriformes","Fringillidae","Carduelis","Carduelis tristis"
12,46.8684,"07:00:00","07:15:00","04/06/2017","07:11:08","présence","Setophaga ruticilla","species","American redstart","Paruline flamboyante","Animalia","Chordata","Aves","Passeriformes","Parulidae","Setophaga","Setophaga ruticilla"
12,46.8684,"07:00:00","07:15:00","04/06/2017","07:08:08","présence","Setophaga ruticilla","species","American redstart","Paruline flamboyante","Animalia","Chordata","Aves","Passeriformes","Parulidae","Setophaga","Setophaga ruticilla"
12,46.8684,"07:00:00","07:15:00","04/06/2017","07:11:37","présence","Parus atricapilla","species","Black-capped chickadee","Mésange à tête noire","Animalia","Chordata","Aves","Passeriformes","Paridae","Parus","Parus atricapilla"
12,46.8684,"07:00:00","07:15:00","04/06/2017","07:01:15","présence","Parus atricapilla","species","Black-capped chickadee","Mésange à tête noire","Animalia","Chordata","Aves","Passeriformes","Paridae","Parus","Parus atricapilla"
12,46.8684,"07:00:00","07:15:00","04/06/2017","07:13:06","présence","Cyanocitta cristata","species","Blue jay","Geai bleu","Animalia","Chordata","Aves","Passeriformes","Corvidae","Cyanocitta","Cyanocitta cristata"
12,46.8684,"07:00:00","07:15:00","04/06/2017","07:00:23","présence","Dendroica virens","species","Black-throated green warbler","Paruline à gorge noire","Animalia","Chordata","Aves","Passeriformes","Parulidae","Dendroica","Dendroica virens"
12,46.8684,"07:00:00","07:15:00","04/06/2017","07:01:30","présence","Quiscalus quiscula","species","Common grackle","Quiscale bronzé","Animalia","Chordata","Aves","Passeriformes","Icteridae","Quiscalus","Quiscalus quiscula"
12,46.8684,"07:00:00","07:15:00","04/06/2017","07:00:10","présence","Geothlypis trichas","species","Common yellowthroat","Paruline masquée","Animalia","Chordata","Aves","Passeriformes","Parulidae","Geothlypis","Geothlypis trichas"
12,46.8684,"07:00:00","07:15:00","04/06/2017","07:11:19","présence","Dendroica magnolia","species","Magnolia warbler","Paruline à tête cendrée","Animalia","Chordata","Aves","Passeriformes","Parulidae","Dendroica","Dendroica magnolia"
12,46.8684,"07:00:00","07:15:00","04/06/2017","07:00:06","présence","Dendroica magnolia","species","Magnolia warbler","Paruline à tête cendrée","Animalia","Chordata","Aves","Passeriformes","Parulidae","Dendroica","Dendroica magnolia"
12,46.8684,"07:00:00","07:15:00","04/06/2017","07:00:00","présence","Leiothlypis ruficapilla","species","Nashville warbler","Paruline à joues grises","Animalia","Chordata","Aves","Passeriformes","Parulidae","Leiothlypis","Leiothlypis ruficapilla"
12,46.8684,"07:00:00","07:15:00","04/06/2017","07:02:41","présence","Colaptes auratus","species","Northern flicker","Pic flamboyant","Animalia","Chordata","Aves","Piciformes","Picidae","Colaptes","Colaptes auratus"
12,46.8684,"07:00:00","07:15:00","04/06/2017","07:00:18","présence","Seiurus aurocapilla","species","Ovenbird","Paruline couronnée","Animalia","Chordata","Aves","Passeriformes","Parulidae","Seiurus","Seiurus aurocapilla"
12,46.8684,"07:00:00","07:15:00","04/06/2017","07:00:07","présence","Agelaius phoeniceus","species","Red-winged blackbird","Carouge à épaulettes","Animalia","Chordata","Aves","Passeriformes","Icteridae","Agelaius","Agelaius phoeniceus"
12,46.8684,"07:00:00","07:15:00","04/06/2017","07:02:29","présence","Melospiza melodia","species","Song sparrow","Bruant chanteur","Animalia","Chordata","Aves","Passeriformes","Passerellidae","Melospiza","Melospiza melodia"
12,46.8684,"07:00:00","07:15:00","04/06/2017","07:14:34","présence","Actitis macularia","species","Spotted sandpiper","Chevalier grivelé","Animalia","Chordata","Aves","Charadriiformes","Scolopacidae","Actitis","Actitis macularia"
12,46.8684,"07:00:00","07:15:00","04/06/2017","07:08:48","présence","Actitis macularia","species","Spotted sandpiper","Chevalier grivelé","Animalia","Chordata","Aves","Charadriiformes","Scolopacidae","Actitis","Actitis macularia"
12,46.8684,"07:00:00","07:15:00","04/06/2017","07:04:54","présence","Melospiza georgiana","species","Swamp sparrow","Bruant des marais","Animalia","Chordata","Aves","Passeriformes","Passerellidae","Melospiza","Melospiza georgiana"
12,46.8684,"07:00:00","07:15:00","04/06/2017","07:04:06","présence","Melospiza georgiana","species","Swamp sparrow","Bruant des marais","Animalia","Chordata","Aves","Passeriformes","Passerellidae","Melospiza","Melospiza georgiana"
12,46.8684,"07:00:00","07:15:00","04/06/2017","07:05:20","présence","Gallinago delicata","species","Wilson's snipe","Bécassine de wilson","Animalia","Chordata","Aves","Charadriiformes","Scolopacidae","Gallinago","Gallinago delicata"
12,46.8684,"07:00:00","07:15:00","04/06/2017","07:04:13","présence","Gallinago delicata","species","Wilson's snipe","Bécassine de wilson","Animalia","Chordata","Aves","Charadriiformes","Scolopacidae","Gallinago","Gallinago delicata"
12,46.8684,"07:00:00","07:15:00","04/06/2017","07:14:17","présence","Cardellina pusilla","species","Wilson's warbler","Paruline à calotte noire","Animalia","Chordata","Aves","Passeriformes","Parulidae","Cardellina","Cardellina pusilla"
12,46.8684,"07:00:00","07:15:00","04/06/2017","07:00:20","présence","Cardellina pusilla","species","Wilson's warbler","Paruline à calotte noire","Animalia","Chordata","Aves","Passeriformes","Parulidae","Cardellina","Cardellina pusilla"
12,46.8684,"07:00:00","07:15:00","04/06/2017","07:00:24","présence","Zonotrichia albicollis","species","White-throated sparrow","Bruant à gorge blanche","Animalia","Chordata","Aves","Passeriformes","Passerellidae","Zonotrichia","Zonotrichia albicollis"
12,46.8684,"07:00:00","07:15:00","04/06/2017","07:00:16","présence","Dendroica coronata","species","Yellow-rumped warbler","Paruline à croupion jaune","Animalia","Chordata","Aves","Passeriformes","Parulidae","Dendroica","Dendroica coronata"
12,46.8684,"07:00:00","07:15:00","04/06/2017","07:00:00","présence","Vireo","genus","NULL","NULL","Animalia","Chordata","Aves","Passeriformes","Vireonidae","Vireo","NULL"
12,46.8684,"08:00:00","08:15:00","04/06/2017","08:00:23","présence","Empidonax alnorum","species","Alder flycatcher","Moucherolle des aulnes","Animalia","Chordata","Aves","Passeriformes","Tyrannidae","Empidonax","Empidonax alnorum"
12,46.8684,"08:00:00","08:15:00","04/06/2017","08:01:30","présence","Carduelis tristis","species","American goldfinch","Chardonneret jaune","Animalia","Chordata","Aves","Passeriformes","Fringillidae","Carduelis","Carduelis tristis"
12,46.8684,"08:00:00","08:15:00","04/06/2017","08:05:21","présence","Setophaga ruticilla","species","American redstart","Paruline flamboyante","Animalia","Chordata","Aves","Passeriformes","Parulidae","Setophaga","Setophaga ruticilla"
12,46.8684,"08:00:00","08:15:00","04/06/2017","08:00:02","présence","Setophaga ruticilla","species","American redstart","Paruline flamboyante","Animalia","Chordata","Aves","Passeriformes","Parulidae","Setophaga","Setophaga ruticilla"
12,46.8684,"08:00:00","08:15:00","04/06/2017","08:01:01","présence","Mniotilta varia","species","Black-and-white warbler","Paruline noir et blanc","Animalia","Chordata","Aves","Passeriformes","Parulidae","Mniotilta","Mniotilta varia"
12,46.8684,"08:00:00","08:15:00","04/06/2017","08:00:00","présence","Mniotilta varia","species","Black-and-white warbler","Paruline noir et blanc","Animalia","Chordata","Aves","Passeriformes","Parulidae","Mniotilta","Mniotilta varia"
12,46.8684,"08:00:00","08:15:00","04/06/2017","08:04:57","présence","Dendroica fusca","species","Blackburnian warbler","Paruline à gorge orangée","Animalia","Chordata","Aves","Passeriformes","Parulidae","Dendroica","Dendroica fusca"
12,46.8684,"08:00:00","08:15:00","04/06/2017","08:03:37","présence","Dendroica fusca","species","Blackburnian warbler","Paruline à gorge orangée","Animalia","Chordata","Aves","Passeriformes","Parulidae","Dendroica","Dendroica fusca"
12,46.8684,"08:00:00","08:15:00","04/06/2017","08:06:54","présence","Quiscalus quiscula","species","Common grackle","Quiscale bronzé","Animalia","Chordata","Aves","Passeriformes","Icteridae","Quiscalus","Quiscalus quiscula"
12,46.8684,"08:00:00","08:15:00","04/06/2017","08:04:54","présence","Quiscalus quiscula","species","Common grackle","Quiscale bronzé","Animalia","Chordata","Aves","Passeriformes","Icteridae","Quiscalus","Quiscalus quiscula"
12,46.8684,"08:00:00","08:15:00","04/06/2017","08:04:29","présence","Geothlypis trichas","species","Common yellowthroat","Paruline masquée","Animalia","Chordata","Aves","Passeriformes","Parulidae","Geothlypis","Geothlypis trichas"
12,46.8684,"08:00:00","08:15:00","04/06/2017","08:12:19","présence","Regulus satrapa","species","Golden-crowned kinglet","Roitelet à couronne dorée","Animalia","Chordata","Aves","Passeriformes","Regulidae","Regulus","Regulus satrapa"
12,46.8684,"08:00:00","08:15:00","04/06/2017","08:00:48","présence","Charadrius vociferus","species","Killdeer","Pluvier kildir","Animalia","Chordata","Aves","Charadriiformes","Charadriidae","Charadrius","Charadrius vociferus"
12,46.8684,"08:00:00","08:15:00","04/06/2017","08:02:10","présence","Dendroica magnolia","species","Magnolia warbler","Paruline à tête cendrée","Animalia","Chordata","Aves","Passeriformes","Parulidae","Dendroica","Dendroica magnolia"
12,46.8684,"08:00:00","08:15:00","04/06/2017","08:01:06","présence","Leiothlypis ruficapilla","species","Nashville warbler","Paruline à joues grises","Animalia","Chordata","Aves","Passeriformes","Parulidae","Leiothlypis","Leiothlypis ruficapilla"
12,46.8684,"08:00:00","08:15:00","04/06/2017","08:04:06","présence","Seiurus aurocapilla","species","Ovenbird","Paruline couronnée","Animalia","Chordata","Aves","Passeriformes","Parulidae","Seiurus","Seiurus aurocapilla"
12,46.8684,"08:00:00","08:15:00","04/06/2017","08:03:47","présence","Haemorhous purpureus","species","Purple finch","Roselin pourpré","Animalia","Chordata","Aves","Passeriformes","Fringillidae","Haemorhous","Haemorhous purpureus"
12,46.8684,"08:00:00","08:15:00","04/06/2017","08:11:33","présence","Sitta canadensis","species","Red-breasted nuthatch","Sittelle à poitrine rousse","Animalia","Chordata","Aves","Passeriformes","Sittidae","Sitta","Sitta canadensis"
12,46.8684,"08:00:00","08:15:00","04/06/2017","08:00:06","présence","Bonasa umbellus","species","Ruffed grouse","Gélinotte huppée","Animalia","Chordata","Aves","Galliformes","Phasianidae","Bonasa","Bonasa umbellus"
12,46.8684,"08:00:00","08:15:00","04/06/2017","08:01:22","présence","Agelaius phoeniceus","species","Red-winged blackbird","Carouge à épaulettes","Animalia","Chordata","Aves","Passeriformes","Icteridae","Agelaius","Agelaius phoeniceus"
12,46.8684,"08:00:00","08:15:00","04/06/2017","08:00:08","présence","Melospiza melodia","species","Song sparrow","Bruant chanteur","Animalia","Chordata","Aves","Passeriformes","Passerellidae","Melospiza","Melospiza melodia"
12,46.8684,"08:00:00","08:15:00","04/06/2017","08:03:50","présence","Actitis macularia","species","Spotted sandpiper","Chevalier grivelé","Animalia","Chordata","Aves","Charadriiformes","Scolopacidae","Actitis","Actitis macularia"
12,46.8684,"08:00:00","08:15:00","04/06/2017","08:00:08","présence","Melospiza georgiana","species","Swamp sparrow","Bruant des marais","Animalia","Chordata","Aves","Passeriformes","Passerellidae","Melospiza","Melospiza georgiana"
12,46.8684,"08:00:00","08:15:00","04/06/2017","08:01:50","présence","Gallinago delicata","species","Wilson's snipe","Bécassine de wilson","Animalia","Chordata","Aves","Charadriiformes","Scolopacidae","Gallinago","Gallinago delicata"
12,46.8684,"08:00:00","08:15:00","04/06/2017","08:00:38","présence","Cardellina pusilla","species","Wilson's warbler","Paruline à calotte noire","Animalia","Chordata","Aves","Passeriformes","Parulidae","Cardellina","Cardellina pusilla"
12,46.8684,"08:00:00","08:15:00","04/06/2017","08:00:12","présence","Cardellina pusilla","species","Wilson's warbler","Paruline à calotte noire","Animalia","Chordata","Aves","Passeriformes","Parulidae","Cardellina","Cardellina pusilla"
12,46.8684,"08:00:00","08:15:00","04/06/2017","08:00:00","présence","Zonotrichia albicollis","species","White-throated sparrow","Bruant à gorge blanche","Animalia","Chordata","Aves","Passeriformes","Passerellidae","Zonotrichia","Zonotrichia albicollis"
12,46.8684,"08:00:00","08:15:00","04/06/2017","08:11:23","présence","Dendroica coronata","species","Yellow-rumped warbler","Paruline à croupion jaune","Animalia","Chordata","Aves","Passeriformes","Parulidae","Dendroica","Dendroica coronata"
12,46.8684,"08:00:00","08:15:00","04/06/2017","08:08:40","présence","Dendroica coronata","species","Yellow-rumped warbler","Paruline à croupion jaune","Animalia","Chordata","Aves","Passeriformes","Parulidae","Dendroica","Dendroica coronata"
12,46.8684,"08:00:00","08:15:00","04/06/2017","08:05:31","présence","Vireo","genus","NULL","NULL","Animalia","Chordata","Aves","Passeriformes","Vireonidae","Vireo","NULL"
12,46.8684,"08:00:00","08:15:00","04/06/2017","08:00:03","présence","Vireo","genus","NULL","NULL","Animalia","Chordata","Aves","Passeriformes","Vireonidae","Vireo","NULL"
12,46.8684,"19:00:00","19:03:00","04/06/2017","19:00:26","présence","Turdus migratorius","species","American robin","Merle d'amérique","Animalia","Chordata","Aves","Passeriformes","Turdidae","Turdus","Turdus migratorius"
12,46.8684,"19:00:00","19:03:00","04/06/2017","19:00:44","présence","Dendroica fusca","species","Blackburnian warbler","Paruline à gorge orangée","Animalia","Chordata","Aves","Passeriformes","Parulidae","Dendroica","Dendroica fusca"
12,46.8684,"19:00:00","19:03:00","04/06/2017","19:02:19","présence","Cyanocitta cristata","species","Blue jay","Geai bleu","Animalia","Chordata","Aves","Passeriformes","Corvidae","Cyanocitta","Cyanocitta cristata"
12,46.8684,"19:00:00","19:03:00","04/06/2017","19:00:03","présence","Agelaius phoeniceus","species","Red-winged blackbird","Carouge à épaulettes","Animalia","Chordata","Aves","Passeriformes","Icteridae","Agelaius","Agelaius phoeniceus"
12,46.8684,"19:00:00","19:03:00","04/06/2017","19:00:10","présence","Agelaius phoeniceus","species","Red-winged blackbird","Carouge à épaulettes","Animalia","Chordata","Aves","Passeriformes","Icteridae","Agelaius","Agelaius phoeniceus"
12,46.8684,"19:00:00","19:03:00","04/06/2017","19:00:30","présence","Agelaius phoeniceus","species","Red-winged blackbird","Carouge à épaulettes","Animalia","Chordata","Aves","Passeriformes","Icteridae","Agelaius","Agelaius phoeniceus"
12,46.8684,"20:00:00","20:15:00","04/06/2017","20:13:41","présence","Passerellidae","family","American sparrows","Passereaux","Animalia","Chordata","Aves","Passeriformes","Passerellidae","NULL","NULL"
12,46.8684,"20:00:00","20:15:00","04/06/2017","20:14:47","présence","Empidonax alnorum","species","Alder flycatcher","Moucherolle des aulnes","Animalia","Chordata","Aves","Passeriformes","Tyrannidae","Empidonax","Empidonax alnorum"
12,46.8684,"20:00:00","20:15:00","04/06/2017","20:07:57","présence","Turdus migratorius","species","American robin","Merle d'amérique","Animalia","Chordata","Aves","Passeriformes","Turdidae","Turdus","Turdus migratorius"
12,46.8684,"20:00:00","20:15:00","04/06/2017","20:07:03","présence","Catharus guttatus","species","Hermit thrush","Grive solitaire","Animalia","Chordata","Aves","Passeriformes","Turdidae","Catharus","Catharus guttatus"
12,46.8684,"20:00:00","20:15:00","04/06/2017","20:02:09","présence","Dendroica magnolia","species","Magnolia warbler","Paruline à tête cendrée","Animalia","Chordata","Aves","Passeriformes","Parulidae","Dendroica","Dendroica magnolia"
12,46.8684,"20:00:00","20:15:00","04/06/2017","20:07:35","présence","Leiothlypis ruficapilla","species","Nashville warbler","Paruline à joues grises","Animalia","Chordata","Aves","Passeriformes","Parulidae","Leiothlypis","Leiothlypis ruficapilla"
12,46.8684,"20:00:00","20:15:00","04/06/2017","20:06:09","présence","Seiurus aurocapilla","species","Ovenbird","Paruline couronnée","Animalia","Chordata","Aves","Passeriformes","Parulidae","Seiurus","Seiurus aurocapilla"
12,46.8684,"20:00:00","20:15:00","04/06/2017","20:01:52","présence","Melospiza melodia","species","Song sparrow","Bruant chanteur","Animalia","Chordata","Aves","Passeriformes","Passerellidae","Melospiza","Melospiza melodia"
12,46.8684,"20:00:00","20:15:00","04/06/2017","20:03:06","présence","Actitis macularia","species","Spotted sandpiper","Chevalier grivelé","Animalia","Chordata","Aves","Charadriiformes","Scolopacidae","Actitis","Actitis macularia"
12,46.8684,"20:00:00","20:15:00","04/06/2017","20:02:42","présence","Melospiza georgiana","species","Swamp sparrow","Bruant des marais","Animalia","Chordata","Aves","Passeriformes","Passerellidae","Melospiza","Melospiza georgiana"
12,46.8684,"20:00:00","20:15:00","04/06/2017","20:08:07","présence","Zonotrichia albicollis","species","White-throated sparrow","Bruant à gorge blanche","Animalia","Chordata","Aves","Passeriformes","Passerellidae","Zonotrichia","Zonotrichia albicollis"
12,46.8684,"21:00:00","21:15:00","04/06/2017","21:01:31","présence","Zonotrichia albicollis","species","White-throated sparrow","Bruant à gorge blanche","Animalia","Chordata","Aves","Passeriformes","Passerellidae","Zonotrichia","Zonotrichia albicollis"
12,46.8684,"23:00:00","23:15:00","04/06/2017","23:00:16","présence","Branta canadensis","species","Canada goose","Bernache du Canada","Animalia","Chordata","Aves","Anseriformes","Anatidae","Branta","Branta canadensis"
12,46.8684,"23:00:00","23:15:00","04/06/2017","23:00:04","présence","Branta canadensis","species","Canada goose","Bernache du Canada","Animalia","Chordata","Aves","Anseriformes","Anatidae","Branta","Branta canadensis"
