"site_id","lat","time_start","time_finish","date_obs","time_obs","variable","valid_scientific_name","rank","vernacular_en","vernacular_fr","kingdom","phylum","class","order","family","genus","species"
151,45.0293,"20:00:00","20:03:00","2019-05-26","20:00:20","présence","Hirundo rustica","species","Barn swallow","Hirondelle rustique","Animalia","Chordata","Aves","Passeriformes","Hirundinidae","Hirundo","Hirundo rustica"
151,45.0293,"20:00:00","20:03:00","2019-05-26","20:00:00","présence","Branta canadensis","species","Canada goose","Bernache du Canada","Animalia","Chordata","Aves","Anseriformes","Anatidae","Branta","Branta canadensis"
151,45.0293,"20:00:00","20:03:00","2019-05-26","20:00:36","présence","Quiscalus quiscula","species","Common grackle","Quiscale bronzé","Animalia","Chordata","Aves","Passeriformes","Icteridae","Quiscalus","Quiscalus quiscula"
151,45.0293,"20:00:00","20:03:00","2019-05-26","20:00:00","présence","Geothlypis trichas","species","Common yellowthroat","Paruline masquée","Animalia","Chordata","Aves","Passeriformes","Parulidae","Geothlypis","Geothlypis trichas"
151,45.0293,"20:00:00","20:03:00","2019-05-26","20:00:11","présence","Geothlypis trichas","species","Common yellowthroat","Paruline masquée","Animalia","Chordata","Aves","Passeriformes","Parulidae","Geothlypis","Geothlypis trichas"
151,45.0293,"20:00:00","20:03:00","2019-05-26","20:00:09","présence","Geothlypis trichas","species","Common yellowthroat","Paruline masquée","Animalia","Chordata","Aves","Passeriformes","Parulidae","Geothlypis","Geothlypis trichas"
151,45.0293,"20:00:00","20:03:00","2019-05-26","20:01:05","présence","Tyrannus tyrannus","species","Eastern kingbird","Tyran tritri","Animalia","Chordata","Aves","Passeriformes","Tyrannidae","Tyrannus","Tyrannus tyrannus"
151,45.0293,"20:00:00","20:03:00","2019-05-26","20:01:49","présence","Myiarchus crinitus","species","Great crested flycatcher","Tyran huppé","Animalia","Chordata","Aves","Passeriformes","Tyrannidae","Myiarchus","Myiarchus crinitus"
151,45.0293,"20:00:00","20:03:00","2019-05-26","20:01:14","présence","Dumetella carolinensis","species","Gray catbird","Moqueur chat","Animalia","Chordata","Aves","Passeriformes","Mimidae","Dumetella","Dumetella carolinensis"
151,45.0293,"20:00:00","20:03:00","2019-05-26","20:00:04","présence","Cistothorus palustris","species","Marsh wren","Troglodyte des marais","Animalia","Chordata","Aves","Passeriformes","Troglodytidae","Cistothorus","Cistothorus palustris"
151,45.0293,"20:00:00","20:03:00","2019-05-26","20:00:02","présence","Cistothorus palustris","species","Marsh wren","Troglodyte des marais","Animalia","Chordata","Aves","Passeriformes","Troglodytidae","Cistothorus","Cistothorus palustris"
151,45.0293,"20:00:00","20:03:00","2019-05-26","20:00:07","présence","Cistothorus palustris","species","Marsh wren","Troglodyte des marais","Animalia","Chordata","Aves","Passeriformes","Troglodytidae","Cistothorus","Cistothorus palustris"
151,45.0293,"20:00:00","20:03:00","2019-05-26","20:00:00","présence","Agelaius phoeniceus","species","Red-winged blackbird","Carouge à épaulettes","Animalia","Chordata","Aves","Passeriformes","Icteridae","Agelaius","Agelaius phoeniceus"
151,45.0293,"20:00:00","20:03:00","2019-05-26","20:00:03","présence","Agelaius phoeniceus","species","Red-winged blackbird","Carouge à épaulettes","Animalia","Chordata","Aves","Passeriformes","Icteridae","Agelaius","Agelaius phoeniceus"
151,45.0293,"20:00:00","20:03:00","2019-05-26","20:00:02","présence","Agelaius phoeniceus","species","Red-winged blackbird","Carouge à épaulettes","Animalia","Chordata","Aves","Passeriformes","Icteridae","Agelaius","Agelaius phoeniceus"
151,45.0293,"20:00:00","20:03:00","2019-05-26","20:00:03","présence","Agelaius phoeniceus","species","Red-winged blackbird","Carouge à épaulettes","Animalia","Chordata","Aves","Passeriformes","Icteridae","Agelaius","Agelaius phoeniceus"
151,45.0293,"20:00:00","20:03:00","2019-05-26","20:00:06","présence","Agelaius phoeniceus","species","Red-winged blackbird","Carouge à épaulettes","Animalia","Chordata","Aves","Passeriformes","Icteridae","Agelaius","Agelaius phoeniceus"
151,45.0293,"20:00:00","20:03:00","2019-05-26","20:00:13","présence","Agelaius phoeniceus","species","Red-winged blackbird","Carouge à épaulettes","Animalia","Chordata","Aves","Passeriformes","Icteridae","Agelaius","Agelaius phoeniceus"
151,45.0293,"20:00:00","20:03:00","2019-05-26","20:01:00","présence","Melospiza melodia","species","Song sparrow","Bruant chanteur","Animalia","Chordata","Aves","Passeriformes","Passerellidae","Melospiza","Melospiza melodia"
151,45.0293,"20:00:00","20:03:00","2019-05-26","20:00:13","présence","Melospiza georgiana","species","Swamp sparrow","Bruant des marais","Animalia","Chordata","Aves","Passeriformes","Passerellidae","Melospiza","Melospiza georgiana"
151,45.0293,"20:00:00","20:03:00","2019-05-26","20:00:50","présence","Melospiza georgiana","species","Swamp sparrow","Bruant des marais","Animalia","Chordata","Aves","Passeriformes","Passerellidae","Melospiza","Melospiza georgiana"
151,45.0293,"20:00:00","20:03:00","2019-05-26","20:00:22","présence","Tachycineta bicolor","species","Tree swallow","Hirondelle bicolore","Animalia","Chordata","Aves","Passeriformes","Hirundinidae","Tachycineta","Tachycineta bicolor"
151,45.0293,"20:00:00","20:03:00","2019-05-26","20:00:05","présence","Dendroica petechia","species","American yellow warbler","Paruline jaune","Animalia","Chordata","Aves","Passeriformes","Parulidae","Dendroica","Dendroica petechia"
151,45.0293,"23:00:00","23:15:00","2019-05-26","23:14:39","présence","Cistothorus palustris","species","Marsh wren","Troglodyte des marais","Animalia","Chordata","Aves","Passeriformes","Troglodytidae","Cistothorus","Cistothorus palustris"
151,45.0293,"23:00:00","23:15:00","2019-05-26","23:09:19","présence","Cistothorus palustris","species","Marsh wren","Troglodyte des marais","Animalia","Chordata","Aves","Passeriformes","Troglodytidae","Cistothorus","Cistothorus palustris"
151,45.0293,"23:00:00","23:15:00","2019-05-26","23:10:27","présence","Rallus limicola","species","Virginia rail","Râle de Virginie","Animalia","Chordata","Aves","Gruiformes","Rallidae","Rallus","Rallus limicola"
