"site_id","lat","time_start","time_finish","date_obs","time_obs","variable","valid_scientific_name","rank","vernacular_en","vernacular_fr","kingdom","phylum","class","order","family","genus","species"
100,49.83417,"06:00:00","06:03:00","2018-06-02","06:00:33","présence","Gavia immer","species","Common loon","Plongeon huard","Animalia","Chordata","Aves","Gaviiformes","Gaviidae","Gavia","Gavia immer"
100,49.83417,"06:00:00","06:03:00","2018-06-02","06:00:04","présence","Junco hyemalis","species","Dark-eyed junco","Junco ardoisé","Animalia","Chordata","Aves","Passeriformes","Passerellidae","Junco","Junco hyemalis"
100,49.83417,"06:00:00","06:03:00","2018-06-02","06:00:01","présence","Junco hyemalis","species","Dark-eyed junco","Junco ardoisé","Animalia","Chordata","Aves","Passeriformes","Passerellidae","Junco","Junco hyemalis"
100,49.83417,"06:00:00","06:03:00","2018-06-02","06:02:53","présence","Regulus satrapa","species","Golden-crowned kinglet","Roitelet à couronne dorée","Animalia","Chordata","Aves","Passeriformes","Regulidae","Regulus","Regulus satrapa"
