"site_id","lat","time_start","time_finish","date_obs","time_obs","variable","valid_scientific_name","rank","vernacular_en","vernacular_fr","kingdom","phylum","class","order","family","genus","species"
15,46.3908,"05:00:00","05:03:00","21/05/2017","05:01:07","présence","Botaurus lentiginosus","species","American bittern","Butor d'amérique","Animalia","Chordata","Aves","Pelecaniformes","Ardeidae","Botaurus","Botaurus lentiginosus"
15,46.3908,"05:00:00","05:03:00","21/05/2017","05:00:16","présence","Setophaga ruticilla","species","American redstart","Paruline flamboyante","Animalia","Chordata","Aves","Passeriformes","Parulidae","Setophaga","Setophaga ruticilla"
15,46.3908,"05:00:00","05:03:00","21/05/2017","05:00:01","présence","Setophaga ruticilla","species","American redstart","Paruline flamboyante","Animalia","Chordata","Aves","Passeriformes","Parulidae","Setophaga","Setophaga ruticilla"
15,46.3908,"05:00:00","05:03:00","21/05/2017","05:00:02","présence","Parus atricapilla","species","Black-capped chickadee","Mésange à tête noire","Animalia","Chordata","Aves","Passeriformes","Paridae","Parus","Parus atricapilla"
15,46.3908,"05:00:00","05:03:00","21/05/2017","05:00:02","présence","Quiscalus quiscula","species","Common grackle","Quiscale bronzé","Animalia","Chordata","Aves","Passeriformes","Icteridae","Quiscalus","Quiscalus quiscula"
15,46.3908,"05:00:00","05:03:00","21/05/2017","05:00:03","présence","Geothlypis trichas","species","Common yellowthroat","Paruline masquée","Animalia","Chordata","Aves","Passeriformes","Parulidae","Geothlypis","Geothlypis trichas"
15,46.3908,"05:00:00","05:03:00","21/05/2017","05:00:08","présence","Geothlypis trichas","species","Common yellowthroat","Paruline masquée","Animalia","Chordata","Aves","Passeriformes","Parulidae","Geothlypis","Geothlypis trichas"
15,46.3908,"05:00:00","05:03:00","21/05/2017","05:00:10","présence","Geothlypis trichas","species","Common yellowthroat","Paruline masquée","Animalia","Chordata","Aves","Passeriformes","Parulidae","Geothlypis","Geothlypis trichas"
15,46.3908,"05:00:00","05:03:00","21/05/2017","05:00:29","présence","Dendroica pensylvanica","species","Chestnut-sided warbler","Paruline à flancs marron","Animalia","Chordata","Aves","Passeriformes","Parulidae","Dendroica","Dendroica pensylvanica"
15,46.3908,"05:00:00","05:03:00","21/05/2017","05:00:16","présence","Catharus guttatus","species","Hermit thrush","Grive solitaire","Animalia","Chordata","Aves","Passeriformes","Turdidae","Catharus","Catharus guttatus"
15,46.3908,"05:00:00","05:03:00","21/05/2017","05:00:06","présence","Melospiza lincolnii","species","Lincoln's sparrow","Bruant de lincoln","Animalia","Chordata","Aves","Passeriformes","Passerellidae","Melospiza","Melospiza lincolnii"
15,46.3908,"05:00:00","05:03:00","21/05/2017","05:00:34","présence","Dendroica magnolia","species","Magnolia warbler","Paruline à tête cendrée","Animalia","Chordata","Aves","Passeriformes","Parulidae","Dendroica","Dendroica magnolia"
15,46.3908,"05:00:00","05:03:00","21/05/2017","05:00:20","présence","Haemorhous purpureus","species","Purple finch","Roselin pourpré","Animalia","Chordata","Aves","Passeriformes","Fringillidae","Haemorhous","Haemorhous purpureus"
15,46.3908,"05:00:00","05:03:00","21/05/2017","05:00:54","présence","Agelaius phoeniceus","species","Red-winged blackbird","Carouge à épaulettes","Animalia","Chordata","Aves","Passeriformes","Icteridae","Agelaius","Agelaius phoeniceus"
15,46.3908,"05:00:00","05:03:00","21/05/2017","05:00:58","présence","Agelaius phoeniceus","species","Red-winged blackbird","Carouge à épaulettes","Animalia","Chordata","Aves","Passeriformes","Icteridae","Agelaius","Agelaius phoeniceus"
15,46.3908,"05:00:00","05:03:00","21/05/2017","05:00:09","présence","Agelaius phoeniceus","species","Red-winged blackbird","Carouge à épaulettes","Animalia","Chordata","Aves","Passeriformes","Icteridae","Agelaius","Agelaius phoeniceus"
15,46.3908,"05:00:00","05:03:00","21/05/2017","05:02:06","présence","Melospiza georgiana","species","Swamp sparrow","Bruant des marais","Animalia","Chordata","Aves","Passeriformes","Passerellidae","Melospiza","Melospiza georgiana"
15,46.3908,"05:00:00","05:03:00","21/05/2017","05:02:25","présence","Melospiza georgiana","species","Swamp sparrow","Bruant des marais","Animalia","Chordata","Aves","Passeriformes","Passerellidae","Melospiza","Melospiza georgiana"
15,46.3908,"05:00:00","05:03:00","21/05/2017","05:00:22","présence","Melospiza georgiana","species","Swamp sparrow","Bruant des marais","Animalia","Chordata","Aves","Passeriformes","Passerellidae","Melospiza","Melospiza georgiana"
15,46.3908,"05:00:00","05:03:00","21/05/2017","05:01:44","présence","Melospiza georgiana","species","Swamp sparrow","Bruant des marais","Animalia","Chordata","Aves","Passeriformes","Passerellidae","Melospiza","Melospiza georgiana"
15,46.3908,"05:00:00","05:03:00","21/05/2017","05:00:17","présence","Cardellina pusilla","species","Wilson's warbler","Paruline à calotte noire","Animalia","Chordata","Aves","Passeriformes","Parulidae","Cardellina","Cardellina pusilla"
15,46.3908,"05:00:00","05:03:00","21/05/2017","05:00:10","présence","Cardellina pusilla","species","Wilson's warbler","Paruline à calotte noire","Animalia","Chordata","Aves","Passeriformes","Parulidae","Cardellina","Cardellina pusilla"
15,46.3908,"05:00:00","05:03:00","21/05/2017","05:00:04","présence","Zonotrichia albicollis","species","White-throated sparrow","Bruant à gorge blanche","Animalia","Chordata","Aves","Passeriformes","Passerellidae","Zonotrichia","Zonotrichia albicollis"
15,46.3908,"05:00:00","05:03:00","21/05/2017","05:00:07","présence","Zonotrichia albicollis","species","White-throated sparrow","Bruant à gorge blanche","Animalia","Chordata","Aves","Passeriformes","Passerellidae","Zonotrichia","Zonotrichia albicollis"
15,46.3908,"05:00:00","05:03:00","21/05/2017","05:00:54","présence","Zonotrichia albicollis","species","White-throated sparrow","Bruant à gorge blanche","Animalia","Chordata","Aves","Passeriformes","Passerellidae","Zonotrichia","Zonotrichia albicollis"
15,46.3908,"08:00:00","08:15:00","21/05/2017","08:00:09","présence","Empidonax alnorum","species","Alder flycatcher","Moucherolle des aulnes","Animalia","Chordata","Aves","Passeriformes","Tyrannidae","Empidonax","Empidonax alnorum"
15,46.3908,"08:00:00","08:15:00","21/05/2017","08:01:15","présence","Botaurus lentiginosus","species","American bittern","Butor d'amérique","Animalia","Chordata","Aves","Pelecaniformes","Ardeidae","Botaurus","Botaurus lentiginosus"
15,46.3908,"08:00:00","08:15:00","21/05/2017","08:00:55","présence","Setophaga ruticilla","species","American redstart","Paruline flamboyante","Animalia","Chordata","Aves","Passeriformes","Parulidae","Setophaga","Setophaga ruticilla"
15,46.3908,"08:00:00","08:15:00","21/05/2017","08:01:35","présence","Mniotilta varia","species","Black-and-white warbler","Paruline noir et blanc","Animalia","Chordata","Aves","Passeriformes","Parulidae","Mniotilta","Mniotilta varia"
15,46.3908,"08:00:00","08:15:00","21/05/2017","08:00:50","présence","Mniotilta varia","species","Black-and-white warbler","Paruline noir et blanc","Animalia","Chordata","Aves","Passeriformes","Parulidae","Mniotilta","Mniotilta varia"
15,46.3908,"08:00:00","08:15:00","21/05/2017","08:08:18","présence","Cyanocitta cristata","species","Blue jay","Geai bleu","Animalia","Chordata","Aves","Passeriformes","Corvidae","Cyanocitta","Cyanocitta cristata"
15,46.3908,"08:00:00","08:15:00","21/05/2017","08:03:34","présence","Dendroica striata","species","Blackpoll warbler","Paruline rayée","Animalia","Chordata","Aves","Passeriformes","Parulidae","Dendroica","Dendroica striata"
15,46.3908,"08:00:00","08:15:00","21/05/2017","08:06:13","présence","Branta canadensis","species","Canada goose","Bernache du Canada","Animalia","Chordata","Aves","Anseriformes","Anatidae","Branta","Branta canadensis"
15,46.3908,"08:00:00","08:15:00","21/05/2017","08:00:01","présence","Geothlypis trichas","species","Common yellowthroat","Paruline masquée","Animalia","Chordata","Aves","Passeriformes","Parulidae","Geothlypis","Geothlypis trichas"
15,46.3908,"08:00:00","08:15:00","21/05/2017","08:11:57","présence","Dendroica pensylvanica","species","Chestnut-sided warbler","Paruline à flancs marron","Animalia","Chordata","Aves","Passeriformes","Parulidae","Dendroica","Dendroica pensylvanica"
15,46.3908,"08:00:00","08:15:00","21/05/2017","08:08:05","présence","Dendroica pensylvanica","species","Chestnut-sided warbler","Paruline à flancs marron","Animalia","Chordata","Aves","Passeriformes","Parulidae","Dendroica","Dendroica pensylvanica"
15,46.3908,"08:00:00","08:15:00","21/05/2017","08:03:24","présence","Tyrannus tyrannus","species","Eastern kingbird","Tyran tritri","Animalia","Chordata","Aves","Passeriformes","Tyrannidae","Tyrannus","Tyrannus tyrannus"
15,46.3908,"08:00:00","08:15:00","21/05/2017","08:01:44","présence","Tyrannus tyrannus","species","Eastern kingbird","Tyran tritri","Animalia","Chordata","Aves","Passeriformes","Tyrannidae","Tyrannus","Tyrannus tyrannus"
15,46.3908,"08:00:00","08:15:00","21/05/2017","08:11:14","présence","Catharus guttatus","species","Hermit thrush","Grive solitaire","Animalia","Chordata","Aves","Passeriformes","Turdidae","Catharus","Catharus guttatus"
15,46.3908,"08:00:00","08:15:00","21/05/2017","08:09:30","présence","Catharus guttatus","species","Hermit thrush","Grive solitaire","Animalia","Chordata","Aves","Passeriformes","Turdidae","Catharus","Catharus guttatus"
15,46.3908,"08:00:00","08:15:00","21/05/2017","08:00:14","présence","Dendroica magnolia","species","Magnolia warbler","Paruline à tête cendrée","Animalia","Chordata","Aves","Passeriformes","Parulidae","Dendroica","Dendroica magnolia"
15,46.3908,"08:00:00","08:15:00","21/05/2017","08:03:12","présence","Dendroica palmarum","species","Palm warbler","Paruline à couronne rousse","Animalia","Chordata","Aves","Passeriformes","Parulidae","Dendroica","Dendroica palmarum"
15,46.3908,"08:00:00","08:15:00","21/05/2017","08:00:12","présence","Dendroica palmarum","species","Palm warbler","Paruline à couronne rousse","Animalia","Chordata","Aves","Passeriformes","Parulidae","Dendroica","Dendroica palmarum"
15,46.3908,"08:00:00","08:15:00","21/05/2017","08:02:57","présence","Sitta canadensis","species","Red-breasted nuthatch","Sittelle à poitrine rousse","Animalia","Chordata","Aves","Passeriformes","Sittidae","Sitta","Sitta canadensis"
15,46.3908,"08:00:00","08:15:00","21/05/2017","08:00:03","présence","Sitta canadensis","species","Red-breasted nuthatch","Sittelle à poitrine rousse","Animalia","Chordata","Aves","Passeriformes","Sittidae","Sitta","Sitta canadensis"
15,46.3908,"08:00:00","08:15:00","21/05/2017","08:00:24","présence","Agelaius phoeniceus","species","Red-winged blackbird","Carouge à épaulettes","Animalia","Chordata","Aves","Passeriformes","Icteridae","Agelaius","Agelaius phoeniceus"
15,46.3908,"08:00:00","08:15:00","21/05/2017","08:00:16","présence","Melospiza georgiana","species","Swamp sparrow","Bruant des marais","Animalia","Chordata","Aves","Passeriformes","Passerellidae","Melospiza","Melospiza georgiana"
15,46.3908,"08:00:00","08:15:00","21/05/2017","08:02:08","présence","Gallinago delicata","species","Wilson's snipe","Bécassine de wilson","Animalia","Chordata","Aves","Charadriiformes","Scolopacidae","Gallinago","Gallinago delicata"
15,46.3908,"08:00:00","08:15:00","21/05/2017","08:00:10","présence","Cardellina pusilla","species","Wilson's warbler","Paruline à calotte noire","Animalia","Chordata","Aves","Passeriformes","Parulidae","Cardellina","Cardellina pusilla"
15,46.3908,"08:00:00","08:15:00","21/05/2017","08:03:59","présence","Zonotrichia albicollis","species","White-throated sparrow","Bruant à gorge blanche","Animalia","Chordata","Aves","Passeriformes","Passerellidae","Zonotrichia","Zonotrichia albicollis"
15,46.3908,"08:00:00","08:15:00","21/05/2017","08:04:09","présence","Dendroica coronata","species","Yellow-rumped warbler","Paruline à croupion jaune","Animalia","Chordata","Aves","Passeriformes","Parulidae","Dendroica","Dendroica coronata"
