"site_id","lat","time_start","time_finish","date_obs","time_obs","variable","valid_scientific_name","rank","vernacular_en","vernacular_fr","kingdom","phylum","class","order","family","genus","species"
1,46.8088,"06:00:00","06:03:00","09/06/2016","06:00:10","présence","Dendroica caerulescens","species","Black-throated blue warbler","Paruline","Animalia","Chordata","Aves","Passeriformes","Parulidae","Dendroica","Dendroica caerulescens"
1,46.8088,"06:00:00","06:03:00","09/06/2016","06:00:06","présence","Geothlypis trichas","species","Common yellowthroat","Paruline masquée","Animalia","Chordata","Aves","Passeriformes","Parulidae","Geothlypis","Geothlypis trichas"
1,46.8088,"06:00:00","06:03:00","09/06/2016","06:00:09","présence","Dendroica magnolia","species","Magnolia warbler","Paruline à tête cendrée","Animalia","Chordata","Aves","Passeriformes","Parulidae","Dendroica","Dendroica magnolia"
1,46.8088,"06:00:00","06:03:00","09/06/2016","06:00:00","présence","Leiothlypis ruficapilla","species","Nashville warbler","Paruline à joues grises","Animalia","Chordata","Aves","Passeriformes","Parulidae","Leiothlypis","Leiothlypis ruficapilla"
1,46.8088,"06:00:00","06:03:00","09/06/2016","06:01:05","présence","Leiothlypis ruficapilla","species","Nashville warbler","Paruline à joues grises","Animalia","Chordata","Aves","Passeriformes","Parulidae","Leiothlypis","Leiothlypis ruficapilla"
1,46.8088,"06:00:00","06:03:00","09/06/2016","06:00:15","présence","Melospiza georgiana","species","Swamp sparrow","Bruant des marais","Animalia","Chordata","Aves","Passeriformes","Passerellidae","Melospiza","Melospiza georgiana"
1,46.8088,"06:00:00","06:03:00","09/06/2016","06:00:07","présence","Melospiza georgiana","species","Swamp sparrow","Bruant des marais","Animalia","Chordata","Aves","Passeriformes","Passerellidae","Melospiza","Melospiza georgiana"
1,46.8088,"06:00:00","06:03:00","09/06/2016","06:00:44","présence","Catharus fuscescens","species","Veery","Grive fauve","Animalia","Chordata","Aves","Passeriformes","Turdidae","Catharus","Catharus fuscescens"
