"site_id","lat","time_start","time_finish","date_obs","time_obs","variable","valid_scientific_name","rank","vernacular_en","vernacular_fr","kingdom","phylum","class","order","family","genus","species"
153,46.4628,"06:00:00","06:15:00","2019-06-17","06:07:41","présence","Empidonax alnorum","species","Alder flycatcher","Moucherolle des aulnes","Animalia","Chordata","Aves","Passeriformes","Tyrannidae","Empidonax","Empidonax alnorum"
153,46.4628,"06:00:00","06:15:00","2019-06-17","06:00:13","présence","Setophaga ruticilla","species","American redstart","Paruline flamboyante","Animalia","Chordata","Aves","Passeriformes","Parulidae","Setophaga","Setophaga ruticilla"
153,46.4628,"06:00:00","06:15:00","2019-06-17","06:09:19","présence","Mniotilta varia","species","Black-and-white warbler","Paruline noir et blanc","Animalia","Chordata","Aves","Passeriformes","Parulidae","Mniotilta","Mniotilta varia"
153,46.4628,"06:00:00","06:15:00","2019-06-17","06:01:44","présence","Dendroica caerulescens","species","Black-throated blue warbler","Paruline","Animalia","Chordata","Aves","Passeriformes","Parulidae","Dendroica","Dendroica caerulescens"
153,46.4628,"06:00:00","06:15:00","2019-06-17","06:13:48","présence","Dendroica virens","species","Black-throated green warbler","Paruline à gorge noire","Animalia","Chordata","Aves","Passeriformes","Parulidae","Dendroica","Dendroica virens"
153,46.4628,"06:00:00","06:15:00","2019-06-17","06:09:53","présence","Bombycilla cedrorum","species","Cedar waxwing","Jaseur d'amérique","Animalia","Chordata","Aves","Passeriformes","Bombycillidae","Bombycilla","Bombycilla cedrorum"
153,46.4628,"06:00:00","06:15:00","2019-06-17","06:02:55","présence","Gavia immer","species","Common loon","Plongeon huard","Animalia","Chordata","Aves","Gaviiformes","Gaviidae","Gavia","Gavia immer"
153,46.4628,"06:00:00","06:15:00","2019-06-17","06:01:04","présence","Geothlypis trichas","species","Common yellowthroat","Paruline masquée","Animalia","Chordata","Aves","Passeriformes","Parulidae","Geothlypis","Geothlypis trichas"
153,46.4628,"06:00:00","06:15:00","2019-06-17","06:00:09","présence","Regulus satrapa","species","Golden-crowned kinglet","Roitelet à couronne dorée","Animalia","Chordata","Aves","Passeriformes","Regulidae","Regulus","Regulus satrapa"
153,46.4628,"06:00:00","06:15:00","2019-06-17","06:11:49","présence","Melospiza lincolnii","species","Lincoln's sparrow","Bruant de lincoln","Animalia","Chordata","Aves","Passeriformes","Passerellidae","Melospiza","Melospiza lincolnii"
153,46.4628,"06:00:00","06:15:00","2019-06-17","06:00:38","présence","Melospiza lincolnii","species","Lincoln's sparrow","Bruant de lincoln","Animalia","Chordata","Aves","Passeriformes","Passerellidae","Melospiza","Melospiza lincolnii"
153,46.4628,"06:00:00","06:15:00","2019-06-17","06:09:18","présence","Dendroica magnolia","species","Magnolia warbler","Paruline à tête cendrée","Animalia","Chordata","Aves","Passeriformes","Parulidae","Dendroica","Dendroica magnolia"
153,46.4628,"06:00:00","06:15:00","2019-06-17","06:04:43","présence","Dendroica magnolia","species","Magnolia warbler","Paruline à tête cendrée","Animalia","Chordata","Aves","Passeriformes","Parulidae","Dendroica","Dendroica magnolia"
153,46.4628,"06:00:00","06:15:00","2019-06-17","06:06:36","présence","Leiothlypis ruficapilla","species","Nashville warbler","Paruline à joues grises","Animalia","Chordata","Aves","Passeriformes","Parulidae","Leiothlypis","Leiothlypis ruficapilla"
153,46.4628,"06:00:00","06:15:00","2019-06-17","06:04:48","présence","Parula americana","species","Northern parula","Paruline à collier","Animalia","Chordata","Aves","Passeriformes","Parulidae","Parula","Parula americana"
153,46.4628,"06:00:00","06:15:00","2019-06-17","06:12:17","présence","Carduelis pinus","species","Pine siskin","Tarin","Animalia","Chordata","Aves","Passeriformes","Fringillidae","Carduelis","Carduelis pinus"
153,46.4628,"06:00:00","06:15:00","2019-06-17","06:00:25","présence","Melospiza georgiana","species","Swamp sparrow","Bruant des marais","Animalia","Chordata","Aves","Passeriformes","Passerellidae","Melospiza","Melospiza georgiana"
153,46.4628,"06:00:00","06:15:00","2019-06-17","06:06:14","présence","Catharus ustulatus","species","Swainson's thrush","Grive à dos olive","Animalia","Chordata","Aves","Passeriformes","Turdidae","Catharus","Catharus ustulatus"
153,46.4628,"06:00:00","06:15:00","2019-06-17","06:01:26","présence","Troglodytes hiemalis","species","Animals","Troglodyte des forêts","Animalia","Chordata","Aves","Passeriformes","Troglodytidae","Troglodytes","Troglodytes hiemalis"
153,46.4628,"06:00:00","06:15:00","2019-06-17","06:00:02","présence","Zonotrichia albicollis","species","White-throated sparrow","Bruant à gorge blanche","Animalia","Chordata","Aves","Passeriformes","Passerellidae","Zonotrichia","Zonotrichia albicollis"
153,46.4628,"06:00:00","06:15:00","2019-06-17","06:00:22","présence","Dendroica coronata","species","Yellow-rumped warbler","Paruline à croupion jaune","Animalia","Chordata","Aves","Passeriformes","Parulidae","Dendroica","Dendroica coronata"
153,46.4628,"06:00:00","06:15:00","2019-06-17","06:02:28","présence","Vireo","genus","NULL","NULL","Animalia","Chordata","Aves","Passeriformes","Vireonidae","Vireo","NULL"
153,46.4628,"07:00:00","07:03:00","2019-06-17","07:00:01","présence","Empidonax alnorum","species","Alder flycatcher","Moucherolle des aulnes","Animalia","Chordata","Aves","Passeriformes","Tyrannidae","Empidonax","Empidonax alnorum"
153,46.4628,"07:00:00","07:03:00","2019-06-17","07:00:29","présence","Empidonax alnorum","species","Alder flycatcher","Moucherolle des aulnes","Animalia","Chordata","Aves","Passeriformes","Tyrannidae","Empidonax","Empidonax alnorum"
153,46.4628,"07:00:00","07:03:00","2019-06-17","07:00:31","présence","Setophaga ruticilla","species","American redstart","Paruline flamboyante","Animalia","Chordata","Aves","Passeriformes","Parulidae","Setophaga","Setophaga ruticilla"
153,46.4628,"07:00:00","07:03:00","2019-06-17","07:00:50","présence","Mniotilta varia","species","Black-and-white warbler","Paruline noir et blanc","Animalia","Chordata","Aves","Passeriformes","Parulidae","Mniotilta","Mniotilta varia"
153,46.4628,"07:00:00","07:03:00","2019-06-17","07:01:59","présence","Dendroica virens","species","Black-throated green warbler","Paruline à gorge noire","Animalia","Chordata","Aves","Passeriformes","Parulidae","Dendroica","Dendroica virens"
153,46.4628,"07:00:00","07:03:00","2019-06-17","07:00:04","présence","Bombycilla cedrorum","species","Cedar waxwing","Jaseur d'amérique","Animalia","Chordata","Aves","Passeriformes","Bombycillidae","Bombycilla","Bombycilla cedrorum"
153,46.4628,"07:00:00","07:03:00","2019-06-17","07:01:34","présence","Bombycilla cedrorum","species","Cedar waxwing","Jaseur d'amérique","Animalia","Chordata","Aves","Passeriformes","Bombycillidae","Bombycilla","Bombycilla cedrorum"
153,46.4628,"07:00:00","07:03:00","2019-06-17","07:00:39","présence","Geothlypis trichas","species","Common yellowthroat","Paruline masquée","Animalia","Chordata","Aves","Passeriformes","Parulidae","Geothlypis","Geothlypis trichas"
153,46.4628,"07:00:00","07:03:00","2019-06-17","07:00:05","présence","Geothlypis trichas","species","Common yellowthroat","Paruline masquée","Animalia","Chordata","Aves","Passeriformes","Parulidae","Geothlypis","Geothlypis trichas"
153,46.4628,"07:00:00","07:03:00","2019-06-17","07:00:00","présence","Junco hyemalis","species","Dark-eyed junco","Junco ardoisé","Animalia","Chordata","Aves","Passeriformes","Passerellidae","Junco","Junco hyemalis"
153,46.4628,"07:00:00","07:03:00","2019-06-17","07:00:28","présence","Dendroica magnolia","species","Magnolia warbler","Paruline à tête cendrée","Animalia","Chordata","Aves","Passeriformes","Parulidae","Dendroica","Dendroica magnolia"
153,46.4628,"07:00:00","07:03:00","2019-06-17","07:00:02","présence","Dendroica magnolia","species","Magnolia warbler","Paruline à tête cendrée","Animalia","Chordata","Aves","Passeriformes","Parulidae","Dendroica","Dendroica magnolia"
153,46.4628,"07:00:00","07:03:00","2019-06-17","07:00:08","présence","Leiothlypis ruficapilla","species","Nashville warbler","Paruline à joues grises","Animalia","Chordata","Aves","Passeriformes","Parulidae","Leiothlypis","Leiothlypis ruficapilla"
153,46.4628,"07:00:00","07:03:00","2019-06-17","07:00:52","présence","Melospiza georgiana","species","Swamp sparrow","Bruant des marais","Animalia","Chordata","Aves","Passeriformes","Passerellidae","Melospiza","Melospiza georgiana"
153,46.4628,"07:00:00","07:03:00","2019-06-17","07:01:50","présence","Catharus ustulatus","species","Swainson's thrush","Grive à dos olive","Animalia","Chordata","Aves","Passeriformes","Turdidae","Catharus","Catharus ustulatus"
153,46.4628,"07:00:00","07:03:00","2019-06-17","07:00:00","présence","Vireo","genus","NULL","NULL","Animalia","Chordata","Aves","Passeriformes","Vireonidae","Vireo","NULL"
153,46.4628,"21:00:00","21:03:00","2019-06-17","21:00:02","présence","Icteridae","family","American blackbirds","Ictéridés","Animalia","Chordata","Aves","Passeriformes","Icteridae","NULL","NULL"
153,46.4628,"21:00:00","21:03:00","2019-06-17","21:00:20","présence","Turdidae","family","NULL","NULL","Animalia","Chordata","Aves","Passeriformes","Turdidae","NULL","NULL"
153,46.4628,"21:00:00","21:03:00","2019-06-17","21:02:55","présence","Dendroica caerulescens","species","Black-throated blue warbler","Paruline","Animalia","Chordata","Aves","Passeriformes","Parulidae","Dendroica","Dendroica caerulescens"
153,46.4628,"21:00:00","21:03:00","2019-06-17","21:00:04","présence","Dendroica magnolia","species","Magnolia warbler","Paruline à tête cendrée","Animalia","Chordata","Aves","Passeriformes","Parulidae","Dendroica","Dendroica magnolia"
153,46.4628,"21:00:00","21:03:00","2019-06-17","21:01:03","présence","Leiothlypis ruficapilla","species","Nashville warbler","Paruline à joues grises","Animalia","Chordata","Aves","Passeriformes","Parulidae","Leiothlypis","Leiothlypis ruficapilla"
153,46.4628,"21:00:00","21:03:00","2019-06-17","21:02:05","présence","Melospiza georgiana","species","Swamp sparrow","Bruant des marais","Animalia","Chordata","Aves","Passeriformes","Passerellidae","Melospiza","Melospiza georgiana"
153,46.4628,"21:00:00","21:03:00","2019-06-17","21:01:49","présence","Melospiza georgiana","species","Swamp sparrow","Bruant des marais","Animalia","Chordata","Aves","Passeriformes","Passerellidae","Melospiza","Melospiza georgiana"
153,46.4628,"21:00:00","21:03:00","2019-06-17","21:00:21","présence","Catharus ustulatus","species","Swainson's thrush","Grive à dos olive","Animalia","Chordata","Aves","Passeriformes","Turdidae","Catharus","Catharus ustulatus"
153,46.4628,"21:00:00","21:03:00","2019-06-17","21:00:34","présence","Zonotrichia albicollis","species","White-throated sparrow","Bruant à gorge blanche","Animalia","Chordata","Aves","Passeriformes","Passerellidae","Zonotrichia","Zonotrichia albicollis"
153,46.4628,"21:00:00","21:03:00","2019-06-17","21:00:16","présence","Zonotrichia albicollis","species","White-throated sparrow","Bruant à gorge blanche","Animalia","Chordata","Aves","Passeriformes","Passerellidae","Zonotrichia","Zonotrichia albicollis"
