"site_id","lat","time_start","time_finish","date_obs","time_obs","variable","valid_scientific_name","rank","vernacular_en","vernacular_fr","kingdom","phylum","class","order","family","genus","species"
12,46.8684,"06:00:00","06:15:00","10/06/2017","06:00:10","présence","Anatidae","family","Ducks","Canards","Animalia","Chordata","Aves","Anseriformes","Anatidae","NULL","NULL"
12,46.8684,"06:00:00","06:15:00","10/06/2017","06:03:19","présence","Passerellidae","family","American sparrows","Passereaux","Animalia","Chordata","Aves","Passeriformes","Passerellidae","NULL","NULL"
12,46.8684,"06:00:00","06:15:00","10/06/2017","06:00:42","présence","Passerellidae","family","American sparrows","Passereaux","Animalia","Chordata","Aves","Passeriformes","Passerellidae","NULL","NULL"
12,46.8684,"06:00:00","06:15:00","10/06/2017","06:00:03","présence","Empidonax alnorum","species","Alder flycatcher","Moucherolle des aulnes","Animalia","Chordata","Aves","Passeriformes","Tyrannidae","Empidonax","Empidonax alnorum"
12,46.8684,"06:00:00","06:15:00","10/06/2017","06:01:37","présence","Corvus brachyrhynchos","species","American crow","Corneille d'amérique","Animalia","Chordata","Aves","Passeriformes","Corvidae","Corvus","Corvus brachyrhynchos"
12,46.8684,"06:00:00","06:15:00","10/06/2017","06:13:58","présence","Turdus migratorius","species","American robin","Merle d'amérique","Animalia","Chordata","Aves","Passeriformes","Turdidae","Turdus","Turdus migratorius"
12,46.8684,"06:00:00","06:15:00","10/06/2017","06:00:02","présence","Mniotilta varia","species","Black-and-white warbler","Paruline noir et blanc","Animalia","Chordata","Aves","Passeriformes","Parulidae","Mniotilta","Mniotilta varia"
12,46.8684,"06:00:00","06:15:00","10/06/2017","06:01:34","présence","Parus atricapilla","species","Black-capped chickadee","Mésange à tête noire","Animalia","Chordata","Aves","Passeriformes","Paridae","Parus","Parus atricapilla"
12,46.8684,"06:00:00","06:15:00","10/06/2017","06:06:31","présence","Ceryle alcyon","species","Belted kingfisher","Martin-pêcheur d'amérique","Animalia","Chordata","Aves","Coraciiformes","Alcedinidae","Ceryle","Ceryle alcyon"
12,46.8684,"06:00:00","06:15:00","10/06/2017","06:09:20","présence","Vireo solitarius","species","Blue-headed vireo","Viréo à tête bleue","Animalia","Chordata","Aves","Passeriformes","Vireonidae","Vireo","Vireo solitarius"
12,46.8684,"06:00:00","06:15:00","10/06/2017","06:01:57","présence","Bombycilla cedrorum","species","Cedar waxwing","Jaseur d'amérique","Animalia","Chordata","Aves","Passeriformes","Bombycillidae","Bombycilla","Bombycilla cedrorum"
12,46.8684,"06:00:00","06:15:00","10/06/2017","06:09:41","présence","Quiscalus quiscula","species","Common grackle","Quiscale bronzé","Animalia","Chordata","Aves","Passeriformes","Icteridae","Quiscalus","Quiscalus quiscula"
12,46.8684,"06:00:00","06:15:00","10/06/2017","06:08:03","présence","Corvus corax","species","Common raven","Grand corbeau","Animalia","Chordata","Aves","Passeriformes","Corvidae","Corvus","Corvus corax"
12,46.8684,"06:00:00","06:15:00","10/06/2017","06:02:30","présence","Geothlypis trichas","species","Common yellowthroat","Paruline masquée","Animalia","Chordata","Aves","Passeriformes","Parulidae","Geothlypis","Geothlypis trichas"
12,46.8684,"06:00:00","06:15:00","10/06/2017","06:08:25","présence","Regulus satrapa","species","Golden-crowned kinglet","Roitelet à couronne dorée","Animalia","Chordata","Aves","Passeriformes","Regulidae","Regulus","Regulus satrapa"
12,46.8684,"06:00:00","06:15:00","10/06/2017","06:00:46","présence","Dendroica magnolia","species","Magnolia warbler","Paruline à tête cendrée","Animalia","Chordata","Aves","Passeriformes","Parulidae","Dendroica","Dendroica magnolia"
12,46.8684,"06:00:00","06:15:00","10/06/2017","06:00:09","présence","Leiothlypis ruficapilla","species","Nashville warbler","Paruline à joues grises","Animalia","Chordata","Aves","Passeriformes","Parulidae","Leiothlypis","Leiothlypis ruficapilla"
12,46.8684,"06:00:00","06:15:00","10/06/2017","06:08:10","présence","Parula americana","species","Northern parula","Paruline à collier","Animalia","Chordata","Aves","Passeriformes","Parulidae","Parula","Parula americana"
12,46.8684,"06:00:00","06:15:00","10/06/2017","06:05:39","présence","Parula americana","species","Northern parula","Paruline à collier","Animalia","Chordata","Aves","Passeriformes","Parulidae","Parula","Parula americana"
12,46.8684,"06:00:00","06:15:00","10/06/2017","06:07:44","présence","Sitta canadensis","species","Red-breasted nuthatch","Sittelle à poitrine rousse","Animalia","Chordata","Aves","Passeriformes","Sittidae","Sitta","Sitta canadensis"
12,46.8684,"06:00:00","06:15:00","10/06/2017","06:00:04","présence","Agelaius phoeniceus","species","Red-winged blackbird","Carouge à épaulettes","Animalia","Chordata","Aves","Passeriformes","Icteridae","Agelaius","Agelaius phoeniceus"
12,46.8684,"06:00:00","06:15:00","10/06/2017","06:04:31","présence","Actitis macularia","species","Spotted sandpiper","Chevalier grivelé","Animalia","Chordata","Aves","Charadriiformes","Scolopacidae","Actitis","Actitis macularia"
12,46.8684,"06:00:00","06:15:00","10/06/2017","06:06:26","présence","Melospiza georgiana","species","Swamp sparrow","Bruant des marais","Animalia","Chordata","Aves","Passeriformes","Passerellidae","Melospiza","Melospiza georgiana"
12,46.8684,"06:00:00","06:15:00","10/06/2017","06:00:26","présence","Troglodytes hiemalis","species","Animals","Troglodyte des forêts","Animalia","Chordata","Aves","Passeriformes","Troglodytidae","Troglodytes","Troglodytes hiemalis"
12,46.8684,"06:00:00","06:15:00","10/06/2017","06:01:17","présence","Zonotrichia albicollis","species","White-throated sparrow","Bruant à gorge blanche","Animalia","Chordata","Aves","Passeriformes","Passerellidae","Zonotrichia","Zonotrichia albicollis"
12,46.8684,"06:00:00","06:15:00","10/06/2017","06:02:16","présence","Vireo","genus","NULL","NULL","Animalia","Chordata","Aves","Passeriformes","Vireonidae","Vireo","NULL"
12,46.8684,"06:00:00","06:15:00","10/06/2017","06:01:02","présence","Vireo","genus","NULL","NULL","Animalia","Chordata","Aves","Passeriformes","Vireonidae","Vireo","NULL"
12,46.8684,"07:00:00","07:03:00","10/06/2017","07:00:04","présence","Empidonax alnorum","species","Alder flycatcher","Moucherolle des aulnes","Animalia","Chordata","Aves","Passeriformes","Tyrannidae","Empidonax","Empidonax alnorum"
12,46.8684,"07:00:00","07:03:00","10/06/2017","07:00:04","présence","Empidonax alnorum","species","Alder flycatcher","Moucherolle des aulnes","Animalia","Chordata","Aves","Passeriformes","Tyrannidae","Empidonax","Empidonax alnorum"
12,46.8684,"07:00:00","07:03:00","10/06/2017","07:00:27","présence","Empidonax alnorum","species","Alder flycatcher","Moucherolle des aulnes","Animalia","Chordata","Aves","Passeriformes","Tyrannidae","Empidonax","Empidonax alnorum"
12,46.8684,"07:00:00","07:03:00","10/06/2017","07:00:09","présence","Mniotilta varia","species","Black-and-white warbler","Paruline noir et blanc","Animalia","Chordata","Aves","Passeriformes","Parulidae","Mniotilta","Mniotilta varia"
12,46.8684,"07:00:00","07:03:00","10/06/2017","07:00:29","présence","Dendroica magnolia","species","Magnolia warbler","Paruline à tête cendrée","Animalia","Chordata","Aves","Passeriformes","Parulidae","Dendroica","Dendroica magnolia"
12,46.8684,"07:00:00","07:03:00","10/06/2017","07:01:38","présence","Parula americana","species","Northern parula","Paruline à collier","Animalia","Chordata","Aves","Passeriformes","Parulidae","Parula","Parula americana"
12,46.8684,"07:00:00","07:03:00","10/06/2017","07:02:14","présence","Sitta canadensis","species","Red-breasted nuthatch","Sittelle à poitrine rousse","Animalia","Chordata","Aves","Passeriformes","Sittidae","Sitta","Sitta canadensis"
12,46.8684,"07:00:00","07:03:00","10/06/2017","07:00:00","présence","Agelaius phoeniceus","species","Red-winged blackbird","Carouge à épaulettes","Animalia","Chordata","Aves","Passeriformes","Icteridae","Agelaius","Agelaius phoeniceus"
12,46.8684,"07:00:00","07:03:00","10/06/2017","07:00:01","présence","Agelaius phoeniceus","species","Red-winged blackbird","Carouge à épaulettes","Animalia","Chordata","Aves","Passeriformes","Icteridae","Agelaius","Agelaius phoeniceus"
12,46.8684,"07:00:00","07:03:00","10/06/2017","07:00:19","présence","Agelaius phoeniceus","species","Red-winged blackbird","Carouge à épaulettes","Animalia","Chordata","Aves","Passeriformes","Icteridae","Agelaius","Agelaius phoeniceus"
12,46.8684,"07:00:00","07:03:00","10/06/2017","07:00:34","présence","Melospiza melodia","species","Song sparrow","Bruant chanteur","Animalia","Chordata","Aves","Passeriformes","Passerellidae","Melospiza","Melospiza melodia"
12,46.8684,"07:00:00","07:03:00","10/06/2017","07:00:21","présence","Actitis macularia","species","Spotted sandpiper","Chevalier grivelé","Animalia","Chordata","Aves","Charadriiformes","Scolopacidae","Actitis","Actitis macularia"
12,46.8684,"07:00:00","07:03:00","10/06/2017","07:01:46","présence","Melospiza georgiana","species","Swamp sparrow","Bruant des marais","Animalia","Chordata","Aves","Passeriformes","Passerellidae","Melospiza","Melospiza georgiana"
12,46.8684,"07:00:00","07:03:00","10/06/2017","07:01:44","présence","Melospiza georgiana","species","Swamp sparrow","Bruant des marais","Animalia","Chordata","Aves","Passeriformes","Passerellidae","Melospiza","Melospiza georgiana"
12,46.8684,"07:00:00","07:03:00","10/06/2017","07:01:49","présence","Troglodytes hiemalis","species","Animals","Troglodyte des forêts","Animalia","Chordata","Aves","Passeriformes","Troglodytidae","Troglodytes","Troglodytes hiemalis"
12,46.8684,"07:00:00","07:03:00","10/06/2017","07:00:06","présence","Zonotrichia albicollis","species","White-throated sparrow","Bruant à gorge blanche","Animalia","Chordata","Aves","Passeriformes","Passerellidae","Zonotrichia","Zonotrichia albicollis"
12,46.8684,"07:00:00","07:03:00","10/06/2017","07:00:00","présence","Vireo","genus","NULL","NULL","Animalia","Chordata","Aves","Passeriformes","Vireonidae","Vireo","NULL"
12,46.8684,"20:00:00","20:03:00","10/06/2017","20:00:19","présence","Seiurus aurocapilla","species","Ovenbird","Paruline couronnée","Animalia","Chordata","Aves","Passeriformes","Parulidae","Seiurus","Seiurus aurocapilla"
