"site_id","lat","time_start","time_finish","date_obs","time_obs","variable","valid_scientific_name","rank","vernacular_en","vernacular_fr","kingdom","phylum","class","order","family","genus","species"
16,46.8707,"04:00:00","04:15:00","05/06/2017","04:08:01","présence","Empidonax alnorum","species","Alder flycatcher","Moucherolle des aulnes","Animalia","Chordata","Aves","Passeriformes","Tyrannidae","Empidonax","Empidonax alnorum"
16,46.8707,"04:00:00","04:15:00","05/06/2017","04:00:06","présence","Empidonax alnorum","species","Alder flycatcher","Moucherolle des aulnes","Animalia","Chordata","Aves","Passeriformes","Tyrannidae","Empidonax","Empidonax alnorum"
16,46.8707,"04:00:00","04:15:00","05/06/2017","04:10:53","présence","Turdus migratorius","species","American robin","Merle d'amérique","Animalia","Chordata","Aves","Passeriformes","Turdidae","Turdus","Turdus migratorius"
16,46.8707,"04:00:00","04:15:00","05/06/2017","04:10:29","présence","Dendroica fusca","species","Blackburnian warbler","Paruline à gorge orangée","Animalia","Chordata","Aves","Passeriformes","Parulidae","Dendroica","Dendroica fusca"
16,46.8707,"04:00:00","04:15:00","05/06/2017","04:06:25","présence","Dendroica fusca","species","Blackburnian warbler","Paruline à gorge orangée","Animalia","Chordata","Aves","Passeriformes","Parulidae","Dendroica","Dendroica fusca"
16,46.8707,"04:00:00","04:15:00","05/06/2017","04:04:35","présence","Geothlypis trichas","species","Common yellowthroat","Paruline masquée","Animalia","Chordata","Aves","Passeriformes","Parulidae","Geothlypis","Geothlypis trichas"
16,46.8707,"04:00:00","04:15:00","05/06/2017","04:01:36","présence","Junco hyemalis","species","Dark-eyed junco","Junco ardoisé","Animalia","Chordata","Aves","Passeriformes","Passerellidae","Junco","Junco hyemalis"
16,46.8707,"04:00:00","04:15:00","05/06/2017","04:11:51","présence","Regulus satrapa","species","Golden-crowned kinglet","Roitelet à couronne dorée","Animalia","Chordata","Aves","Passeriformes","Regulidae","Regulus","Regulus satrapa"
16,46.8707,"04:00:00","04:15:00","05/06/2017","04:10:18","présence","Bubo virginianus","species","Great horned owl","Grand-duc d'amérique","Animalia","Chordata","Aves","Strigiformes","Strigidae","Bubo","Bubo virginianus"
16,46.8707,"04:00:00","04:15:00","05/06/2017","04:02:20","présence","Bubo virginianus","species","Great horned owl","Grand-duc d'amérique","Animalia","Chordata","Aves","Strigiformes","Strigidae","Bubo","Bubo virginianus"
16,46.8707,"04:00:00","04:15:00","05/06/2017","04:06:32","présence","Parula americana","species","Northern parula","Paruline à collier","Animalia","Chordata","Aves","Passeriformes","Parulidae","Parula","Parula americana"
16,46.8707,"04:00:00","04:15:00","05/06/2017","04:04:57","présence","Seiurus aurocapilla","species","Ovenbird","Paruline couronnée","Animalia","Chordata","Aves","Passeriformes","Parulidae","Seiurus","Seiurus aurocapilla"
16,46.8707,"04:00:00","04:15:00","05/06/2017","04:07:37","présence","Melospiza georgiana","species","Swamp sparrow","Bruant des marais","Animalia","Chordata","Aves","Passeriformes","Passerellidae","Melospiza","Melospiza georgiana"
16,46.8707,"04:00:00","04:15:00","05/06/2017","04:06:09","présence","Melospiza georgiana","species","Swamp sparrow","Bruant des marais","Animalia","Chordata","Aves","Passeriformes","Passerellidae","Melospiza","Melospiza georgiana"
16,46.8707,"04:00:00","04:15:00","05/06/2017","04:05:05","présence","Catharus ustulatus","species","Swainson's thrush","Grive à dos olive","Animalia","Chordata","Aves","Passeriformes","Turdidae","Catharus","Catharus ustulatus"
16,46.8707,"04:00:00","04:15:00","05/06/2017","04:00:00","présence","Catharus ustulatus","species","Swainson's thrush","Grive à dos olive","Animalia","Chordata","Aves","Passeriformes","Turdidae","Catharus","Catharus ustulatus"
16,46.8707,"04:00:00","04:15:00","05/06/2017","04:00:05","présence","Gallinago delicata","species","Wilson's snipe","Bécassine de wilson","Animalia","Chordata","Aves","Charadriiformes","Scolopacidae","Gallinago","Gallinago delicata"
16,46.8707,"04:00:00","04:15:00","05/06/2017","04:05:18","présence","Troglodytes hiemalis","species","Animals","Troglodyte des forêts","Animalia","Chordata","Aves","Passeriformes","Troglodytidae","Troglodytes","Troglodytes hiemalis"
16,46.8707,"04:00:00","04:15:00","05/06/2017","04:00:02","présence","Zonotrichia albicollis","species","White-throated sparrow","Bruant à gorge blanche","Animalia","Chordata","Aves","Passeriformes","Passerellidae","Zonotrichia","Zonotrichia albicollis"
16,46.8707,"05:00:00","05:15:00","05/06/2017","05:03:27","présence","Vireo solitarius","species","Blue-headed vireo","Viréo à tête bleue","Animalia","Chordata","Aves","Passeriformes","Vireonidae","Vireo","Vireo solitarius"
16,46.8707,"05:00:00","05:15:00","05/06/2017","05:00:58","présence","Vireo solitarius","species","Blue-headed vireo","Viréo à tête bleue","Animalia","Chordata","Aves","Passeriformes","Vireonidae","Vireo","Vireo solitarius"
16,46.8707,"05:00:00","05:15:00","05/06/2017","05:00:09","présence","Dendroica virens","species","Black-throated green warbler","Paruline à gorge noire","Animalia","Chordata","Aves","Passeriformes","Parulidae","Dendroica","Dendroica virens"
16,46.8707,"05:00:00","05:15:00","05/06/2017","05:02:57","présence","Bombycilla cedrorum","species","Cedar waxwing","Jaseur d'amérique","Animalia","Chordata","Aves","Passeriformes","Bombycillidae","Bombycilla","Bombycilla cedrorum"
16,46.8707,"05:00:00","05:15:00","05/06/2017","05:14:05","présence","Quiscalus quiscula","species","Common grackle","Quiscale bronzé","Animalia","Chordata","Aves","Passeriformes","Icteridae","Quiscalus","Quiscalus quiscula"
16,46.8707,"05:00:00","05:15:00","05/06/2017","05:06:48","présence","Quiscalus quiscula","species","Common grackle","Quiscale bronzé","Animalia","Chordata","Aves","Passeriformes","Icteridae","Quiscalus","Quiscalus quiscula"
16,46.8707,"05:00:00","05:15:00","05/06/2017","05:00:04","présence","Geothlypis trichas","species","Common yellowthroat","Paruline masquée","Animalia","Chordata","Aves","Passeriformes","Parulidae","Geothlypis","Geothlypis trichas"
16,46.8707,"05:00:00","05:15:00","05/06/2017","05:02:05","présence","Junco hyemalis","species","Dark-eyed junco","Junco ardoisé","Animalia","Chordata","Aves","Passeriformes","Passerellidae","Junco","Junco hyemalis"
16,46.8707,"05:00:00","05:15:00","05/06/2017","05:00:35","présence","Regulus satrapa","species","Golden-crowned kinglet","Roitelet à couronne dorée","Animalia","Chordata","Aves","Passeriformes","Regulidae","Regulus","Regulus satrapa"
16,46.8707,"05:00:00","05:15:00","05/06/2017","05:09:14","présence","Geothlypis philadelphia","species","Mourning warbler","Paruline triste","Animalia","Chordata","Aves","Passeriformes","Parulidae","Geothlypis","Geothlypis philadelphia"
16,46.8707,"05:00:00","05:15:00","05/06/2017","05:05:59","présence","Geothlypis philadelphia","species","Mourning warbler","Paruline triste","Animalia","Chordata","Aves","Passeriformes","Parulidae","Geothlypis","Geothlypis philadelphia"
16,46.8707,"05:00:00","05:15:00","05/06/2017","05:04:32","présence","Parula americana","species","Northern parula","Paruline à collier","Animalia","Chordata","Aves","Passeriformes","Parulidae","Parula","Parula americana"
16,46.8707,"05:00:00","05:15:00","05/06/2017","05:01:17","présence","Parula americana","species","Northern parula","Paruline à collier","Animalia","Chordata","Aves","Passeriformes","Parulidae","Parula","Parula americana"
16,46.8707,"05:00:00","05:15:00","05/06/2017","05:00:02","présence","Parula americana","species","Northern parula","Paruline à collier","Animalia","Chordata","Aves","Passeriformes","Parulidae","Parula","Parula americana"
16,46.8707,"05:00:00","05:15:00","05/06/2017","05:00:06","présence","Parkesia noveboracensis","species","Northern waterthrush","Paruline des ruisseaux","Animalia","Chordata","Aves","Passeriformes","Parulidae","Parkesia","Parkesia noveboracensis"
16,46.8707,"05:00:00","05:15:00","05/06/2017","05:00:45","présence","Seiurus aurocapilla","species","Ovenbird","Paruline couronnée","Animalia","Chordata","Aves","Passeriformes","Parulidae","Seiurus","Seiurus aurocapilla"
16,46.8707,"05:00:00","05:15:00","05/06/2017","05:00:29","présence","Pheucticus ludovicianus","species","Rose-breasted grosbeak","Cardinal à poitrine rose","Animalia","Chordata","Aves","Passeriformes","Cardinalidae","Pheucticus","Pheucticus ludovicianus"
16,46.8707,"05:00:00","05:15:00","05/06/2017","05:03:31","présence","Sitta canadensis","species","Red-breasted nuthatch","Sittelle à poitrine rousse","Animalia","Chordata","Aves","Passeriformes","Sittidae","Sitta","Sitta canadensis"
16,46.8707,"05:00:00","05:15:00","05/06/2017","05:00:11","présence","Melospiza georgiana","species","Swamp sparrow","Bruant des marais","Animalia","Chordata","Aves","Passeriformes","Passerellidae","Melospiza","Melospiza georgiana"
16,46.8707,"05:00:00","05:15:00","05/06/2017","05:13:59","présence","Troglodytes hiemalis","species","Animals","Troglodyte des forêts","Animalia","Chordata","Aves","Passeriformes","Troglodytidae","Troglodytes","Troglodytes hiemalis"
16,46.8707,"05:00:00","05:15:00","05/06/2017","05:12:29","présence","Troglodytes hiemalis","species","Animals","Troglodyte des forêts","Animalia","Chordata","Aves","Passeriformes","Troglodytidae","Troglodytes","Troglodytes hiemalis"
16,46.8707,"05:00:00","05:15:00","05/06/2017","05:00:10","présence","Zonotrichia albicollis","species","White-throated sparrow","Bruant à gorge blanche","Animalia","Chordata","Aves","Passeriformes","Passerellidae","Zonotrichia","Zonotrichia albicollis"
16,46.8707,"05:00:00","05:15:00","05/06/2017","05:12:54","présence","Sphyrapicus varius","species","Yellow-bellied sapsucker","Pic maculé","Animalia","Chordata","Aves","Piciformes","Picidae","Sphyrapicus","Sphyrapicus varius"
16,46.8707,"05:00:00","05:15:00","05/06/2017","05:07:42","présence","Sphyrapicus varius","species","Yellow-bellied sapsucker","Pic maculé","Animalia","Chordata","Aves","Piciformes","Picidae","Sphyrapicus","Sphyrapicus varius"
16,46.8707,"05:00:00","05:15:00","05/06/2017","05:00:00","présence","Vireo","genus","NULL","NULL","Animalia","Chordata","Aves","Passeriformes","Vireonidae","Vireo","NULL"
16,46.8707,"06:00:00","06:15:00","05/06/2017","06:12:17","présence","Picidae","family","Woodpeckers","Fourmiliers","Animalia","Chordata","Aves","Piciformes","Picidae","NULL","NULL"
16,46.8707,"06:00:00","06:15:00","05/06/2017","06:10:32","présence","Empidonax alnorum","species","Alder flycatcher","Moucherolle des aulnes","Animalia","Chordata","Aves","Passeriformes","Tyrannidae","Empidonax","Empidonax alnorum"
16,46.8707,"06:00:00","06:15:00","05/06/2017","06:05:29","présence","Empidonax alnorum","species","Alder flycatcher","Moucherolle des aulnes","Animalia","Chordata","Aves","Passeriformes","Tyrannidae","Empidonax","Empidonax alnorum"
16,46.8707,"06:00:00","06:15:00","05/06/2017","06:01:56","présence","Turdus migratorius","species","American robin","Merle d'amérique","Animalia","Chordata","Aves","Passeriformes","Turdidae","Turdus","Turdus migratorius"
16,46.8707,"06:00:00","06:15:00","05/06/2017","06:00:00","présence","Turdus migratorius","species","American robin","Merle d'amérique","Animalia","Chordata","Aves","Passeriformes","Turdidae","Turdus","Turdus migratorius"
16,46.8707,"06:00:00","06:15:00","05/06/2017","06:14:18","présence","Vireo solitarius","species","Blue-headed vireo","Viréo à tête bleue","Animalia","Chordata","Aves","Passeriformes","Vireonidae","Vireo","Vireo solitarius"
16,46.8707,"06:00:00","06:15:00","05/06/2017","06:07:15","présence","Dendroica fusca","species","Blackburnian warbler","Paruline à gorge orangée","Animalia","Chordata","Aves","Passeriformes","Parulidae","Dendroica","Dendroica fusca"
16,46.8707,"06:00:00","06:15:00","05/06/2017","06:06:27","présence","Dendroica fusca","species","Blackburnian warbler","Paruline à gorge orangée","Animalia","Chordata","Aves","Passeriformes","Parulidae","Dendroica","Dendroica fusca"
16,46.8707,"06:00:00","06:15:00","05/06/2017","06:08:07","présence","Certhia americana","species","Brown creeper","Grimpereau brun","Animalia","Chordata","Aves","Passeriformes","Certhiidae","Certhia","Certhia americana"
16,46.8707,"06:00:00","06:15:00","05/06/2017","06:00:20","présence","Certhia americana","species","Brown creeper","Grimpereau brun","Animalia","Chordata","Aves","Passeriformes","Certhiidae","Certhia","Certhia americana"
16,46.8707,"06:00:00","06:15:00","05/06/2017","06:00:44","présence","Dendroica virens","species","Black-throated green warbler","Paruline à gorge noire","Animalia","Chordata","Aves","Passeriformes","Parulidae","Dendroica","Dendroica virens"
16,46.8707,"06:00:00","06:15:00","05/06/2017","06:09:11","présence","Geothlypis trichas","species","Common yellowthroat","Paruline masquée","Animalia","Chordata","Aves","Passeriformes","Parulidae","Geothlypis","Geothlypis trichas"
16,46.8707,"06:00:00","06:15:00","05/06/2017","06:00:04","présence","Geothlypis trichas","species","Common yellowthroat","Paruline masquée","Animalia","Chordata","Aves","Passeriformes","Parulidae","Geothlypis","Geothlypis trichas"
16,46.8707,"06:00:00","06:15:00","05/06/2017","06:01:58","présence","Regulus satrapa","species","Golden-crowned kinglet","Roitelet à couronne dorée","Animalia","Chordata","Aves","Passeriformes","Regulidae","Regulus","Regulus satrapa"
16,46.8707,"06:00:00","06:15:00","05/06/2017","06:01:31","présence","Parula americana","species","Northern parula","Paruline à collier","Animalia","Chordata","Aves","Passeriformes","Parulidae","Parula","Parula americana"
16,46.8707,"06:00:00","06:15:00","05/06/2017","06:02:00","présence","Parkesia noveboracensis","species","Northern waterthrush","Paruline des ruisseaux","Animalia","Chordata","Aves","Passeriformes","Parulidae","Parkesia","Parkesia noveboracensis"
16,46.8707,"06:00:00","06:15:00","05/06/2017","06:00:09","présence","Parkesia noveboracensis","species","Northern waterthrush","Paruline des ruisseaux","Animalia","Chordata","Aves","Passeriformes","Parulidae","Parkesia","Parkesia noveboracensis"
16,46.8707,"06:00:00","06:15:00","05/06/2017","06:00:13","présence","Seiurus aurocapilla","species","Ovenbird","Paruline couronnée","Animalia","Chordata","Aves","Passeriformes","Parulidae","Seiurus","Seiurus aurocapilla"
16,46.8707,"06:00:00","06:15:00","05/06/2017","06:02:54","présence","Sitta canadensis","species","Red-breasted nuthatch","Sittelle à poitrine rousse","Animalia","Chordata","Aves","Passeriformes","Sittidae","Sitta","Sitta canadensis"
16,46.8707,"06:00:00","06:15:00","05/06/2017","06:03:07","présence","Melospiza georgiana","species","Swamp sparrow","Bruant des marais","Animalia","Chordata","Aves","Passeriformes","Passerellidae","Melospiza","Melospiza georgiana"
16,46.8707,"06:00:00","06:15:00","05/06/2017","06:01:48","présence","Troglodytes hiemalis","species","Animals","Troglodyte des forêts","Animalia","Chordata","Aves","Passeriformes","Troglodytidae","Troglodytes","Troglodytes hiemalis"
16,46.8707,"06:00:00","06:15:00","05/06/2017","06:00:01","présence","Troglodytes hiemalis","species","Animals","Troglodyte des forêts","Animalia","Chordata","Aves","Passeriformes","Troglodytidae","Troglodytes","Troglodytes hiemalis"
16,46.8707,"06:00:00","06:15:00","05/06/2017","06:00:06","présence","Zonotrichia albicollis","species","White-throated sparrow","Bruant à gorge blanche","Animalia","Chordata","Aves","Passeriformes","Passerellidae","Zonotrichia","Zonotrichia albicollis"
16,46.8707,"06:00:00","06:15:00","05/06/2017","06:10:25","présence","Dendroica coronata","species","Yellow-rumped warbler","Paruline à croupion jaune","Animalia","Chordata","Aves","Passeriformes","Parulidae","Dendroica","Dendroica coronata"
16,46.8707,"06:00:00","06:15:00","05/06/2017","06:10:14","présence","Dendroica coronata","species","Yellow-rumped warbler","Paruline à croupion jaune","Animalia","Chordata","Aves","Passeriformes","Parulidae","Dendroica","Dendroica coronata"
16,46.8707,"06:00:00","06:15:00","05/06/2017","06:00:02","présence","Vireo","genus","NULL","NULL","Animalia","Chordata","Aves","Passeriformes","Vireonidae","Vireo","NULL"
16,46.8707,"07:00:00","07:15:00","05/06/2017","07:14:51","présence","Picidae","family","Woodpeckers","Fourmiliers","Animalia","Chordata","Aves","Piciformes","Picidae","NULL","NULL"
16,46.8707,"07:00:00","07:15:00","05/06/2017","07:01:15","présence","Picidae","family","Woodpeckers","Fourmiliers","Animalia","Chordata","Aves","Piciformes","Picidae","NULL","NULL"
16,46.8707,"07:00:00","07:15:00","05/06/2017","07:00:09","présence","Picidae","family","Woodpeckers","Fourmiliers","Animalia","Chordata","Aves","Piciformes","Picidae","NULL","NULL"
16,46.8707,"07:00:00","07:15:00","05/06/2017","07:02:16","présence","Vireo solitarius","species","Blue-headed vireo","Viréo à tête bleue","Animalia","Chordata","Aves","Passeriformes","Vireonidae","Vireo","Vireo solitarius"
16,46.8707,"07:00:00","07:15:00","05/06/2017","07:04:32","présence","Certhia americana","species","Brown creeper","Grimpereau brun","Animalia","Chordata","Aves","Passeriformes","Certhiidae","Certhia","Certhia americana"
16,46.8707,"07:00:00","07:15:00","05/06/2017","07:00:44","présence","Certhia americana","species","Brown creeper","Grimpereau brun","Animalia","Chordata","Aves","Passeriformes","Certhiidae","Certhia","Certhia americana"
16,46.8707,"07:00:00","07:15:00","05/06/2017","07:11:46","présence","Dendroica caerulescens","species","Black-throated blue warbler","Paruline","Animalia","Chordata","Aves","Passeriformes","Parulidae","Dendroica","Dendroica caerulescens"
16,46.8707,"07:00:00","07:15:00","05/06/2017","07:00:36","présence","Dendroica caerulescens","species","Black-throated blue warbler","Paruline","Animalia","Chordata","Aves","Passeriformes","Parulidae","Dendroica","Dendroica caerulescens"
16,46.8707,"07:00:00","07:15:00","05/06/2017","07:00:10","présence","Dendroica virens","species","Black-throated green warbler","Paruline à gorge noire","Animalia","Chordata","Aves","Passeriformes","Parulidae","Dendroica","Dendroica virens"
16,46.8707,"07:00:00","07:15:00","05/06/2017","07:11:23","présence","Quiscalus quiscula","species","Common grackle","Quiscale bronzé","Animalia","Chordata","Aves","Passeriformes","Icteridae","Quiscalus","Quiscalus quiscula"
16,46.8707,"07:00:00","07:15:00","05/06/2017","07:00:15","présence","Geothlypis trichas","species","Common yellowthroat","Paruline masquée","Animalia","Chordata","Aves","Passeriformes","Parulidae","Geothlypis","Geothlypis trichas"
16,46.8707,"07:00:00","07:15:00","05/06/2017","07:00:00","présence","Junco hyemalis","species","Dark-eyed junco","Junco ardoisé","Animalia","Chordata","Aves","Passeriformes","Passerellidae","Junco","Junco hyemalis"
16,46.8707,"07:00:00","07:15:00","05/06/2017","07:00:00","présence","Regulus satrapa","species","Golden-crowned kinglet","Roitelet à couronne dorée","Animalia","Chordata","Aves","Passeriformes","Regulidae","Regulus","Regulus satrapa"
16,46.8707,"07:00:00","07:15:00","05/06/2017","07:04:04","présence","Dendroica magnolia","species","Magnolia warbler","Paruline à tête cendrée","Animalia","Chordata","Aves","Passeriformes","Parulidae","Dendroica","Dendroica magnolia"
16,46.8707,"07:00:00","07:15:00","05/06/2017","07:01:18","présence","Dendroica magnolia","species","Magnolia warbler","Paruline à tête cendrée","Animalia","Chordata","Aves","Passeriformes","Parulidae","Dendroica","Dendroica magnolia"
16,46.8707,"07:00:00","07:15:00","05/06/2017","07:00:21","présence","Parula americana","species","Northern parula","Paruline à collier","Animalia","Chordata","Aves","Passeriformes","Parulidae","Parula","Parula americana"
16,46.8707,"07:00:00","07:15:00","05/06/2017","07:00:03","présence","Parula americana","species","Northern parula","Paruline à collier","Animalia","Chordata","Aves","Passeriformes","Parulidae","Parula","Parula americana"
16,46.8707,"07:00:00","07:15:00","05/06/2017","07:00:04","présence","Parkesia noveboracensis","species","Northern waterthrush","Paruline des ruisseaux","Animalia","Chordata","Aves","Passeriformes","Parulidae","Parkesia","Parkesia noveboracensis"
16,46.8707,"07:00:00","07:15:00","05/06/2017","07:00:07","présence","Seiurus aurocapilla","species","Ovenbird","Paruline couronnée","Animalia","Chordata","Aves","Passeriformes","Parulidae","Seiurus","Seiurus aurocapilla"
16,46.8707,"07:00:00","07:15:00","05/06/2017","07:02:29","présence","Sitta canadensis","species","Red-breasted nuthatch","Sittelle à poitrine rousse","Animalia","Chordata","Aves","Passeriformes","Sittidae","Sitta","Sitta canadensis"
16,46.8707,"07:00:00","07:15:00","05/06/2017","07:13:42","présence","Melospiza georgiana","species","Swamp sparrow","Bruant des marais","Animalia","Chordata","Aves","Passeriformes","Passerellidae","Melospiza","Melospiza georgiana"
16,46.8707,"07:00:00","07:15:00","05/06/2017","07:12:26","présence","Melospiza georgiana","species","Swamp sparrow","Bruant des marais","Animalia","Chordata","Aves","Passeriformes","Passerellidae","Melospiza","Melospiza georgiana"
16,46.8707,"07:00:00","07:15:00","05/06/2017","07:01:24","présence","Catharus ustulatus","species","Swainson's thrush","Grive à dos olive","Animalia","Chordata","Aves","Passeriformes","Turdidae","Catharus","Catharus ustulatus"
16,46.8707,"07:00:00","07:15:00","05/06/2017","07:00:15","présence","Zonotrichia albicollis","species","White-throated sparrow","Bruant à gorge blanche","Animalia","Chordata","Aves","Passeriformes","Passerellidae","Zonotrichia","Zonotrichia albicollis"
16,46.8707,"07:00:00","07:15:00","05/06/2017","07:03:06","présence","Dendroica coronata","species","Yellow-rumped warbler","Paruline à croupion jaune","Animalia","Chordata","Aves","Passeriformes","Parulidae","Dendroica","Dendroica coronata"
16,46.8707,"07:00:00","07:15:00","05/06/2017","07:01:05","présence","Dendroica coronata","species","Yellow-rumped warbler","Paruline à croupion jaune","Animalia","Chordata","Aves","Passeriformes","Parulidae","Dendroica","Dendroica coronata"
16,46.8707,"07:00:00","07:15:00","05/06/2017","07:00:40","présence","Dryobates pubescens","species","NULL","NULL","Animalia","Chordata","Aves","Piciformes","Picidae","Dryobates","Dryobates pubescens"
16,46.8707,"07:00:00","07:15:00","05/06/2017","07:03:37","présence","Vireo","genus","NULL","NULL","Animalia","Chordata","Aves","Passeriformes","Vireonidae","Vireo","NULL"
16,46.8707,"07:00:00","07:15:00","05/06/2017","07:02:50","présence","Vireo","genus","NULL","NULL","Animalia","Chordata","Aves","Passeriformes","Vireonidae","Vireo","NULL"
16,46.8707,"08:00:00","08:03:00","05/06/2017","08:00:00","présence","Vireo solitarius","species","Blue-headed vireo","Viréo à tête bleue","Animalia","Chordata","Aves","Passeriformes","Vireonidae","Vireo","Vireo solitarius"
16,46.8707,"08:00:00","08:03:00","05/06/2017","08:00:00","présence","Vireo solitarius","species","Blue-headed vireo","Viréo à tête bleue","Animalia","Chordata","Aves","Passeriformes","Vireonidae","Vireo","Vireo solitarius"
16,46.8707,"08:00:00","08:03:00","05/06/2017","08:00:00","présence","Certhia americana","species","Brown creeper","Grimpereau brun","Animalia","Chordata","Aves","Passeriformes","Certhiidae","Certhia","Certhia americana"
16,46.8707,"08:00:00","08:03:00","05/06/2017","08:00:17","présence","Dendroica virens","species","Black-throated green warbler","Paruline à gorge noire","Animalia","Chordata","Aves","Passeriformes","Parulidae","Dendroica","Dendroica virens"
16,46.8707,"08:00:00","08:03:00","05/06/2017","08:01:16","présence","Perisoreus canadensis","species","Gray jay","Mésangeai du Canada","Animalia","Chordata","Aves","Passeriformes","Corvidae","Perisoreus","Perisoreus canadensis"
16,46.8707,"08:00:00","08:03:00","05/06/2017","08:01:18","présence","Quiscalus quiscula","species","Common grackle","Quiscale bronzé","Animalia","Chordata","Aves","Passeriformes","Icteridae","Quiscalus","Quiscalus quiscula"
16,46.8707,"08:00:00","08:03:00","05/06/2017","08:00:04","présence","Regulus satrapa","species","Golden-crowned kinglet","Roitelet à couronne dorée","Animalia","Chordata","Aves","Passeriformes","Regulidae","Regulus","Regulus satrapa"
16,46.8707,"08:00:00","08:03:00","05/06/2017","08:00:01","présence","Regulus satrapa","species","Golden-crowned kinglet","Roitelet à couronne dorée","Animalia","Chordata","Aves","Passeriformes","Regulidae","Regulus","Regulus satrapa"
16,46.8707,"08:00:00","08:03:00","05/06/2017","08:02:08","présence","Dryobates villosus","species","Hairy woodpecker","Pic chevelu","Animalia","Chordata","Aves","Piciformes","Picidae","Dryobates","Dryobates villosus"
16,46.8707,"08:00:00","08:03:00","05/06/2017","08:00:08","présence","Parula americana","species","Northern parula","Paruline à collier","Animalia","Chordata","Aves","Passeriformes","Parulidae","Parula","Parula americana"
16,46.8707,"08:00:00","08:03:00","05/06/2017","08:00:06","présence","Parkesia noveboracensis","species","Northern waterthrush","Paruline des ruisseaux","Animalia","Chordata","Aves","Passeriformes","Parulidae","Parkesia","Parkesia noveboracensis"
16,46.8707,"08:00:00","08:03:00","05/06/2017","08:01:48","présence","Seiurus aurocapilla","species","Ovenbird","Paruline couronnée","Animalia","Chordata","Aves","Passeriformes","Parulidae","Seiurus","Seiurus aurocapilla"
16,46.8707,"08:00:00","08:03:00","05/06/2017","08:02:17","présence","Seiurus aurocapilla","species","Ovenbird","Paruline couronnée","Animalia","Chordata","Aves","Passeriformes","Parulidae","Seiurus","Seiurus aurocapilla"
16,46.8707,"08:00:00","08:03:00","05/06/2017","08:00:00","présence","Sitta canadensis","species","Red-breasted nuthatch","Sittelle à poitrine rousse","Animalia","Chordata","Aves","Passeriformes","Sittidae","Sitta","Sitta canadensis"
16,46.8707,"08:00:00","08:03:00","05/06/2017","08:00:09","présence","Vireo olivaceus","species","Red-eyed vireo","Viréo aux yeux rouges","Animalia","Chordata","Aves","Passeriformes","Vireonidae","Vireo","Vireo olivaceus"
16,46.8707,"08:00:00","08:03:00","05/06/2017","08:00:05","présence","Zonotrichia albicollis","species","White-throated sparrow","Bruant à gorge blanche","Animalia","Chordata","Aves","Passeriformes","Passerellidae","Zonotrichia","Zonotrichia albicollis"
16,46.8707,"08:00:00","08:03:00","05/06/2017","08:00:18","présence","Zonotrichia albicollis","species","White-throated sparrow","Bruant à gorge blanche","Animalia","Chordata","Aves","Passeriformes","Passerellidae","Zonotrichia","Zonotrichia albicollis"
16,46.8707,"08:00:00","08:15:00","05/06/2017","NULL","présence","Turdus migratorius","species","American robin","Merle d'amérique","Animalia","Chordata","Aves","Passeriformes","Turdidae","Turdus","Turdus migratorius"
16,46.8707,"08:00:00","08:15:00","05/06/2017","NULL","présence","Vireo solitarius","species","Blue-headed vireo","Viréo à tête bleue","Animalia","Chordata","Aves","Passeriformes","Vireonidae","Vireo","Vireo solitarius"
16,46.8707,"08:00:00","08:15:00","05/06/2017","NULL","présence","Certhia americana","species","Brown creeper","Grimpereau brun","Animalia","Chordata","Aves","Passeriformes","Certhiidae","Certhia","Certhia americana"
16,46.8707,"08:00:00","08:15:00","05/06/2017","NULL","présence","Dendroica virens","species","Black-throated green warbler","Paruline à gorge noire","Animalia","Chordata","Aves","Passeriformes","Parulidae","Dendroica","Dendroica virens"
16,46.8707,"08:00:00","08:15:00","05/06/2017","NULL","présence","Quiscalus quiscula","species","Common grackle","Quiscale bronzé","Animalia","Chordata","Aves","Passeriformes","Icteridae","Quiscalus","Quiscalus quiscula"
16,46.8707,"08:00:00","08:15:00","05/06/2017","NULL","présence","Dryobates pubescens","species","Downy woodpecker","Pic mineur","Animalia","Chordata","Aves","Piciformes","Picidae","Dryobates","Dryobates pubescens"
16,46.8707,"08:00:00","08:15:00","05/06/2017","NULL","présence","Regulus satrapa","species","Golden-crowned kinglet","Roitelet à couronne dorée","Animalia","Chordata","Aves","Passeriformes","Regulidae","Regulus","Regulus satrapa"
16,46.8707,"08:00:00","08:15:00","05/06/2017","NULL","présence","Parula americana","species","Northern parula","Paruline à collier","Animalia","Chordata","Aves","Passeriformes","Parulidae","Parula","Parula americana"
16,46.8707,"08:00:00","08:15:00","05/06/2017","NULL","présence","Parkesia noveboracensis","species","Northern waterthrush","Paruline des ruisseaux","Animalia","Chordata","Aves","Passeriformes","Parulidae","Parkesia","Parkesia noveboracensis"
16,46.8707,"08:00:00","08:15:00","05/06/2017","NULL","présence","Seiurus aurocapilla","species","Ovenbird","Paruline couronnée","Animalia","Chordata","Aves","Passeriformes","Parulidae","Seiurus","Seiurus aurocapilla"
16,46.8707,"08:00:00","08:15:00","05/06/2017","NULL","présence","Sitta canadensis","species","Red-breasted nuthatch","Sittelle à poitrine rousse","Animalia","Chordata","Aves","Passeriformes","Sittidae","Sitta","Sitta canadensis"
16,46.8707,"08:00:00","08:15:00","05/06/2017","NULL","présence","Vireo olivaceus","species","Red-eyed vireo","Viréo aux yeux rouges","Animalia","Chordata","Aves","Passeriformes","Vireonidae","Vireo","Vireo olivaceus"
16,46.8707,"08:00:00","08:15:00","05/06/2017","NULL","présence","Melospiza georgiana","species","Swamp sparrow","Bruant des marais","Animalia","Chordata","Aves","Passeriformes","Passerellidae","Melospiza","Melospiza georgiana"
16,46.8707,"08:00:00","08:15:00","05/06/2017","NULL","présence","Zonotrichia albicollis","species","White-throated sparrow","Bruant à gorge blanche","Animalia","Chordata","Aves","Passeriformes","Passerellidae","Zonotrichia","Zonotrichia albicollis"
16,46.8707,"08:00:00","08:15:00","05/06/2017","NULL","présence","Dendroica coronata","species","Yellow-rumped warbler","Paruline à croupion jaune","Animalia","Chordata","Aves","Passeriformes","Parulidae","Dendroica","Dendroica coronata"
16,46.8707,"12:00:00","12:15:00","05/06/2017","NULL","présence","Vireo solitarius","species","Blue-headed vireo","Viréo à tête bleue","Animalia","Chordata","Aves","Passeriformes","Vireonidae","Vireo","Vireo solitarius"
16,46.8707,"12:00:00","12:15:00","05/06/2017","NULL","présence","Dendroica caerulescens","species","Black-throated blue warbler","Paruline","Animalia","Chordata","Aves","Passeriformes","Parulidae","Dendroica","Dendroica caerulescens"
16,46.8707,"12:00:00","12:15:00","05/06/2017","NULL","présence","Dendroica virens","species","Black-throated green warbler","Paruline à gorge noire","Animalia","Chordata","Aves","Passeriformes","Parulidae","Dendroica","Dendroica virens"
16,46.8707,"12:00:00","12:15:00","05/06/2017","12:14:06","présence","Quiscalus quiscula","species","Common grackle","Quiscale bronzé","Animalia","Chordata","Aves","Passeriformes","Icteridae","Quiscalus","Quiscalus quiscula"
16,46.8707,"12:00:00","12:15:00","05/06/2017","NULL","présence","Junco hyemalis","species","Dark-eyed junco","Junco ardoisé","Animalia","Chordata","Aves","Passeriformes","Passerellidae","Junco","Junco hyemalis"
16,46.8707,"12:00:00","12:15:00","05/06/2017","NULL","présence","Dryobates pubescens","species","Downy woodpecker","Pic mineur","Animalia","Chordata","Aves","Piciformes","Picidae","Dryobates","Dryobates pubescens"
16,46.8707,"12:00:00","12:15:00","05/06/2017","NULL","présence","Parula americana","species","Northern parula","Paruline à collier","Animalia","Chordata","Aves","Passeriformes","Parulidae","Parula","Parula americana"
16,46.8707,"12:00:00","12:15:00","05/06/2017","NULL","présence","Sitta canadensis","species","Red-breasted nuthatch","Sittelle à poitrine rousse","Animalia","Chordata","Aves","Passeriformes","Sittidae","Sitta","Sitta canadensis"
16,46.8707,"12:00:00","12:15:00","05/06/2017","12:14:19","présence","Euphagus carolinus","species","Rusty blackbird","Quiscale rouilleux","Animalia","Chordata","Aves","Passeriformes","Icteridae","Euphagus","Euphagus carolinus"
16,46.8707,"12:00:00","12:15:00","05/06/2017","NULL","présence","Zonotrichia albicollis","species","White-throated sparrow","Bruant à gorge blanche","Animalia","Chordata","Aves","Passeriformes","Passerellidae","Zonotrichia","Zonotrichia albicollis"
16,46.8707,"19:00:00","19:15:00","05/06/2017","19:02:10","présence","Passeriformes","order","Perching birds","Passereaux","Animalia","Chordata","Aves","Passeriformes","NULL","NULL","NULL"
16,46.8707,"19:00:00","19:15:00","05/06/2017","19:01:54","présence","Passeriformes","order","Perching birds","Passereaux","Animalia","Chordata","Aves","Passeriformes","NULL","NULL","NULL"
16,46.8707,"19:00:00","19:15:00","05/06/2017","19:09:27","présence","Turdus migratorius","species","American robin","Merle d'amérique","Animalia","Chordata","Aves","Passeriformes","Turdidae","Turdus","Turdus migratorius"
16,46.8707,"19:00:00","19:15:00","05/06/2017","19:00:00","présence","Turdus migratorius","species","American robin","Merle d'amérique","Animalia","Chordata","Aves","Passeriformes","Turdidae","Turdus","Turdus migratorius"
16,46.8707,"19:00:00","19:15:00","05/06/2017","19:05:04","présence","Vireo solitarius","species","Blue-headed vireo","Viréo à tête bleue","Animalia","Chordata","Aves","Passeriformes","Vireonidae","Vireo","Vireo solitarius"
16,46.8707,"19:00:00","19:15:00","05/06/2017","19:00:10","présence","Vireo solitarius","species","Blue-headed vireo","Viréo à tête bleue","Animalia","Chordata","Aves","Passeriformes","Vireonidae","Vireo","Vireo solitarius"
16,46.8707,"19:00:00","19:15:00","05/06/2017","19:08:19","présence","Dendroica fusca","species","Blackburnian warbler","Paruline à gorge orangée","Animalia","Chordata","Aves","Passeriformes","Parulidae","Dendroica","Dendroica fusca"
16,46.8707,"19:00:00","19:15:00","05/06/2017","19:00:00","présence","Dendroica caerulescens","species","Black-throated blue warbler","Paruline","Animalia","Chordata","Aves","Passeriformes","Parulidae","Dendroica","Dendroica caerulescens"
16,46.8707,"19:00:00","19:15:00","05/06/2017","19:00:39","présence","Dendroica virens","species","Black-throated green warbler","Paruline à gorge noire","Animalia","Chordata","Aves","Passeriformes","Parulidae","Dendroica","Dendroica virens"
16,46.8707,"19:00:00","19:15:00","05/06/2017","19:12:32","présence","Quiscalus quiscula","species","Common grackle","Quiscale bronzé","Animalia","Chordata","Aves","Passeriformes","Icteridae","Quiscalus","Quiscalus quiscula"
16,46.8707,"19:00:00","19:15:00","05/06/2017","19:03:25","présence","Junco hyemalis","species","Dark-eyed junco","Junco ardoisé","Animalia","Chordata","Aves","Passeriformes","Passerellidae","Junco","Junco hyemalis"
16,46.8707,"19:00:00","19:15:00","05/06/2017","19:03:09","présence","Junco hyemalis","species","Dark-eyed junco","Junco ardoisé","Animalia","Chordata","Aves","Passeriformes","Passerellidae","Junco","Junco hyemalis"
16,46.8707,"19:00:00","19:15:00","05/06/2017","19:00:19","présence","Regulus satrapa","species","Golden-crowned kinglet","Roitelet à couronne dorée","Animalia","Chordata","Aves","Passeriformes","Regulidae","Regulus","Regulus satrapa"
16,46.8707,"19:00:00","19:15:00","05/06/2017","19:11:41","présence","Bubo virginianus","species","Great horned owl","Grand-duc d'amérique","Animalia","Chordata","Aves","Strigiformes","Strigidae","Bubo","Bubo virginianus"
16,46.8707,"19:00:00","19:15:00","05/06/2017","19:06:07","présence","Geothlypis philadelphia","species","Mourning warbler","Paruline triste","Animalia","Chordata","Aves","Passeriformes","Parulidae","Geothlypis","Geothlypis philadelphia"
16,46.8707,"19:00:00","19:15:00","05/06/2017","19:04:23","présence","Geothlypis philadelphia","species","Mourning warbler","Paruline triste","Animalia","Chordata","Aves","Passeriformes","Parulidae","Geothlypis","Geothlypis philadelphia"
16,46.8707,"19:00:00","19:15:00","05/06/2017","19:10:27","présence","Parula americana","species","Northern parula","Paruline à collier","Animalia","Chordata","Aves","Passeriformes","Parulidae","Parula","Parula americana"
16,46.8707,"19:00:00","19:15:00","05/06/2017","19:06:19","présence","Parula americana","species","Northern parula","Paruline à collier","Animalia","Chordata","Aves","Passeriformes","Parulidae","Parula","Parula americana"
16,46.8707,"19:00:00","19:15:00","05/06/2017","19:04:47","présence","Seiurus aurocapilla","species","Ovenbird","Paruline couronnée","Animalia","Chordata","Aves","Passeriformes","Parulidae","Seiurus","Seiurus aurocapilla"
16,46.8707,"19:00:00","19:15:00","05/06/2017","19:09:59","présence","Sitta canadensis","species","Red-breasted nuthatch","Sittelle à poitrine rousse","Animalia","Chordata","Aves","Passeriformes","Sittidae","Sitta","Sitta canadensis"
16,46.8707,"19:00:00","19:15:00","05/06/2017","19:04:31","présence","Sitta canadensis","species","Red-breasted nuthatch","Sittelle à poitrine rousse","Animalia","Chordata","Aves","Passeriformes","Sittidae","Sitta","Sitta canadensis"
16,46.8707,"19:00:00","19:15:00","05/06/2017","19:07:54","présence","Euphagus carolinus","species","Rusty blackbird","Quiscale rouilleux","Animalia","Chordata","Aves","Passeriformes","Icteridae","Euphagus","Euphagus carolinus"
16,46.8707,"20:00:00","20:15:00","05/06/2017","NULL","présence","Turdus migratorius","species","American robin","Merle d'amérique","Animalia","Chordata","Aves","Passeriformes","Turdidae","Turdus","Turdus migratorius"
16,46.8707,"20:00:00","20:15:00","05/06/2017","20:03:23","présence","Dendroica virens","species","Black-throated green warbler","Paruline à gorge noire","Animalia","Chordata","Aves","Passeriformes","Parulidae","Dendroica","Dendroica virens"
16,46.8707,"20:00:00","20:15:00","05/06/2017","NULL","présence","Parula americana","species","Northern parula","Paruline à collier","Animalia","Chordata","Aves","Passeriformes","Parulidae","Parula","Parula americana"
16,46.8707,"20:00:00","20:15:00","05/06/2017","NULL","présence","Seiurus aurocapilla","species","Ovenbird","Paruline couronnée","Animalia","Chordata","Aves","Passeriformes","Parulidae","Seiurus","Seiurus aurocapilla"
16,46.8707,"20:00:00","20:15:00","05/06/2017","NULL","présence","Sitta canadensis","species","Red-breasted nuthatch","Sittelle à poitrine rousse","Animalia","Chordata","Aves","Passeriformes","Sittidae","Sitta","Sitta canadensis"
16,46.8707,"21:00:00","21:15:00","05/06/2017","NULL","présence","Strix varia","species","Barred owl","Chouette rayée","Animalia","Chordata","Aves","Strigiformes","Strigidae","Strix","Strix varia"
16,46.8707,"23:00:00","23:15:00","05/06/2017","23:04:30","présence","Aegolius acadicus","species","Northern saw-whet owl","Petite nyctale","Animalia","Chordata","Aves","Strigiformes","Strigidae","Aegolius","Aegolius acadicus"
16,46.8707,"23:00:00","23:15:00","05/06/2017","23:00:23","présence","Aegolius acadicus","species","Northern saw-whet owl","Petite nyctale","Animalia","Chordata","Aves","Strigiformes","Strigidae","Aegolius","Aegolius acadicus"
