"site_id","lat","time_start","time_finish","date_obs","time_obs","variable","valid_scientific_name","rank","vernacular_en","vernacular_fr","kingdom","phylum","class","order","family","genus","species"
11,46.8766,"01:00:00","01:15:00","07/06/2017","01:08:22","présence","Strix varia","species","Barred owl","Chouette rayée","Animalia","Chordata","Aves","Strigiformes","Strigidae","Strix","Strix varia"
11,46.8766,"01:00:00","01:15:00","07/06/2017","01:03:13","présence","Zonotrichia albicollis","species","White-throated sparrow","Bruant à gorge blanche","Animalia","Chordata","Aves","Passeriformes","Passerellidae","Zonotrichia","Zonotrichia albicollis"
11,46.8766,"03:00:00","03:03:00","07/06/2017","03:00:07","présence","Strix varia","species","Barred owl","Chouette rayée","Animalia","Chordata","Aves","Strigiformes","Strigidae","Strix","Strix varia"
11,46.8766,"03:00:00","03:15:00","07/06/2017","03:00:23","présence","Strix varia","species","Barred owl","Chouette rayée","Animalia","Chordata","Aves","Strigiformes","Strigidae","Strix","Strix varia"
