"site_id","lat","time_start","time_finish","date_obs","time_obs","variable","valid_scientific_name","rank","vernacular_en","vernacular_fr","kingdom","phylum","class","order","family","genus","species"
149,48.4878,"05:00:00","05:15:00","2019-06-02","05:06:04","présence","Dendroica castanea","species","Bay-breasted warbler","Paruline à poitrine baie","Animalia","Chordata","Aves","Passeriformes","Parulidae","Dendroica","Dendroica castanea"
149,48.4878,"05:00:00","05:15:00","2019-06-02","05:02:12","présence","Dendroica castanea","species","Bay-breasted warbler","Paruline à poitrine baie","Animalia","Chordata","Aves","Passeriformes","Parulidae","Dendroica","Dendroica castanea"
149,48.4878,"05:00:00","05:15:00","2019-06-02","05:14:43","présence","Ceryle alcyon","species","Belted kingfisher","Martin-pêcheur d'amérique","Animalia","Chordata","Aves","Coraciiformes","Alcedinidae","Ceryle","Ceryle alcyon"
149,48.4878,"05:00:00","05:15:00","2019-06-02","05:04:47","présence","Dendroica fusca","species","Blackburnian warbler","Paruline à gorge orangée","Animalia","Chordata","Aves","Passeriformes","Parulidae","Dendroica","Dendroica fusca"
149,48.4878,"05:00:00","05:15:00","2019-06-02","05:02:30","présence","Dendroica fusca","species","Blackburnian warbler","Paruline à gorge orangée","Animalia","Chordata","Aves","Passeriformes","Parulidae","Dendroica","Dendroica fusca"
149,48.4878,"05:00:00","05:15:00","2019-06-02","05:07:49","présence","Dendroica tigrina","species","Cape may warbler","Paruline tigrée","Animalia","Chordata","Aves","Passeriformes","Parulidae","Dendroica","Dendroica tigrina"
149,48.4878,"05:00:00","05:15:00","2019-06-02","05:01:20","présence","Dendroica tigrina","species","Cape may warbler","Paruline tigrée","Animalia","Chordata","Aves","Passeriformes","Parulidae","Dendroica","Dendroica tigrina"
149,48.4878,"05:00:00","05:15:00","2019-06-02","05:01:04","présence","Quiscalus quiscula","species","Common grackle","Quiscale bronzé","Animalia","Chordata","Aves","Passeriformes","Icteridae","Quiscalus","Quiscalus quiscula"
149,48.4878,"05:00:00","05:15:00","2019-06-02","05:00:05","présence","Quiscalus quiscula","species","Common grackle","Quiscale bronzé","Animalia","Chordata","Aves","Passeriformes","Icteridae","Quiscalus","Quiscalus quiscula"
149,48.4878,"05:00:00","05:15:00","2019-06-02","05:08:37","présence","Gavia immer","species","Common loon","Plongeon huard","Animalia","Chordata","Aves","Gaviiformes","Gaviidae","Gavia","Gavia immer"
149,48.4878,"05:00:00","05:15:00","2019-06-02","05:00:35","présence","Gavia immer","species","Common loon","Plongeon huard","Animalia","Chordata","Aves","Gaviiformes","Gaviidae","Gavia","Gavia immer"
149,48.4878,"05:00:00","05:15:00","2019-06-02","05:01:02","présence","Geothlypis trichas","species","Common yellowthroat","Paruline masquée","Animalia","Chordata","Aves","Passeriformes","Parulidae","Geothlypis","Geothlypis trichas"
149,48.4878,"05:00:00","05:15:00","2019-06-02","05:09:48","présence","Junco hyemalis","species","Dark-eyed junco","Junco ardoisé","Animalia","Chordata","Aves","Passeriformes","Passerellidae","Junco","Junco hyemalis"
149,48.4878,"05:00:00","05:15:00","2019-06-02","05:03:49","présence","Junco hyemalis","species","Dark-eyed junco","Junco ardoisé","Animalia","Chordata","Aves","Passeriformes","Passerellidae","Junco","Junco hyemalis"
149,48.4878,"05:00:00","05:15:00","2019-06-02","05:09:03","présence","Coccothraustes vespertinus","species","Evening grosbeak","Gros-bec errant","Animalia","Chordata","Aves","Passeriformes","Fringillidae","Coccothraustes","Coccothraustes vespertinus"
149,48.4878,"05:00:00","05:15:00","2019-06-02","05:06:20","présence","Coccothraustes vespertinus","species","Evening grosbeak","Gros-bec errant","Animalia","Chordata","Aves","Passeriformes","Fringillidae","Coccothraustes","Coccothraustes vespertinus"
149,48.4878,"05:00:00","05:15:00","2019-06-02","05:03:11","présence","Melospiza lincolnii","species","Lincoln's sparrow","Bruant de lincoln","Animalia","Chordata","Aves","Passeriformes","Passerellidae","Melospiza","Melospiza lincolnii"
149,48.4878,"05:00:00","05:15:00","2019-06-02","05:02:06","présence","Melospiza lincolnii","species","Lincoln's sparrow","Bruant de lincoln","Animalia","Chordata","Aves","Passeriformes","Passerellidae","Melospiza","Melospiza lincolnii"
149,48.4878,"05:00:00","05:15:00","2019-06-02","05:02:29","présence","Dendroica magnolia","species","Magnolia warbler","Paruline à tête cendrée","Animalia","Chordata","Aves","Passeriformes","Parulidae","Dendroica","Dendroica magnolia"
149,48.4878,"05:00:00","05:15:00","2019-06-02","05:06:59","présence","Colaptes auratus","species","Northern flicker","Pic flamboyant","Animalia","Chordata","Aves","Piciformes","Picidae","Colaptes","Colaptes auratus"
149,48.4878,"05:00:00","05:15:00","2019-06-02","05:02:40","présence","Colaptes auratus","species","Northern flicker","Pic flamboyant","Animalia","Chordata","Aves","Piciformes","Picidae","Colaptes","Colaptes auratus"
149,48.4878,"05:00:00","05:15:00","2019-06-02","05:01:30","présence","Parkesia noveboracensis","species","Northern waterthrush","Paruline des ruisseaux","Animalia","Chordata","Aves","Passeriformes","Parulidae","Parkesia","Parkesia noveboracensis"
149,48.4878,"05:00:00","05:15:00","2019-06-02","05:14:28","présence","Pinicola enucleator","species","Pine grosbeak","Durbec des sapins","Animalia","Chordata","Aves","Passeriformes","Fringillidae","Pinicola","Pinicola enucleator"
149,48.4878,"05:00:00","05:15:00","2019-06-02","05:05:32","présence","Sitta canadensis","species","Red-breasted nuthatch","Sittelle à poitrine rousse","Animalia","Chordata","Aves","Passeriformes","Sittidae","Sitta","Sitta canadensis"
149,48.4878,"05:00:00","05:15:00","2019-06-02","05:01:05","présence","Regulus calendula","species","Ruby-crowned kinglet","Roitelet à couronne rubis","Animalia","Chordata","Aves","Passeriformes","Regulidae","Regulus","Regulus calendula"
149,48.4878,"05:00:00","05:15:00","2019-06-02","05:11:59","présence","Melospiza georgiana","species","Swamp sparrow","Bruant des marais","Animalia","Chordata","Aves","Passeriformes","Passerellidae","Melospiza","Melospiza georgiana"
149,48.4878,"05:00:00","05:15:00","2019-06-02","05:00:28","présence","Melospiza georgiana","species","Swamp sparrow","Bruant des marais","Animalia","Chordata","Aves","Passeriformes","Passerellidae","Melospiza","Melospiza georgiana"
149,48.4878,"05:00:00","05:15:00","2019-06-02","05:00:32","présence","Troglodytes hiemalis","species","Animals","Troglodyte des forêts","Animalia","Chordata","Aves","Passeriformes","Troglodytidae","Troglodytes","Troglodytes hiemalis"
149,48.4878,"05:00:00","05:15:00","2019-06-02","05:00:01","présence","Zonotrichia albicollis","species","White-throated sparrow","Bruant à gorge blanche","Animalia","Chordata","Aves","Passeriformes","Passerellidae","Zonotrichia","Zonotrichia albicollis"
149,48.4878,"05:00:00","05:15:00","2019-06-02","05:00:24","présence","Dendroica coronata","species","Yellow-rumped warbler","Paruline à croupion jaune","Animalia","Chordata","Aves","Passeriformes","Parulidae","Dendroica","Dendroica coronata"
149,48.4878,"05:00:00","05:15:00","2019-06-02","05:03:08","présence","Dryobates pubescens","species","NULL","NULL","Animalia","Chordata","Aves","Piciformes","Picidae","Dryobates","Dryobates pubescens"
149,48.4878,"08:00:00","08:03:00","2019-06-02","08:00:02","présence","Quiscalus quiscula","species","Common grackle","Quiscale bronzé","Animalia","Chordata","Aves","Passeriformes","Icteridae","Quiscalus","Quiscalus quiscula"
149,48.4878,"08:00:00","08:03:00","2019-06-02","08:00:35","présence","Junco hyemalis","species","Dark-eyed junco","Junco ardoisé","Animalia","Chordata","Aves","Passeriformes","Passerellidae","Junco","Junco hyemalis"
149,48.4878,"08:00:00","08:03:00","2019-06-02","08:00:18","présence","Junco hyemalis","species","Dark-eyed junco","Junco ardoisé","Animalia","Chordata","Aves","Passeriformes","Passerellidae","Junco","Junco hyemalis"
149,48.4878,"08:00:00","08:03:00","2019-06-02","08:00:02","présence","Coccothraustes vespertinus","species","Evening grosbeak","Gros-bec errant","Animalia","Chordata","Aves","Passeriformes","Fringillidae","Coccothraustes","Coccothraustes vespertinus"
149,48.4878,"08:00:00","08:03:00","2019-06-02","08:00:03","présence","Coccothraustes vespertinus","species","Evening grosbeak","Gros-bec errant","Animalia","Chordata","Aves","Passeriformes","Fringillidae","Coccothraustes","Coccothraustes vespertinus"
149,48.4878,"08:00:00","08:03:00","2019-06-02","08:00:09","présence","Colaptes auratus","species","Northern flicker","Pic flamboyant","Animalia","Chordata","Aves","Piciformes","Picidae","Colaptes","Colaptes auratus"
149,48.4878,"08:00:00","08:03:00","2019-06-02","08:00:20","présence","Regulus calendula","species","Ruby-crowned kinglet","Roitelet à couronne rubis","Animalia","Chordata","Aves","Passeriformes","Regulidae","Regulus","Regulus calendula"
149,48.4878,"08:00:00","08:03:00","2019-06-02","08:00:42","présence","Zonotrichia albicollis","species","White-throated sparrow","Bruant à gorge blanche","Animalia","Chordata","Aves","Passeriformes","Passerellidae","Zonotrichia","Zonotrichia albicollis"
149,48.4878,"08:00:00","08:03:00","2019-06-02","08:00:45","présence","Zonotrichia albicollis","species","White-throated sparrow","Bruant à gorge blanche","Animalia","Chordata","Aves","Passeriformes","Passerellidae","Zonotrichia","Zonotrichia albicollis"
149,48.4878,"08:00:00","08:03:00","2019-06-02","08:00:18","présence","Dendroica coronata","species","Yellow-rumped warbler","Paruline à croupion jaune","Animalia","Chordata","Aves","Passeriformes","Parulidae","Dendroica","Dendroica coronata"
