"site_id","lat","time_start","time_finish","date_obs","time_obs","variable","valid_scientific_name","rank","vernacular_en","vernacular_fr","kingdom","phylum","class","order","family","genus","species"
160,46.8771,"08:00:00","08:15:00","2019-05-15","NULL","présence","Haemorhous purpureus","species","Purple finch","Roselin pourpré","Animalia","Chordata","Aves","Passeriformes","Fringillidae","Haemorhous","Haemorhous purpureus"
160,46.8771,"08:00:00","08:15:00","2019-05-15","NULL","présence","Bonasa umbellus","species","Ruffed grouse","Gélinotte huppée","Animalia","Chordata","Aves","Galliformes","Phasianidae","Bonasa","Bonasa umbellus"
160,46.8771,"12:00:00","12:15:00","2019-05-15","NULL","présence","Colaptes auratus","species","Northern flicker","Pic flamboyant","Animalia","Chordata","Aves","Piciformes","Picidae","Colaptes","Colaptes auratus"
160,46.8771,"12:00:00","12:15:00","2019-05-15","NULL","présence","Haemorhous purpureus","species","Purple finch","Roselin pourpré","Animalia","Chordata","Aves","Passeriformes","Fringillidae","Haemorhous","Haemorhous purpureus"
160,46.8771,"13:00:00","13:15:00","2019-05-15","NULL","présence","Haemorhous purpureus","species","Purple finch","Roselin pourpré","Animalia","Chordata","Aves","Passeriformes","Fringillidae","Haemorhous","Haemorhous purpureus"
160,46.8771,"22:00:00","22:03:00","2019-05-15","22:00:00","présence","Scolopax minor","species","American woodcock","Bécasse d'amérique","Animalia","Chordata","Aves","Charadriiformes","Scolopacidae","Scolopax","Scolopax minor"
