"site_id","lat","time_start","time_finish","date_obs","time_obs","variable","valid_scientific_name","rank","vernacular_en","vernacular_fr","kingdom","phylum","class","order","family","genus","species"
162,46.0009,"06:00:00","06:15:00","2019-06-07","06:08:52","présence","Botaurus lentiginosus","species","American bittern","Butor d'amérique","Animalia","Chordata","Aves","Pelecaniformes","Ardeidae","Botaurus","Botaurus lentiginosus"
162,46.0009,"06:00:00","06:15:00","2019-06-07","06:14:55","présence","Mniotilta varia","species","Black-and-white warbler","Paruline noir et blanc","Animalia","Chordata","Aves","Passeriformes","Parulidae","Mniotilta","Mniotilta varia"
162,46.0009,"06:00:00","06:15:00","2019-06-07","06:13:18","présence","Mniotilta varia","species","Black-and-white warbler","Paruline noir et blanc","Animalia","Chordata","Aves","Passeriformes","Parulidae","Mniotilta","Mniotilta varia"
162,46.0009,"06:00:00","06:15:00","2019-06-07","06:00:25","présence","Mniotilta varia","species","Black-and-white warbler","Paruline noir et blanc","Animalia","Chordata","Aves","Passeriformes","Parulidae","Mniotilta","Mniotilta varia"
162,46.0009,"06:00:00","06:15:00","2019-06-07","06:04:08","présence","Dendroica fusca","species","Blackburnian warbler","Paruline à gorge orangée","Animalia","Chordata","Aves","Passeriformes","Parulidae","Dendroica","Dendroica fusca"
162,46.0009,"06:00:00","06:15:00","2019-06-07","06:02:14","présence","Dendroica fusca","species","Blackburnian warbler","Paruline à gorge orangée","Animalia","Chordata","Aves","Passeriformes","Parulidae","Dendroica","Dendroica fusca"
162,46.0009,"06:00:00","06:15:00","2019-06-07","06:12:00","présence","Cyanocitta cristata","species","Blue jay","Geai bleu","Animalia","Chordata","Aves","Passeriformes","Corvidae","Cyanocitta","Cyanocitta cristata"
162,46.0009,"06:00:00","06:15:00","2019-06-07","06:05:55","présence","Cyanocitta cristata","species","Blue jay","Geai bleu","Animalia","Chordata","Aves","Passeriformes","Corvidae","Cyanocitta","Cyanocitta cristata"
162,46.0009,"06:00:00","06:15:00","2019-06-07","06:00:23","présence","Dendroica virens","species","Black-throated green warbler","Paruline à gorge noire","Animalia","Chordata","Aves","Passeriformes","Parulidae","Dendroica","Dendroica virens"
162,46.0009,"06:00:00","06:15:00","2019-06-07","06:00:12","présence","Corvus corax","species","Common raven","Grand corbeau","Animalia","Chordata","Aves","Passeriformes","Corvidae","Corvus","Corvus corax"
162,46.0009,"06:00:00","06:15:00","2019-06-07","06:00:09","présence","Geothlypis trichas","species","Common yellowthroat","Paruline masquée","Animalia","Chordata","Aves","Passeriformes","Parulidae","Geothlypis","Geothlypis trichas"
162,46.0009,"06:00:00","06:15:00","2019-06-07","06:09:56","présence","Regulus satrapa","species","Golden-crowned kinglet","Roitelet à couronne dorée","Animalia","Chordata","Aves","Passeriformes","Regulidae","Regulus","Regulus satrapa"
162,46.0009,"06:00:00","06:15:00","2019-06-07","06:12:52","présence","Catharus guttatus","species","Hermit thrush","Grive solitaire","Animalia","Chordata","Aves","Passeriformes","Turdidae","Catharus","Catharus guttatus"
162,46.0009,"06:00:00","06:15:00","2019-06-07","06:00:39","présence","Leiothlypis ruficapilla","species","Nashville warbler","Paruline à joues grises","Animalia","Chordata","Aves","Passeriformes","Parulidae","Leiothlypis","Leiothlypis ruficapilla"
162,46.0009,"06:00:00","06:15:00","2019-06-07","06:14:17","présence","Parkesia noveboracensis","species","Northern waterthrush","Paruline des ruisseaux","Animalia","Chordata","Aves","Passeriformes","Parulidae","Parkesia","Parkesia noveboracensis"
162,46.0009,"06:00:00","06:15:00","2019-06-07","06:01:21","présence","Seiurus aurocapilla","species","Ovenbird","Paruline couronnée","Animalia","Chordata","Aves","Passeriformes","Parulidae","Seiurus","Seiurus aurocapilla"
162,46.0009,"06:00:00","06:15:00","2019-06-07","06:04:29","présence","Sitta canadensis","species","Red-breasted nuthatch","Sittelle à poitrine rousse","Animalia","Chordata","Aves","Passeriformes","Sittidae","Sitta","Sitta canadensis"
162,46.0009,"06:00:00","06:15:00","2019-06-07","06:08:00","présence","Regulus calendula","species","Ruby-crowned kinglet","Roitelet à couronne rubis","Animalia","Chordata","Aves","Passeriformes","Regulidae","Regulus","Regulus calendula"
162,46.0009,"06:00:00","06:15:00","2019-06-07","06:00:02","présence","Regulus calendula","species","Ruby-crowned kinglet","Roitelet à couronne rubis","Animalia","Chordata","Aves","Passeriformes","Regulidae","Regulus","Regulus calendula"
162,46.0009,"06:00:00","06:15:00","2019-06-07","06:06:58","présence","Buteo lineatus","species","Red-shouldered hawk","Buse à épaulettes","Animalia","Chordata","Aves","Accipitriformes","Accipitridae","Buteo","Buteo lineatus"
162,46.0009,"06:00:00","06:15:00","2019-06-07","06:03:42","présence","Piranga olivacea","species","Scarlet tanager","Piranga écarlate","Animalia","Chordata","Aves","Passeriformes","Cardinalidae","Piranga","Piranga olivacea"
162,46.0009,"06:00:00","06:15:00","2019-06-07","06:10:18","présence","Melospiza georgiana","species","Swamp sparrow","Bruant des marais","Animalia","Chordata","Aves","Passeriformes","Passerellidae","Melospiza","Melospiza georgiana"
162,46.0009,"06:00:00","06:15:00","2019-06-07","06:03:58","présence","Melospiza georgiana","species","Swamp sparrow","Bruant des marais","Animalia","Chordata","Aves","Passeriformes","Passerellidae","Melospiza","Melospiza georgiana"
162,46.0009,"06:00:00","06:15:00","2019-06-07","06:00:12","présence","Melospiza georgiana","species","Swamp sparrow","Bruant des marais","Animalia","Chordata","Aves","Passeriformes","Passerellidae","Melospiza","Melospiza georgiana"
162,46.0009,"06:00:00","06:15:00","2019-06-07","06:05:32","présence","Catharus ustulatus","species","Swainson's thrush","Grive à dos olive","Animalia","Chordata","Aves","Passeriformes","Turdidae","Catharus","Catharus ustulatus"
162,46.0009,"06:00:00","06:15:00","2019-06-07","06:02:39","présence","Zonotrichia albicollis","species","White-throated sparrow","Bruant à gorge blanche","Animalia","Chordata","Aves","Passeriformes","Passerellidae","Zonotrichia","Zonotrichia albicollis"
162,46.0009,"06:00:00","06:15:00","2019-06-07","06:10:02","présence","Sphyrapicus varius","species","Yellow-bellied sapsucker","Pic maculé","Animalia","Chordata","Aves","Piciformes","Picidae","Sphyrapicus","Sphyrapicus varius"
162,46.0009,"06:00:00","06:15:00","2019-06-07","06:00:06","présence","Sphyrapicus varius","species","Yellow-bellied sapsucker","Pic maculé","Animalia","Chordata","Aves","Piciformes","Picidae","Sphyrapicus","Sphyrapicus varius"
162,46.0009,"06:00:00","06:15:00","2019-06-07","06:10:28","présence","Dendroica coronata","species","Yellow-rumped warbler","Paruline à croupion jaune","Animalia","Chordata","Aves","Passeriformes","Parulidae","Dendroica","Dendroica coronata"
162,46.0009,"06:00:00","06:15:00","2019-06-07","06:00:47","présence","Dendroica coronata","species","Yellow-rumped warbler","Paruline à croupion jaune","Animalia","Chordata","Aves","Passeriformes","Parulidae","Dendroica","Dendroica coronata"
162,46.0009,"06:00:00","06:15:00","2019-06-07","06:10:09","présence","Vireo","genus","NULL","NULL","Animalia","Chordata","Aves","Passeriformes","Vireonidae","Vireo","NULL"
