"site_id","lat","time_start","time_finish","date_obs","time_obs","variable","valid_scientific_name","rank","vernacular_en","vernacular_fr","kingdom","phylum","class","order","family","genus","species"
154,50.1999,"05:00:00","05:15:00","2019-06-09","05:11:28","présence","Corvus brachyrhynchos","species","American crow","Corneille d'amérique","Animalia","Chordata","Aves","Passeriformes","Corvidae","Corvus","Corvus brachyrhynchos"
154,50.1999,"05:00:00","05:15:00","2019-06-09","05:00:28","présence","Corvus brachyrhynchos","species","American crow","Corneille d'amérique","Animalia","Chordata","Aves","Passeriformes","Corvidae","Corvus","Corvus brachyrhynchos"
154,50.1999,"05:00:00","05:15:00","2019-06-09","05:12:37","présence","Dendroica tigrina","species","Cape may warbler","Paruline tigrée","Animalia","Chordata","Aves","Passeriformes","Parulidae","Dendroica","Dendroica tigrina"
154,50.1999,"05:00:00","05:15:00","2019-06-09","05:09:31","présence","Dendroica tigrina","species","Cape may warbler","Paruline tigrée","Animalia","Chordata","Aves","Passeriformes","Parulidae","Dendroica","Dendroica tigrina"
154,50.1999,"05:00:00","05:15:00","2019-06-09","05:00:05","présence","Geothlypis trichas","species","Common yellowthroat","Paruline masquée","Animalia","Chordata","Aves","Passeriformes","Parulidae","Geothlypis","Geothlypis trichas"
154,50.1999,"05:00:00","05:15:00","2019-06-09","05:00:56","présence","Catharus guttatus","species","Hermit thrush","Grive solitaire","Animalia","Chordata","Aves","Passeriformes","Turdidae","Catharus","Catharus guttatus"
154,50.1999,"05:00:00","05:15:00","2019-06-09","05:02:21","présence","Melospiza lincolnii","species","Lincoln's sparrow","Bruant de lincoln","Animalia","Chordata","Aves","Passeriformes","Passerellidae","Melospiza","Melospiza lincolnii"
154,50.1999,"05:00:00","05:15:00","2019-06-09","05:00:15","présence","Dendroica magnolia","species","Magnolia warbler","Paruline à tête cendrée","Animalia","Chordata","Aves","Passeriformes","Parulidae","Dendroica","Dendroica magnolia"
154,50.1999,"05:00:00","05:15:00","2019-06-09","05:14:11","présence","Vireo philadelphicus","species","Philadelphia vireo","Viréo de philadelphie","Animalia","Chordata","Aves","Passeriformes","Vireonidae","Vireo","Vireo philadelphicus"
154,50.1999,"05:00:00","05:15:00","2019-06-09","05:13:37","présence","Vireo philadelphicus","species","Philadelphia vireo","Viréo de philadelphie","Animalia","Chordata","Aves","Passeriformes","Vireonidae","Vireo","Vireo philadelphicus"
154,50.1999,"05:00:00","05:15:00","2019-06-09","05:03:33","présence","Haemorhous purpureus","species","Purple finch","Roselin pourpré","Animalia","Chordata","Aves","Passeriformes","Fringillidae","Haemorhous","Haemorhous purpureus"
154,50.1999,"05:00:00","05:15:00","2019-06-09","05:02:36","présence","Regulus calendula","species","Ruby-crowned kinglet","Roitelet à couronne rubis","Animalia","Chordata","Aves","Passeriformes","Regulidae","Regulus","Regulus calendula"
154,50.1999,"05:00:00","05:15:00","2019-06-09","05:00:49","présence","Regulus calendula","species","Ruby-crowned kinglet","Roitelet à couronne rubis","Animalia","Chordata","Aves","Passeriformes","Regulidae","Regulus","Regulus calendula"
154,50.1999,"05:00:00","05:15:00","2019-06-09","05:00:40","présence","Leiothlypis peregrina","species","Tennessee warbler","Paruline obscure","Animalia","Chordata","Aves","Passeriformes","Parulidae","Leiothlypis","Leiothlypis peregrina"
154,50.1999,"05:00:00","05:15:00","2019-06-09","05:00:01","présence","Zonotrichia albicollis","species","White-throated sparrow","Bruant à gorge blanche","Animalia","Chordata","Aves","Passeriformes","Passerellidae","Zonotrichia","Zonotrichia albicollis"
154,50.1999,"05:00:00","05:15:00","2019-06-09","05:10:32","présence","Loxia leucoptera","species","Two-barred crossbill","Bec-croisé bifascié","Animalia","Chordata","Aves","Passeriformes","Fringillidae","Loxia","Loxia leucoptera"
154,50.1999,"05:00:00","05:15:00","2019-06-09","05:01:13","présence","Loxia leucoptera","species","Two-barred crossbill","Bec-croisé bifascié","Animalia","Chordata","Aves","Passeriformes","Fringillidae","Loxia","Loxia leucoptera"
154,50.1999,"05:00:00","05:15:00","2019-06-09","05:02:51","présence","Dendroica coronata","species","Yellow-rumped warbler","Paruline à croupion jaune","Animalia","Chordata","Aves","Passeriformes","Parulidae","Dendroica","Dendroica coronata"
154,50.1999,"05:00:00","05:15:00","2019-06-09","05:01:29","présence","Dendroica coronata","species","Yellow-rumped warbler","Paruline à croupion jaune","Animalia","Chordata","Aves","Passeriformes","Parulidae","Dendroica","Dendroica coronata"
154,50.1999,"07:00:00","07:03:00","2019-06-09","07:00:37","présence","Perisoreus canadensis","species","Gray jay","Mésangeai du Canada","Animalia","Chordata","Aves","Passeriformes","Corvidae","Perisoreus","Perisoreus canadensis"
154,50.1999,"07:00:00","07:03:00","2019-06-09","07:00:34","présence","Perisoreus canadensis","species","Gray jay","Mésangeai du Canada","Animalia","Chordata","Aves","Passeriformes","Corvidae","Perisoreus","Perisoreus canadensis"
154,50.1999,"07:00:00","07:03:00","2019-06-09","07:00:07","présence","Geothlypis trichas","species","Common yellowthroat","Paruline masquée","Animalia","Chordata","Aves","Passeriformes","Parulidae","Geothlypis","Geothlypis trichas"
154,50.1999,"07:00:00","07:03:00","2019-06-09","07:00:29","présence","Geothlypis trichas","species","Common yellowthroat","Paruline masquée","Animalia","Chordata","Aves","Passeriformes","Parulidae","Geothlypis","Geothlypis trichas"
154,50.1999,"07:00:00","07:03:00","2019-06-09","07:00:00","présence","Catharus guttatus","species","Hermit thrush","Grive solitaire","Animalia","Chordata","Aves","Passeriformes","Turdidae","Catharus","Catharus guttatus"
154,50.1999,"07:00:00","07:03:00","2019-06-09","07:00:03","présence","Dendroica magnolia","species","Magnolia warbler","Paruline à tête cendrée","Animalia","Chordata","Aves","Passeriformes","Parulidae","Dendroica","Dendroica magnolia"
154,50.1999,"07:00:00","07:03:00","2019-06-09","07:01:15","présence","Dendroica palmarum","species","Palm warbler","Paruline à couronne rousse","Animalia","Chordata","Aves","Passeriformes","Parulidae","Dendroica","Dendroica palmarum"
154,50.1999,"07:00:00","07:03:00","2019-06-09","07:00:18","présence","Regulus calendula","species","Ruby-crowned kinglet","Roitelet à couronne rubis","Animalia","Chordata","Aves","Passeriformes","Regulidae","Regulus","Regulus calendula"
154,50.1999,"07:00:00","07:03:00","2019-06-09","07:00:02","présence","Regulus calendula","species","Ruby-crowned kinglet","Roitelet à couronne rubis","Animalia","Chordata","Aves","Passeriformes","Regulidae","Regulus","Regulus calendula"
154,50.1999,"07:00:00","07:03:00","2019-06-09","07:00:25","présence","Leiothlypis peregrina","species","Tennessee warbler","Paruline obscure","Animalia","Chordata","Aves","Passeriformes","Parulidae","Leiothlypis","Leiothlypis peregrina"
154,50.1999,"07:00:00","07:03:00","2019-06-09","07:01:00","présence","Dendroica coronata","species","Yellow-rumped warbler","Paruline à croupion jaune","Animalia","Chordata","Aves","Passeriformes","Parulidae","Dendroica","Dendroica coronata"
