"site_id","lat","time_start","time_finish","date_obs","time_obs","variable","valid_scientific_name","rank","vernacular_en","vernacular_fr","kingdom","phylum","class","order","family","genus","species"
1,46.8088,"04:00:00","04:15:00","03/06/2016","NULL","présence","Botaurus lentiginosus","species","American bittern","Butor d'amérique","Animalia","Chordata","Aves","Pelecaniformes","Ardeidae","Botaurus","Botaurus lentiginosus"
1,46.8088,"04:00:00","04:15:00","03/06/2016","NULL","présence","Geothlypis trichas","species","Common yellowthroat","Paruline masquée","Animalia","Chordata","Aves","Passeriformes","Parulidae","Geothlypis","Geothlypis trichas"
1,46.8088,"04:00:00","04:15:00","03/06/2016","NULL","présence","Melospiza georgiana","species","Swamp sparrow","Bruant des marais","Animalia","Chordata","Aves","Passeriformes","Passerellidae","Melospiza","Melospiza georgiana"
1,46.8088,"04:00:00","04:15:00","03/06/2016","NULL","présence","Zonotrichia albicollis","species","White-throated sparrow","Bruant à gorge blanche","Animalia","Chordata","Aves","Passeriformes","Passerellidae","Zonotrichia","Zonotrichia albicollis"
1,46.8088,"05:00:00","05:15:00","03/06/2016","05:05:14","présence","Passeriformes","order","Perching birds","Passereaux","Animalia","Chordata","Aves","Passeriformes","NULL","NULL","NULL"
1,46.8088,"05:00:00","05:15:00","03/06/2016","05:12:47","présence","Anatidae","family","Ducks","Canards","Animalia","Chordata","Aves","Anseriformes","Anatidae","NULL","NULL"
1,46.8088,"05:00:00","05:15:00","03/06/2016","05:00:58","présence","Botaurus lentiginosus","species","American bittern","Butor d'amérique","Animalia","Chordata","Aves","Pelecaniformes","Ardeidae","Botaurus","Botaurus lentiginosus"
1,46.8088,"05:00:00","05:15:00","03/06/2016","05:01:32","présence","Mniotilta varia","species","Black-and-white warbler","Paruline noir et blanc","Animalia","Chordata","Aves","Passeriformes","Parulidae","Mniotilta","Mniotilta varia"
1,46.8088,"05:00:00","05:15:00","03/06/2016","05:00:01","présence","Mniotilta varia","species","Black-and-white warbler","Paruline noir et blanc","Animalia","Chordata","Aves","Passeriformes","Parulidae","Mniotilta","Mniotilta varia"
1,46.8088,"05:00:00","05:15:00","03/06/2016","NULL","présence","Parus atricapilla","species","Black-capped chickadee","Mésange à tête noire","Animalia","Chordata","Aves","Passeriformes","Paridae","Parus","Parus atricapilla"
1,46.8088,"05:00:00","05:15:00","03/06/2016","05:00:30","présence","Geothlypis trichas","species","Common yellowthroat","Paruline masquée","Animalia","Chordata","Aves","Passeriformes","Parulidae","Geothlypis","Geothlypis trichas"
1,46.8088,"05:00:00","05:15:00","03/06/2016","NULL","présence","Seiurus aurocapilla","species","Ovenbird","Paruline couronnée","Animalia","Chordata","Aves","Passeriformes","Parulidae","Seiurus","Seiurus aurocapilla"
1,46.8088,"05:00:00","05:15:00","03/06/2016","05:01:09","présence","Melospiza georgiana","species","Swamp sparrow","Bruant des marais","Animalia","Chordata","Aves","Passeriformes","Passerellidae","Melospiza","Melospiza georgiana"
1,46.8088,"05:00:00","05:15:00","03/06/2016","05:00:01","présence","Catharus fuscescens","species","Veery","Grive fauve","Animalia","Chordata","Aves","Passeriformes","Turdidae","Catharus","Catharus fuscescens"
1,46.8088,"05:00:00","05:15:00","03/06/2016","05:00:04","présence","Zonotrichia albicollis","species","White-throated sparrow","Bruant à gorge blanche","Animalia","Chordata","Aves","Passeriformes","Passerellidae","Zonotrichia","Zonotrichia albicollis"
1,46.8088,"05:00:00","05:15:00","03/06/2016","NULL","présence","Dendroica coronata","species","Yellow-rumped warbler","Paruline à croupion jaune","Animalia","Chordata","Aves","Passeriformes","Parulidae","Dendroica","Dendroica coronata"
1,46.8088,"06:00:00","06:15:00","03/06/2016","06:08:19","présence","Botaurus lentiginosus","species","American bittern","Butor d'amérique","Animalia","Chordata","Aves","Pelecaniformes","Ardeidae","Botaurus","Botaurus lentiginosus"
1,46.8088,"06:00:00","06:15:00","03/06/2016","06:02:28","présence","Mniotilta varia","species","Black-and-white warbler","Paruline noir et blanc","Animalia","Chordata","Aves","Passeriformes","Parulidae","Mniotilta","Mniotilta varia"
1,46.8088,"06:00:00","06:15:00","03/06/2016","NULL","présence","Geothlypis trichas","species","Common yellowthroat","Paruline masquée","Animalia","Chordata","Aves","Passeriformes","Parulidae","Geothlypis","Geothlypis trichas"
1,46.8088,"06:00:00","06:15:00","03/06/2016","06:11:18","présence","Leiothlypis ruficapilla","species","Nashville warbler","Paruline à joues grises","Animalia","Chordata","Aves","Passeriformes","Parulidae","Leiothlypis","Leiothlypis ruficapilla"
1,46.8088,"06:00:00","06:15:00","03/06/2016","06:03:51","présence","Seiurus aurocapilla","species","Ovenbird","Paruline couronnée","Animalia","Chordata","Aves","Passeriformes","Parulidae","Seiurus","Seiurus aurocapilla"
1,46.8088,"06:00:00","06:15:00","03/06/2016","NULL","présence","Carduelis pinus","species","Pine siskin","Tarin","Animalia","Chordata","Aves","Passeriformes","Fringillidae","Carduelis","Carduelis pinus"
1,46.8088,"06:00:00","06:15:00","03/06/2016","06:14:57","présence","Pheucticus ludovicianus","species","Rose-breasted grosbeak","Cardinal à poitrine rose","Animalia","Chordata","Aves","Passeriformes","Cardinalidae","Pheucticus","Pheucticus ludovicianus"
1,46.8088,"06:00:00","06:15:00","03/06/2016","06:00:34","présence","Agelaius phoeniceus","species","Red-winged blackbird","Carouge à épaulettes","Animalia","Chordata","Aves","Passeriformes","Icteridae","Agelaius","Agelaius phoeniceus"
1,46.8088,"06:00:00","06:15:00","03/06/2016","06:05:04","présence","Melospiza georgiana","species","Swamp sparrow","Bruant des marais","Animalia","Chordata","Aves","Passeriformes","Passerellidae","Melospiza","Melospiza georgiana"
1,46.8088,"06:00:00","06:15:00","03/06/2016","06:02:13","présence","Catharus fuscescens","species","Veery","Grive fauve","Animalia","Chordata","Aves","Passeriformes","Turdidae","Catharus","Catharus fuscescens"
1,46.8088,"06:00:00","06:15:00","03/06/2016","06:03:22","présence","Zonotrichia albicollis","species","White-throated sparrow","Bruant à gorge blanche","Animalia","Chordata","Aves","Passeriformes","Passerellidae","Zonotrichia","Zonotrichia albicollis"
1,46.8088,"06:00:00","06:15:00","03/06/2016","06:00:01","présence","Zonotrichia albicollis","species","White-throated sparrow","Bruant à gorge blanche","Animalia","Chordata","Aves","Passeriformes","Passerellidae","Zonotrichia","Zonotrichia albicollis"
1,46.8088,"06:00:00","06:15:00","03/06/2016","06:09:03","présence","Vireo","genus","NULL","NULL","Animalia","Chordata","Aves","Passeriformes","Vireonidae","Vireo","NULL"
1,46.8088,"07:00:00","07:15:00","03/06/2016","NULL","présence","Anatidae","family","Ducks","Canards","Animalia","Chordata","Aves","Anseriformes","Anatidae","NULL","NULL"
1,46.8088,"07:00:00","07:15:00","03/06/2016","07:00:08","présence","Botaurus lentiginosus","species","American bittern","Butor d'amérique","Animalia","Chordata","Aves","Pelecaniformes","Ardeidae","Botaurus","Botaurus lentiginosus"
1,46.8088,"07:00:00","07:15:00","03/06/2016","07:02:13","présence","Setophaga ruticilla","species","American redstart","Paruline flamboyante","Animalia","Chordata","Aves","Passeriformes","Parulidae","Setophaga","Setophaga ruticilla"
1,46.8088,"07:00:00","07:15:00","03/06/2016","NULL","présence","Mniotilta varia","species","Black-and-white warbler","Paruline noir et blanc","Animalia","Chordata","Aves","Passeriformes","Parulidae","Mniotilta","Mniotilta varia"
1,46.8088,"07:00:00","07:15:00","03/06/2016","07:08:18","présence","Cyanocitta cristata","species","Blue jay","Geai bleu","Animalia","Chordata","Aves","Passeriformes","Corvidae","Cyanocitta","Cyanocitta cristata"
1,46.8088,"07:00:00","07:15:00","03/06/2016","07:05:22","présence","Dendroica caerulescens","species","Black-throated blue warbler","Paruline","Animalia","Chordata","Aves","Passeriformes","Parulidae","Dendroica","Dendroica caerulescens"
1,46.8088,"07:00:00","07:15:00","03/06/2016","NULL","présence","Tyrannus tyrannus","species","Eastern kingbird","Tyran tritri","Animalia","Chordata","Aves","Passeriformes","Tyrannidae","Tyrannus","Tyrannus tyrannus"
1,46.8088,"07:00:00","07:15:00","03/06/2016","07:04:04","présence","Parula americana","species","Northern parula","Paruline à collier","Animalia","Chordata","Aves","Passeriformes","Parulidae","Parula","Parula americana"
1,46.8088,"07:00:00","07:15:00","03/06/2016","NULL","présence","Seiurus aurocapilla","species","Ovenbird","Paruline couronnée","Animalia","Chordata","Aves","Passeriformes","Parulidae","Seiurus","Seiurus aurocapilla"
1,46.8088,"07:00:00","07:15:00","03/06/2016","07:03:22","présence","Pheucticus ludovicianus","species","Rose-breasted grosbeak","Cardinal à poitrine rose","Animalia","Chordata","Aves","Passeriformes","Cardinalidae","Pheucticus","Pheucticus ludovicianus"
1,46.8088,"07:00:00","07:15:00","03/06/2016","07:12:32","présence","Melospiza georgiana","species","Swamp sparrow","Bruant des marais","Animalia","Chordata","Aves","Passeriformes","Passerellidae","Melospiza","Melospiza georgiana"
1,46.8088,"07:00:00","07:15:00","03/06/2016","07:05:11","présence","Melospiza georgiana","species","Swamp sparrow","Bruant des marais","Animalia","Chordata","Aves","Passeriformes","Passerellidae","Melospiza","Melospiza georgiana"
1,46.8088,"07:00:00","07:15:00","03/06/2016","07:09:37","présence","Leiothlypis peregrina","species","Tennessee warbler","Paruline obscure","Animalia","Chordata","Aves","Passeriformes","Parulidae","Leiothlypis","Leiothlypis peregrina"
1,46.8088,"07:00:00","07:15:00","03/06/2016","07:04:32","présence","Zonotrichia albicollis","species","White-throated sparrow","Bruant à gorge blanche","Animalia","Chordata","Aves","Passeriformes","Passerellidae","Zonotrichia","Zonotrichia albicollis"
1,46.8088,"07:00:00","07:15:00","03/06/2016","07:00:38","présence","Dendroica coronata","species","Yellow-rumped warbler","Paruline à croupion jaune","Animalia","Chordata","Aves","Passeriformes","Parulidae","Dendroica","Dendroica coronata"
1,46.8088,"07:00:00","07:15:00","03/06/2016","07:08:15","présence","Vireo","genus","NULL","NULL","Animalia","Chordata","Aves","Passeriformes","Vireonidae","Vireo","NULL"
1,46.8088,"08:00:00","08:15:00","03/06/2016","08:07:13","présence","Icteridae","family","American blackbirds","Ictéridés","Animalia","Chordata","Aves","Passeriformes","Icteridae","NULL","NULL"
1,46.8088,"08:00:00","08:15:00","03/06/2016","NULL","présence","Mniotilta varia","species","Black-and-white warbler","Paruline noir et blanc","Animalia","Chordata","Aves","Passeriformes","Parulidae","Mniotilta","Mniotilta varia"
1,46.8088,"08:00:00","08:15:00","03/06/2016","08:08:21","présence","Cyanocitta cristata","species","Blue jay","Geai bleu","Animalia","Chordata","Aves","Passeriformes","Corvidae","Cyanocitta","Cyanocitta cristata"
1,46.8088,"08:00:00","08:15:00","03/06/2016","08:05:06","présence","Dendroica striata","species","Blackpoll warbler","Paruline rayée","Animalia","Chordata","Aves","Passeriformes","Parulidae","Dendroica","Dendroica striata"
1,46.8088,"08:00:00","08:15:00","03/06/2016","NULL","présence","Dendroica caerulescens","species","Black-throated blue warbler","Paruline","Animalia","Chordata","Aves","Passeriformes","Parulidae","Dendroica","Dendroica caerulescens"
1,46.8088,"08:00:00","08:15:00","03/06/2016","08:07:07","présence","Bombycilla cedrorum","species","Cedar waxwing","Jaseur d'amérique","Animalia","Chordata","Aves","Passeriformes","Bombycillidae","Bombycilla","Bombycilla cedrorum"
1,46.8088,"08:00:00","08:15:00","03/06/2016","NULL","présence","Geothlypis trichas","species","Common yellowthroat","Paruline masquée","Animalia","Chordata","Aves","Passeriformes","Parulidae","Geothlypis","Geothlypis trichas"
1,46.8088,"08:00:00","08:15:00","03/06/2016","NULL","présence","Seiurus aurocapilla","species","Ovenbird","Paruline couronnée","Animalia","Chordata","Aves","Passeriformes","Parulidae","Seiurus","Seiurus aurocapilla"
1,46.8088,"08:00:00","08:15:00","03/06/2016","NULL","présence","Pheucticus ludovicianus","species","Rose-breasted grosbeak","Cardinal à poitrine rose","Animalia","Chordata","Aves","Passeriformes","Cardinalidae","Pheucticus","Pheucticus ludovicianus"
1,46.8088,"08:00:00","08:15:00","03/06/2016","08:08:24","présence","Buteo lineatus","species","Red-shouldered hawk","Buse à épaulettes","Animalia","Chordata","Aves","Accipitriformes","Accipitridae","Buteo","Buteo lineatus"
1,46.8088,"08:00:00","08:15:00","03/06/2016","NULL","présence","Melospiza georgiana","species","Swamp sparrow","Bruant des marais","Animalia","Chordata","Aves","Passeriformes","Passerellidae","Melospiza","Melospiza georgiana"
1,46.8088,"08:00:00","08:15:00","03/06/2016","NULL","présence","Zonotrichia albicollis","species","White-throated sparrow","Bruant à gorge blanche","Animalia","Chordata","Aves","Passeriformes","Passerellidae","Zonotrichia","Zonotrichia albicollis"
1,46.8088,"08:00:00","08:15:00","03/06/2016","NULL","présence","Vireo","genus","NULL","NULL","Animalia","Chordata","Aves","Passeriformes","Vireonidae","Vireo","NULL"
1,46.8088,"12:00:00","12:15:00","03/06/2016","12:01:26","présence","Parus atricapilla","species","Black-capped chickadee","Mésange à tête noire","Animalia","Chordata","Aves","Passeriformes","Paridae","Parus","Parus atricapilla"
1,46.8088,"12:00:00","12:15:00","03/06/2016","12:09:20","présence","Dendroica caerulescens","species","Black-throated blue warbler","Paruline","Animalia","Chordata","Aves","Passeriformes","Parulidae","Dendroica","Dendroica caerulescens"
1,46.8088,"12:00:00","12:15:00","03/06/2016","NULL","présence","Geothlypis trichas","species","Common yellowthroat","Paruline masquée","Animalia","Chordata","Aves","Passeriformes","Parulidae","Geothlypis","Geothlypis trichas"
1,46.8088,"12:00:00","12:15:00","03/06/2016","NULL","présence","Seiurus aurocapilla","species","Ovenbird","Paruline couronnée","Animalia","Chordata","Aves","Passeriformes","Parulidae","Seiurus","Seiurus aurocapilla"
1,46.8088,"12:00:00","12:15:00","03/06/2016","12:05:24","présence","Melospiza georgiana","species","Swamp sparrow","Bruant des marais","Animalia","Chordata","Aves","Passeriformes","Passerellidae","Melospiza","Melospiza georgiana"
1,46.8088,"12:00:00","12:15:00","03/06/2016","12:02:41","présence","Catharus fuscescens","species","Veery","Grive fauve","Animalia","Chordata","Aves","Passeriformes","Turdidae","Catharus","Catharus fuscescens"
1,46.8088,"12:00:00","12:15:00","03/06/2016","NULL","présence","Dendroica coronata","species","Yellow-rumped warbler","Paruline à croupion jaune","Animalia","Chordata","Aves","Passeriformes","Parulidae","Dendroica","Dendroica coronata"
1,46.8088,"12:00:00","12:15:00","03/06/2016","12:14:39","présence","Vireo","genus","NULL","NULL","Animalia","Chordata","Aves","Passeriformes","Vireonidae","Vireo","NULL"
1,46.8088,"13:00:00","13:15:00","03/06/2016","NULL","présence","Vireo","genus","Vireos","Viréo","Animalia","Chordata","Aves","Passeriformes","Vireonidae","Vireo","NULL"
1,46.8088,"13:00:00","13:15:00","03/06/2016","NULL","présence","Mniotilta varia","species","Black-and-white warbler","Paruline noir et blanc","Animalia","Chordata","Aves","Passeriformes","Parulidae","Mniotilta","Mniotilta varia"
1,46.8088,"13:00:00","13:15:00","03/06/2016","13:00:58","présence","Cyanocitta cristata","species","Blue jay","Geai bleu","Animalia","Chordata","Aves","Passeriformes","Corvidae","Cyanocitta","Cyanocitta cristata"
1,46.8088,"13:00:00","13:15:00","03/06/2016","13:09:58","présence","Geothlypis trichas","species","Common yellowthroat","Paruline masquée","Animalia","Chordata","Aves","Passeriformes","Parulidae","Geothlypis","Geothlypis trichas"
1,46.8088,"13:00:00","13:15:00","03/06/2016","NULL","présence","Seiurus aurocapilla","species","Ovenbird","Paruline couronnée","Animalia","Chordata","Aves","Passeriformes","Parulidae","Seiurus","Seiurus aurocapilla"
1,46.8088,"13:00:00","13:15:00","03/06/2016","NULL","présence","Zonotrichia albicollis","species","White-throated sparrow","Bruant à gorge blanche","Animalia","Chordata","Aves","Passeriformes","Passerellidae","Zonotrichia","Zonotrichia albicollis"
1,46.8088,"13:00:00","13:15:00","03/06/2016","NULL","présence","Dendroica coronata","species","Yellow-rumped warbler","Paruline à croupion jaune","Animalia","Chordata","Aves","Passeriformes","Parulidae","Dendroica","Dendroica coronata"
1,46.8088,"19:00:00","19:15:00","03/06/2016","19:13:50","présence","Botaurus lentiginosus","species","American bittern","Butor d'amérique","Animalia","Chordata","Aves","Pelecaniformes","Ardeidae","Botaurus","Botaurus lentiginosus"
1,46.8088,"19:00:00","19:15:00","03/06/2016","19:12:26","présence","Mniotilta varia","species","Black-and-white warbler","Paruline noir et blanc","Animalia","Chordata","Aves","Passeriformes","Parulidae","Mniotilta","Mniotilta varia"
1,46.8088,"19:00:00","19:15:00","03/06/2016","19:09:08","présence","Branta canadensis","species","Canada goose","Bernache du Canada","Animalia","Chordata","Aves","Anseriformes","Anatidae","Branta","Branta canadensis"
1,46.8088,"19:00:00","19:15:00","03/06/2016","19:11:14","présence","Seiurus aurocapilla","species","Ovenbird","Paruline couronnée","Animalia","Chordata","Aves","Passeriformes","Parulidae","Seiurus","Seiurus aurocapilla"
1,46.8088,"19:00:00","19:15:00","03/06/2016","19:10:47","présence","Melospiza georgiana","species","Swamp sparrow","Bruant des marais","Animalia","Chordata","Aves","Passeriformes","Passerellidae","Melospiza","Melospiza georgiana"
1,46.8088,"19:00:00","19:15:00","03/06/2016","19:14:59","présence","Catharus fuscescens","species","Veery","Grive fauve","Animalia","Chordata","Aves","Passeriformes","Turdidae","Catharus","Catharus fuscescens"
1,46.8088,"19:00:00","19:15:00","03/06/2016","19:02:55","présence","Zonotrichia albicollis","species","White-throated sparrow","Bruant à gorge blanche","Animalia","Chordata","Aves","Passeriformes","Passerellidae","Zonotrichia","Zonotrichia albicollis"
1,46.8088,"19:00:00","19:15:00","03/06/2016","19:04:56","présence","Vireo","genus","NULL","NULL","Animalia","Chordata","Aves","Passeriformes","Vireonidae","Vireo","NULL"
