"site_id","lat","time_start","time_finish","date_obs","time_obs","variable","valid_scientific_name","rank","vernacular_en","vernacular_fr","kingdom","phylum","class","order","family","genus","species"
11,46.8766,"05:00:00","05:15:00","08/06/2017","05:00:02","présence","Melospiza georgiana","species","Swamp sparrow","Bruant des marais","Animalia","Chordata","Aves","Passeriformes","Passerellidae","Melospiza","Melospiza georgiana"
11,46.8766,"05:00:00","05:15:00","08/06/2017","05:01:35","présence","Troglodytes hiemalis","species","Animals","Troglodyte des forêts","Animalia","Chordata","Aves","Passeriformes","Troglodytidae","Troglodytes","Troglodytes hiemalis"
11,46.8766,"05:00:00","05:15:00","08/06/2017","05:00:10","présence","Zonotrichia albicollis","species","White-throated sparrow","Bruant à gorge blanche","Animalia","Chordata","Aves","Passeriformes","Passerellidae","Zonotrichia","Zonotrichia albicollis"
11,46.8766,"05:00:00","05:15:00","08/06/2017","05:02:32","présence","Dryobates pubescens","species","NULL","NULL","Animalia","Chordata","Aves","Piciformes","Picidae","Dryobates","Dryobates pubescens"
11,46.8766,"05:00:00","05:15:00","08/06/2017","05:05:32","présence","Vireo","genus","NULL","NULL","Animalia","Chordata","Aves","Passeriformes","Vireonidae","Vireo","NULL"
11,46.8766,"05:00:00","05:15:00","08/06/2017","05:02:53","présence","Vireo","genus","NULL","NULL","Animalia","Chordata","Aves","Passeriformes","Vireonidae","Vireo","NULL"
11,46.8766,"06:00:00","06:15:00","08/06/2017","06:08:08","présence","Passeriformes","order","Perching birds","Passereaux","Animalia","Chordata","Aves","Passeriformes","NULL","NULL","NULL"
11,46.8766,"06:00:00","06:15:00","08/06/2017","06:03:58","présence","Passeriformes","order","Perching birds","Passereaux","Animalia","Chordata","Aves","Passeriformes","NULL","NULL","NULL"
11,46.8766,"06:00:00","06:15:00","08/06/2017","06:01:01","présence","Mniotilta varia","species","Black-and-white warbler","Paruline noir et blanc","Animalia","Chordata","Aves","Passeriformes","Parulidae","Mniotilta","Mniotilta varia"
11,46.8766,"06:00:00","06:15:00","08/06/2017","06:05:46","présence","Parus atricapilla","species","Black-capped chickadee","Mésange à tête noire","Animalia","Chordata","Aves","Passeriformes","Paridae","Parus","Parus atricapilla"
11,46.8766,"06:00:00","06:15:00","08/06/2017","06:05:54","présence","Vireo solitarius","species","Blue-headed vireo","Viréo à tête bleue","Animalia","Chordata","Aves","Passeriformes","Vireonidae","Vireo","Vireo solitarius"
11,46.8766,"06:00:00","06:15:00","08/06/2017","06:00:28","présence","Certhia americana","species","Brown creeper","Grimpereau brun","Animalia","Chordata","Aves","Passeriformes","Certhiidae","Certhia","Certhia americana"
11,46.8766,"06:00:00","06:15:00","08/06/2017","06:06:22","présence","Geothlypis trichas","species","Common yellowthroat","Paruline masquée","Animalia","Chordata","Aves","Passeriformes","Parulidae","Geothlypis","Geothlypis trichas"
11,46.8766,"06:00:00","06:15:00","08/06/2017","06:06:37","présence","Junco hyemalis","species","Dark-eyed junco","Junco ardoisé","Animalia","Chordata","Aves","Passeriformes","Passerellidae","Junco","Junco hyemalis"
11,46.8766,"06:00:00","06:15:00","08/06/2017","06:02:37","présence","Dendroica magnolia","species","Magnolia warbler","Paruline à tête cendrée","Animalia","Chordata","Aves","Passeriformes","Parulidae","Dendroica","Dendroica magnolia"
11,46.8766,"06:00:00","06:15:00","08/06/2017","06:06:07","présence","Leiothlypis ruficapilla","species","Nashville warbler","Paruline à joues grises","Animalia","Chordata","Aves","Passeriformes","Parulidae","Leiothlypis","Leiothlypis ruficapilla"
11,46.8766,"06:00:00","06:15:00","08/06/2017","06:00:08","présence","Leiothlypis ruficapilla","species","Nashville warbler","Paruline à joues grises","Animalia","Chordata","Aves","Passeriformes","Parulidae","Leiothlypis","Leiothlypis ruficapilla"
11,46.8766,"06:00:00","06:15:00","08/06/2017","06:03:14","présence","Parula americana","species","Northern parula","Paruline à collier","Animalia","Chordata","Aves","Passeriformes","Parulidae","Parula","Parula americana"
11,46.8766,"06:00:00","06:15:00","08/06/2017","06:02:10","présence","Parula americana","species","Northern parula","Paruline à collier","Animalia","Chordata","Aves","Passeriformes","Parulidae","Parula","Parula americana"
11,46.8766,"06:00:00","06:15:00","08/06/2017","06:05:02","présence","Sitta canadensis","species","Red-breasted nuthatch","Sittelle à poitrine rousse","Animalia","Chordata","Aves","Passeriformes","Sittidae","Sitta","Sitta canadensis"
11,46.8766,"06:00:00","06:15:00","08/06/2017","06:09:21","présence","Piranga olivacea","species","Scarlet tanager","Piranga écarlate","Animalia","Chordata","Aves","Passeriformes","Cardinalidae","Piranga","Piranga olivacea"
11,46.8766,"06:00:00","06:15:00","08/06/2017","06:00:14","présence","Melospiza georgiana","species","Swamp sparrow","Bruant des marais","Animalia","Chordata","Aves","Passeriformes","Passerellidae","Melospiza","Melospiza georgiana"
11,46.8766,"06:00:00","06:15:00","08/06/2017","06:07:20","présence","Troglodytes hiemalis","species","Animals","Troglodyte des forêts","Animalia","Chordata","Aves","Passeriformes","Troglodytidae","Troglodytes","Troglodytes hiemalis"
11,46.8766,"06:00:00","06:15:00","08/06/2017","06:00:20","présence","Zonotrichia albicollis","species","White-throated sparrow","Bruant à gorge blanche","Animalia","Chordata","Aves","Passeriformes","Passerellidae","Zonotrichia","Zonotrichia albicollis"
11,46.8766,"06:00:00","06:15:00","08/06/2017","06:12:13","présence","Sphyrapicus varius","species","Yellow-bellied sapsucker","Pic maculé","Animalia","Chordata","Aves","Piciformes","Picidae","Sphyrapicus","Sphyrapicus varius"
11,46.8766,"06:00:00","06:15:00","08/06/2017","06:05:51","présence","Dendroica coronata","species","Yellow-rumped warbler","Paruline à croupion jaune","Animalia","Chordata","Aves","Passeriformes","Parulidae","Dendroica","Dendroica coronata"
11,46.8766,"06:00:00","06:15:00","08/06/2017","06:05:21","présence","Dendroica coronata","species","Yellow-rumped warbler","Paruline à croupion jaune","Animalia","Chordata","Aves","Passeriformes","Parulidae","Dendroica","Dendroica coronata"
11,46.8766,"07:00:00","07:15:00","08/06/2017","07:13:19","présence","Fringillidae","family","Finches","Gros-becs","Animalia","Chordata","Aves","Passeriformes","Fringillidae","NULL","NULL"
11,46.8766,"07:00:00","07:15:00","08/06/2017","07:08:19","présence","Fringillidae","family","Finches","Gros-becs","Animalia","Chordata","Aves","Passeriformes","Fringillidae","NULL","NULL"
11,46.8766,"07:00:00","07:15:00","08/06/2017","07:13:50","présence","Empidonax alnorum","species","Alder flycatcher","Moucherolle des aulnes","Animalia","Chordata","Aves","Passeriformes","Tyrannidae","Empidonax","Empidonax alnorum"
11,46.8766,"07:00:00","07:15:00","08/06/2017","07:12:00","présence","Empidonax alnorum","species","Alder flycatcher","Moucherolle des aulnes","Animalia","Chordata","Aves","Passeriformes","Tyrannidae","Empidonax","Empidonax alnorum"
11,46.8766,"07:00:00","07:15:00","08/06/2017","07:02:46","présence","Mniotilta varia","species","Black-and-white warbler","Paruline noir et blanc","Animalia","Chordata","Aves","Passeriformes","Parulidae","Mniotilta","Mniotilta varia"
11,46.8766,"07:00:00","07:15:00","08/06/2017","07:00:51","présence","Mniotilta varia","species","Black-and-white warbler","Paruline noir et blanc","Animalia","Chordata","Aves","Passeriformes","Parulidae","Mniotilta","Mniotilta varia"
11,46.8766,"07:00:00","07:15:00","08/06/2017","07:07:47","présence","Dendroica fusca","species","Blackburnian warbler","Paruline à gorge orangée","Animalia","Chordata","Aves","Passeriformes","Parulidae","Dendroica","Dendroica fusca"
11,46.8766,"07:00:00","07:15:00","08/06/2017","07:10:57","présence","Certhia americana","species","Brown creeper","Grimpereau brun","Animalia","Chordata","Aves","Passeriformes","Certhiidae","Certhia","Certhia americana"
11,46.8766,"07:00:00","07:15:00","08/06/2017","07:00:11","présence","Dendroica caerulescens","species","Black-throated blue warbler","Paruline","Animalia","Chordata","Aves","Passeriformes","Parulidae","Dendroica","Dendroica caerulescens"
11,46.8766,"07:00:00","07:15:00","08/06/2017","07:06:19","présence","Dendroica virens","species","Black-throated green warbler","Paruline à gorge noire","Animalia","Chordata","Aves","Passeriformes","Parulidae","Dendroica","Dendroica virens"
11,46.8766,"07:00:00","07:15:00","08/06/2017","07:03:29","présence","Geothlypis trichas","species","Common yellowthroat","Paruline masquée","Animalia","Chordata","Aves","Passeriformes","Parulidae","Geothlypis","Geothlypis trichas"
11,46.8766,"07:00:00","07:15:00","08/06/2017","07:00:03","présence","Geothlypis trichas","species","Common yellowthroat","Paruline masquée","Animalia","Chordata","Aves","Passeriformes","Parulidae","Geothlypis","Geothlypis trichas"
11,46.8766,"07:00:00","07:15:00","08/06/2017","07:07:29","présence","Regulus satrapa","species","Golden-crowned kinglet","Roitelet à couronne dorée","Animalia","Chordata","Aves","Passeriformes","Regulidae","Regulus","Regulus satrapa"
11,46.8766,"07:00:00","07:15:00","08/06/2017","07:12:33","présence","Geothlypis philadelphia","species","Mourning warbler","Paruline triste","Animalia","Chordata","Aves","Passeriformes","Parulidae","Geothlypis","Geothlypis philadelphia"
11,46.8766,"07:00:00","07:15:00","08/06/2017","07:12:01","présence","Geothlypis philadelphia","species","Mourning warbler","Paruline triste","Animalia","Chordata","Aves","Passeriformes","Parulidae","Geothlypis","Geothlypis philadelphia"
11,46.8766,"07:00:00","07:15:00","08/06/2017","07:09:59","présence","Geothlypis philadelphia","species","Mourning warbler","Paruline triste","Animalia","Chordata","Aves","Passeriformes","Parulidae","Geothlypis","Geothlypis philadelphia"
11,46.8766,"07:00:00","07:15:00","08/06/2017","07:08:58","présence","Geothlypis philadelphia","species","Mourning warbler","Paruline triste","Animalia","Chordata","Aves","Passeriformes","Parulidae","Geothlypis","Geothlypis philadelphia"
11,46.8766,"07:00:00","07:15:00","08/06/2017","07:00:17","présence","Leiothlypis ruficapilla","species","Nashville warbler","Paruline à joues grises","Animalia","Chordata","Aves","Passeriformes","Parulidae","Leiothlypis","Leiothlypis ruficapilla"
11,46.8766,"07:00:00","07:15:00","08/06/2017","07:06:28","présence","Parula americana","species","Northern parula","Paruline à collier","Animalia","Chordata","Aves","Passeriformes","Parulidae","Parula","Parula americana"
11,46.8766,"07:00:00","07:15:00","08/06/2017","07:00:09","présence","Parula americana","species","Northern parula","Paruline à collier","Animalia","Chordata","Aves","Passeriformes","Parulidae","Parula","Parula americana"
11,46.8766,"07:00:00","07:15:00","08/06/2017","07:00:13","présence","Sitta canadensis","species","Red-breasted nuthatch","Sittelle à poitrine rousse","Animalia","Chordata","Aves","Passeriformes","Sittidae","Sitta","Sitta canadensis"
11,46.8766,"07:00:00","07:15:00","08/06/2017","07:00:06","présence","Melospiza georgiana","species","Swamp sparrow","Bruant des marais","Animalia","Chordata","Aves","Passeriformes","Passerellidae","Melospiza","Melospiza georgiana"
11,46.8766,"07:00:00","07:15:00","08/06/2017","07:00:00","présence","Zonotrichia albicollis","species","White-throated sparrow","Bruant à gorge blanche","Animalia","Chordata","Aves","Passeriformes","Passerellidae","Zonotrichia","Zonotrichia albicollis"
11,46.8766,"07:00:00","07:15:00","08/06/2017","07:09:32","présence","Empidonax flaviventris","species","Yellow-bellied flycatcher","Moucherolle à ventre jaune","Animalia","Chordata","Aves","Passeriformes","Tyrannidae","Empidonax","Empidonax flaviventris"
11,46.8766,"07:00:00","07:15:00","08/06/2017","07:09:16","présence","Empidonax flaviventris","species","Yellow-bellied flycatcher","Moucherolle à ventre jaune","Animalia","Chordata","Aves","Passeriformes","Tyrannidae","Empidonax","Empidonax flaviventris"
11,46.8766,"07:00:00","07:15:00","08/06/2017","07:02:28","présence","Dendroica coronata","species","Yellow-rumped warbler","Paruline à croupion jaune","Animalia","Chordata","Aves","Passeriformes","Parulidae","Dendroica","Dendroica coronata"
11,46.8766,"07:00:00","07:15:00","08/06/2017","07:00:23","présence","Vireo","genus","NULL","NULL","Animalia","Chordata","Aves","Passeriformes","Vireonidae","Vireo","NULL"
11,46.8766,"08:00:00","08:15:00","08/06/2017","08:02:25","présence","Passerellidae","family","American sparrows","Passereaux","Animalia","Chordata","Aves","Passeriformes","Passerellidae","NULL","NULL"
11,46.8766,"08:00:00","08:15:00","08/06/2017","08:09:42","présence","Parus atricapilla","species","Black-capped chickadee","Mésange à tête noire","Animalia","Chordata","Aves","Passeriformes","Paridae","Parus","Parus atricapilla"
11,46.8766,"08:00:00","08:15:00","08/06/2017","08:00:09","présence","Dendroica caerulescens","species","Black-throated blue warbler","Paruline","Animalia","Chordata","Aves","Passeriformes","Parulidae","Dendroica","Dendroica caerulescens"
11,46.8766,"08:00:00","08:15:00","08/06/2017","08:09:05","présence","Geothlypis trichas","species","Common yellowthroat","Paruline masquée","Animalia","Chordata","Aves","Passeriformes","Parulidae","Geothlypis","Geothlypis trichas"
11,46.8766,"08:00:00","08:15:00","08/06/2017","08:00:07","présence","Geothlypis trichas","species","Common yellowthroat","Paruline masquée","Animalia","Chordata","Aves","Passeriformes","Parulidae","Geothlypis","Geothlypis trichas"
11,46.8766,"08:00:00","08:15:00","08/06/2017","08:02:35","présence","Regulus satrapa","species","Golden-crowned kinglet","Roitelet à couronne dorée","Animalia","Chordata","Aves","Passeriformes","Regulidae","Regulus","Regulus satrapa"
11,46.8766,"08:00:00","08:15:00","08/06/2017","08:01:25","présence","Geothlypis philadelphia","species","Mourning warbler","Paruline triste","Animalia","Chordata","Aves","Passeriformes","Parulidae","Geothlypis","Geothlypis philadelphia"
11,46.8766,"08:00:00","08:15:00","08/06/2017","08:00:03","présence","Geothlypis philadelphia","species","Mourning warbler","Paruline triste","Animalia","Chordata","Aves","Passeriformes","Parulidae","Geothlypis","Geothlypis philadelphia"
11,46.8766,"08:00:00","08:15:00","08/06/2017","08:00:27","présence","Leiothlypis ruficapilla","species","Nashville warbler","Paruline à joues grises","Animalia","Chordata","Aves","Passeriformes","Parulidae","Leiothlypis","Leiothlypis ruficapilla"
11,46.8766,"08:00:00","08:15:00","08/06/2017","08:01:34","présence","Parula americana","species","Northern parula","Paruline à collier","Animalia","Chordata","Aves","Passeriformes","Parulidae","Parula","Parula americana"
11,46.8766,"08:00:00","08:15:00","08/06/2017","08:01:16","présence","Sitta canadensis","species","Red-breasted nuthatch","Sittelle à poitrine rousse","Animalia","Chordata","Aves","Passeriformes","Sittidae","Sitta","Sitta canadensis"
11,46.8766,"08:00:00","08:15:00","08/06/2017","08:09:00","présence","Melospiza georgiana","species","Swamp sparrow","Bruant des marais","Animalia","Chordata","Aves","Passeriformes","Passerellidae","Melospiza","Melospiza georgiana"
11,46.8766,"08:00:00","08:15:00","08/06/2017","08:00:16","présence","Melospiza georgiana","species","Swamp sparrow","Bruant des marais","Animalia","Chordata","Aves","Passeriformes","Passerellidae","Melospiza","Melospiza georgiana"
11,46.8766,"08:00:00","08:15:00","08/06/2017","08:07:11","présence","Troglodytes hiemalis","species","Animals","Troglodyte des forêts","Animalia","Chordata","Aves","Passeriformes","Troglodytidae","Troglodytes","Troglodytes hiemalis"
11,46.8766,"08:00:00","08:15:00","08/06/2017","08:00:00","présence","Zonotrichia albicollis","species","White-throated sparrow","Bruant à gorge blanche","Animalia","Chordata","Aves","Passeriformes","Passerellidae","Zonotrichia","Zonotrichia albicollis"
11,46.8766,"08:00:00","08:15:00","08/06/2017","08:14:49","présence","Empidonax flaviventris","species","Yellow-bellied flycatcher","Moucherolle à ventre jaune","Animalia","Chordata","Aves","Passeriformes","Tyrannidae","Empidonax","Empidonax flaviventris"
11,46.8766,"08:00:00","08:15:00","08/06/2017","08:01:40","présence","Vireo","genus","NULL","NULL","Animalia","Chordata","Aves","Passeriformes","Vireonidae","Vireo","NULL"
11,46.8766,"12:00:00","12:15:00","08/06/2017","12:14:54","présence","Dendroica caerulescens","species","Black-throated blue warbler","Paruline","Animalia","Chordata","Aves","Passeriformes","Parulidae","Dendroica","Dendroica caerulescens"
11,46.8766,"12:00:00","12:15:00","08/06/2017","12:01:44","présence","Geothlypis trichas","species","Common yellowthroat","Paruline masquée","Animalia","Chordata","Aves","Passeriformes","Parulidae","Geothlypis","Geothlypis trichas"
11,46.8766,"12:00:00","12:15:00","08/06/2017","12:01:54","présence","Dendroica magnolia","species","Magnolia warbler","Paruline à tête cendrée","Animalia","Chordata","Aves","Passeriformes","Parulidae","Dendroica","Dendroica magnolia"
11,46.8766,"12:00:00","12:15:00","08/06/2017","12:02:54","présence","Leiothlypis ruficapilla","species","Nashville warbler","Paruline à joues grises","Animalia","Chordata","Aves","Passeriformes","Parulidae","Leiothlypis","Leiothlypis ruficapilla"
11,46.8766,"12:00:00","12:15:00","08/06/2017","12:00:20","présence","Parula americana","species","Northern parula","Paruline à collier","Animalia","Chordata","Aves","Passeriformes","Parulidae","Parula","Parula americana"
11,46.8766,"12:00:00","12:15:00","08/06/2017","12:03:55","présence","Sitta canadensis","species","Red-breasted nuthatch","Sittelle à poitrine rousse","Animalia","Chordata","Aves","Passeriformes","Sittidae","Sitta","Sitta canadensis"
11,46.8766,"12:00:00","12:15:00","08/06/2017","12:03:22","présence","Sitta canadensis","species","Red-breasted nuthatch","Sittelle à poitrine rousse","Animalia","Chordata","Aves","Passeriformes","Sittidae","Sitta","Sitta canadensis"
11,46.8766,"12:00:00","12:15:00","08/06/2017","12:07:39","présence","Melospiza georgiana","species","Swamp sparrow","Bruant des marais","Animalia","Chordata","Aves","Passeriformes","Passerellidae","Melospiza","Melospiza georgiana"
11,46.8766,"12:00:00","12:15:00","08/06/2017","12:05:55","présence","Zonotrichia albicollis","species","White-throated sparrow","Bruant à gorge blanche","Animalia","Chordata","Aves","Passeriformes","Passerellidae","Zonotrichia","Zonotrichia albicollis"
11,46.8766,"12:00:00","12:15:00","08/06/2017","12:03:39","présence","Vireo","genus","NULL","NULL","Animalia","Chordata","Aves","Passeriformes","Vireonidae","Vireo","NULL"
11,46.8766,"13:00:00","13:15:00","08/06/2017","NULL","présence","Dendroica magnolia","species","Magnolia warbler","Paruline à tête cendrée","Animalia","Chordata","Aves","Passeriformes","Parulidae","Dendroica","Dendroica magnolia"
11,46.8766,"13:00:00","13:15:00","08/06/2017","NULL","présence","Leiothlypis ruficapilla","species","Nashville warbler","Paruline à joues grises","Animalia","Chordata","Aves","Passeriformes","Parulidae","Leiothlypis","Leiothlypis ruficapilla"
11,46.8766,"13:00:00","13:15:00","08/06/2017","NULL","présence","Parula americana","species","Northern parula","Paruline à collier","Animalia","Chordata","Aves","Passeriformes","Parulidae","Parula","Parula americana"
11,46.8766,"13:00:00","13:15:00","08/06/2017","NULL","présence","Sitta canadensis","species","Red-breasted nuthatch","Sittelle à poitrine rousse","Animalia","Chordata","Aves","Passeriformes","Sittidae","Sitta","Sitta canadensis"
11,46.8766,"13:00:00","13:15:00","08/06/2017","NULL","présence","Zonotrichia albicollis","species","White-throated sparrow","Bruant à gorge blanche","Animalia","Chordata","Aves","Passeriformes","Passerellidae","Zonotrichia","Zonotrichia albicollis"
11,46.8766,"13:00:00","13:15:00","08/06/2017","NULL","présence","Vireo","genus","NULL","NULL","Animalia","Chordata","Aves","Passeriformes","Vireonidae","Vireo","NULL"
11,46.8766,"19:00:00","19:15:00","08/06/2017","19:06:08","présence","Strix varia","species","Barred owl","Chouette rayée","Animalia","Chordata","Aves","Strigiformes","Strigidae","Strix","Strix varia"
11,46.8766,"19:00:00","19:15:00","08/06/2017","19:04:27","présence","Dendroica virens","species","Black-throated green warbler","Paruline à gorge noire","Animalia","Chordata","Aves","Passeriformes","Parulidae","Dendroica","Dendroica virens"
11,46.8766,"19:00:00","19:15:00","08/06/2017","19:05:55","présence","Regulus satrapa","species","Golden-crowned kinglet","Roitelet à couronne dorée","Animalia","Chordata","Aves","Passeriformes","Regulidae","Regulus","Regulus satrapa"
11,46.8766,"19:00:00","19:15:00","08/06/2017","19:04:05","présence","Sitta canadensis","species","Red-breasted nuthatch","Sittelle à poitrine rousse","Animalia","Chordata","Aves","Passeriformes","Sittidae","Sitta","Sitta canadensis"
11,46.8766,"19:00:00","19:15:00","08/06/2017","19:07:17","présence","Melospiza georgiana","species","Swamp sparrow","Bruant des marais","Animalia","Chordata","Aves","Passeriformes","Passerellidae","Melospiza","Melospiza georgiana"
11,46.8766,"19:00:00","19:15:00","08/06/2017","19:07:03","présence","Zonotrichia albicollis","species","White-throated sparrow","Bruant à gorge blanche","Animalia","Chordata","Aves","Passeriformes","Passerellidae","Zonotrichia","Zonotrichia albicollis"
11,46.8766,"19:00:00","19:15:00","08/06/2017","19:08:04","présence","Vireo","genus","NULL","NULL","Animalia","Chordata","Aves","Passeriformes","Vireonidae","Vireo","NULL"
11,46.8766,"19:00:00","19:15:00","08/06/2017","19:06:29","présence","Vireo","genus","NULL","NULL","Animalia","Chordata","Aves","Passeriformes","Vireonidae","Vireo","NULL"
11,46.8766,"20:00:00","20:15:00","08/06/2017","20:12:55","présence","Dendroica virens","species","Black-throated green warbler","Paruline à gorge noire","Animalia","Chordata","Aves","Passeriformes","Parulidae","Dendroica","Dendroica virens"
11,46.8766,"20:00:00","20:15:00","08/06/2017","20:13:41","présence","Cardellina canadensis","species","Canada warbler","Paruline du Canada","Animalia","Chordata","Aves","Passeriformes","Parulidae","Cardellina","Cardellina canadensis"
11,46.8766,"20:00:00","20:15:00","08/06/2017","20:11:01","présence","Geothlypis trichas","species","Common yellowthroat","Paruline masquée","Animalia","Chordata","Aves","Passeriformes","Parulidae","Geothlypis","Geothlypis trichas"
11,46.8766,"20:00:00","20:15:00","08/06/2017","20:10:55","présence","Geothlypis trichas","species","Common yellowthroat","Paruline masquée","Animalia","Chordata","Aves","Passeriformes","Parulidae","Geothlypis","Geothlypis trichas"
11,46.8766,"20:00:00","20:15:00","08/06/2017","20:00:27","présence","Dendroica magnolia","species","Magnolia warbler","Paruline à tête cendrée","Animalia","Chordata","Aves","Passeriformes","Parulidae","Dendroica","Dendroica magnolia"
11,46.8766,"20:00:00","20:15:00","08/06/2017","20:08:22","présence","Leiothlypis ruficapilla","species","Nashville warbler","Paruline à joues grises","Animalia","Chordata","Aves","Passeriformes","Parulidae","Leiothlypis","Leiothlypis ruficapilla"
11,46.8766,"20:00:00","20:15:00","08/06/2017","20:13:52","présence","Agelaius phoeniceus","species","Red-winged blackbird","Carouge à épaulettes","Animalia","Chordata","Aves","Passeriformes","Icteridae","Agelaius","Agelaius phoeniceus"
11,46.8766,"20:00:00","20:15:00","08/06/2017","20:12:32","présence","Melospiza georgiana","species","Swamp sparrow","Bruant des marais","Animalia","Chordata","Aves","Passeriformes","Passerellidae","Melospiza","Melospiza georgiana"
11,46.8766,"20:00:00","20:15:00","08/06/2017","20:00:08","présence","Zonotrichia albicollis","species","White-throated sparrow","Bruant à gorge blanche","Animalia","Chordata","Aves","Passeriformes","Passerellidae","Zonotrichia","Zonotrichia albicollis"
11,46.8766,"21:00:00","21:15:00","08/06/2017","21:00:43","présence","Strix varia","species","Barred owl","Chouette rayée","Animalia","Chordata","Aves","Strigiformes","Strigidae","Strix","Strix varia"
11,46.8766,"21:00:00","21:15:00","08/06/2017","21:00:57","présence","Geothlypis trichas","species","Common yellowthroat","Paruline masquée","Animalia","Chordata","Aves","Passeriformes","Parulidae","Geothlypis","Geothlypis trichas"
11,46.8766,"21:00:00","21:15:00","08/06/2017","21:00:04","présence","Zonotrichia albicollis","species","White-throated sparrow","Bruant à gorge blanche","Animalia","Chordata","Aves","Passeriformes","Passerellidae","Zonotrichia","Zonotrichia albicollis"
11,46.8766,"22:00:00","22:15:00","08/06/2017","22:01:27","présence","Strix varia","species","Barred owl","Chouette rayée","Animalia","Chordata","Aves","Strigiformes","Strigidae","Strix","Strix varia"
11,46.8766,"04:00:00","04:15:00","08/06/2017","04:00:15","présence","Geothlypis trichas","species","Common yellowthroat","Paruline masquée","Animalia","Chordata","Aves","Passeriformes","Parulidae","Geothlypis","Geothlypis trichas"
11,46.8766,"04:00:00","04:15:00","08/06/2017","04:11:03","présence","Regulus satrapa","species","Golden-crowned kinglet","Roitelet à couronne dorée","Animalia","Chordata","Aves","Passeriformes","Regulidae","Regulus","Regulus satrapa"
11,46.8766,"04:00:00","04:15:00","08/06/2017","04:01:18","présence","Catharus guttatus","species","Hermit thrush","Grive solitaire","Animalia","Chordata","Aves","Passeriformes","Turdidae","Catharus","Catharus guttatus"
11,46.8766,"04:00:00","04:15:00","08/06/2017","04:03:25","présence","Melospiza lincolnii","species","Lincoln's sparrow","Bruant de lincoln","Animalia","Chordata","Aves","Passeriformes","Passerellidae","Melospiza","Melospiza lincolnii"
11,46.8766,"04:00:00","04:15:00","08/06/2017","04:14:15","présence","Leiothlypis ruficapilla","species","Nashville warbler","Paruline à joues grises","Animalia","Chordata","Aves","Passeriformes","Parulidae","Leiothlypis","Leiothlypis ruficapilla"
11,46.8766,"04:00:00","04:15:00","08/06/2017","04:00:27","présence","Melospiza georgiana","species","Swamp sparrow","Bruant des marais","Animalia","Chordata","Aves","Passeriformes","Passerellidae","Melospiza","Melospiza georgiana"
11,46.8766,"04:00:00","04:15:00","08/06/2017","04:12:16","présence","Troglodytes hiemalis","species","Animals","Troglodyte des forêts","Animalia","Chordata","Aves","Passeriformes","Troglodytidae","Troglodytes","Troglodytes hiemalis"
11,46.8766,"04:00:00","04:15:00","08/06/2017","04:07:57","présence","Troglodytes hiemalis","species","Animals","Troglodyte des forêts","Animalia","Chordata","Aves","Passeriformes","Troglodytidae","Troglodytes","Troglodytes hiemalis"
11,46.8766,"04:00:00","04:15:00","08/06/2017","04:00:00","présence","Zonotrichia albicollis","species","White-throated sparrow","Bruant à gorge blanche","Animalia","Chordata","Aves","Passeriformes","Passerellidae","Zonotrichia","Zonotrichia albicollis"
11,46.8766,"05:00:00","05:15:00","08/06/2017","05:08:01","présence","Anatidae","family","Ducks","Canards","Animalia","Chordata","Aves","Anseriformes","Anatidae","NULL","NULL"
11,46.8766,"05:00:00","05:15:00","08/06/2017","05:02:50","présence","Anatidae","family","Ducks","Canards","Animalia","Chordata","Aves","Anseriformes","Anatidae","NULL","NULL"
11,46.8766,"05:00:00","05:15:00","08/06/2017","05:08:19","présence","Dendroica caerulescens","species","Black-throated blue warbler","Paruline","Animalia","Chordata","Aves","Passeriformes","Parulidae","Dendroica","Dendroica caerulescens"
11,46.8766,"05:00:00","05:15:00","08/06/2017","05:06:55","présence","Dendroica caerulescens","species","Black-throated blue warbler","Paruline","Animalia","Chordata","Aves","Passeriformes","Parulidae","Dendroica","Dendroica caerulescens"
11,46.8766,"05:00:00","05:15:00","08/06/2017","05:00:08","présence","Geothlypis trichas","species","Common yellowthroat","Paruline masquée","Animalia","Chordata","Aves","Passeriformes","Parulidae","Geothlypis","Geothlypis trichas"
11,46.8766,"05:00:00","05:15:00","08/06/2017","05:10:03","présence","Dendroica magnolia","species","Magnolia warbler","Paruline à tête cendrée","Animalia","Chordata","Aves","Passeriformes","Parulidae","Dendroica","Dendroica magnolia"
11,46.8766,"05:00:00","05:15:00","08/06/2017","05:09:46","présence","Dendroica magnolia","species","Magnolia warbler","Paruline à tête cendrée","Animalia","Chordata","Aves","Passeriformes","Parulidae","Dendroica","Dendroica magnolia"
11,46.8766,"05:00:00","05:15:00","08/06/2017","05:00:04","présence","Leiothlypis ruficapilla","species","Nashville warbler","Paruline à joues grises","Animalia","Chordata","Aves","Passeriformes","Parulidae","Leiothlypis","Leiothlypis ruficapilla"
11,46.8766,"05:00:00","05:15:00","08/06/2017","05:02:43","présence","Parula americana","species","Northern parula","Paruline à collier","Animalia","Chordata","Aves","Passeriformes","Parulidae","Parula","Parula americana"
11,46.8766,"05:00:00","05:15:00","08/06/2017","05:01:45","présence","Seiurus aurocapilla","species","Ovenbird","Paruline couronnée","Animalia","Chordata","Aves","Passeriformes","Parulidae","Seiurus","Seiurus aurocapilla"
11,46.8766,"05:00:00","05:15:00","08/06/2017","05:00:59","présence","Seiurus aurocapilla","species","Ovenbird","Paruline couronnée","Animalia","Chordata","Aves","Passeriformes","Parulidae","Seiurus","Seiurus aurocapilla"
11,46.8766,"05:00:00","05:15:00","08/06/2017","05:06:22","présence","Sitta canadensis","species","Red-breasted nuthatch","Sittelle à poitrine rousse","Animalia","Chordata","Aves","Passeriformes","Sittidae","Sitta","Sitta canadensis"
11,46.8766,"05:00:00","05:15:00","08/06/2017","05:01:02","présence","Sitta canadensis","species","Red-breasted nuthatch","Sittelle à poitrine rousse","Animalia","Chordata","Aves","Passeriformes","Sittidae","Sitta","Sitta canadensis"
