"site_id","lat","time_start","time_finish","date_obs","time_obs","variable","valid_scientific_name","rank","vernacular_en","vernacular_fr","kingdom","phylum","class","order","family","genus","species"
156,48.4883,"05:00:00","05:15:00","2019-06-10","05:09:01","présence","Corvus brachyrhynchos","species","American crow","Corneille d'amérique","Animalia","Chordata","Aves","Passeriformes","Corvidae","Corvus","Corvus brachyrhynchos"
156,48.4883,"05:00:00","05:15:00","2019-06-10","05:02:49","présence","Setophaga ruticilla","species","American redstart","Paruline flamboyante","Animalia","Chordata","Aves","Passeriformes","Parulidae","Setophaga","Setophaga ruticilla"
156,48.4883,"05:00:00","05:15:00","2019-06-10","05:06:31","présence","Dendroica castanea","species","Bay-breasted warbler","Paruline à poitrine baie","Animalia","Chordata","Aves","Passeriformes","Parulidae","Dendroica","Dendroica castanea"
156,48.4883,"05:00:00","05:15:00","2019-06-10","05:05:17","présence","Dendroica castanea","species","Bay-breasted warbler","Paruline à poitrine baie","Animalia","Chordata","Aves","Passeriformes","Parulidae","Dendroica","Dendroica castanea"
156,48.4883,"05:00:00","05:15:00","2019-06-10","05:14:20","présence","Certhia americana","species","Brown creeper","Grimpereau brun","Animalia","Chordata","Aves","Passeriformes","Certhiidae","Certhia","Certhia americana"
156,48.4883,"05:00:00","05:15:00","2019-06-10","05:00:20","présence","Dendroica virens","species","Black-throated green warbler","Paruline à gorge noire","Animalia","Chordata","Aves","Passeriformes","Parulidae","Dendroica","Dendroica virens"
156,48.4883,"05:00:00","05:15:00","2019-06-10","NULL","présence","Geothlypis trichas","species","Common yellowthroat","Paruline masquée","Animalia","Chordata","Aves","Passeriformes","Parulidae","Geothlypis","Geothlypis trichas"
156,48.4883,"05:00:00","05:15:00","2019-06-10","05:02:10","présence","Junco hyemalis","species","Dark-eyed junco","Junco ardoisé","Animalia","Chordata","Aves","Passeriformes","Passerellidae","Junco","Junco hyemalis"
156,48.4883,"05:00:00","05:15:00","2019-06-10","05:00:11","présence","Junco hyemalis","species","Dark-eyed junco","Junco ardoisé","Animalia","Chordata","Aves","Passeriformes","Passerellidae","Junco","Junco hyemalis"
156,48.4883,"05:00:00","05:15:00","2019-06-10","05:03:52","présence","Coccothraustes vespertinus","species","Evening grosbeak","Gros-bec errant","Animalia","Chordata","Aves","Passeriformes","Fringillidae","Coccothraustes","Coccothraustes vespertinus"
156,48.4883,"05:00:00","05:15:00","2019-06-10","05:11:33","présence","Passerella iliaca","species","Fox sparrow","Bruant fauve","Animalia","Chordata","Aves","Passeriformes","Passerellidae","Passerella","Passerella iliaca"
156,48.4883,"05:00:00","05:15:00","2019-06-10","05:00:11","présence","Catharus guttatus","species","Hermit thrush","Grive solitaire","Animalia","Chordata","Aves","Passeriformes","Turdidae","Catharus","Catharus guttatus"
156,48.4883,"05:00:00","05:15:00","2019-06-10","05:10:17","présence","Dendroica magnolia","species","Magnolia warbler","Paruline à tête cendrée","Animalia","Chordata","Aves","Passeriformes","Parulidae","Dendroica","Dendroica magnolia"
156,48.4883,"05:00:00","05:15:00","2019-06-10","05:00:03","présence","Dendroica magnolia","species","Magnolia warbler","Paruline à tête cendrée","Animalia","Chordata","Aves","Passeriformes","Parulidae","Dendroica","Dendroica magnolia"
156,48.4883,"05:00:00","05:15:00","2019-06-10","05:14:00","présence","Contopus borealis","species","Olive-sided flycatcher","Moucherolle à côtés olive","Animalia","Chordata","Aves","Passeriformes","Tyrannidae","Contopus","Contopus borealis"
156,48.4883,"05:00:00","05:15:00","2019-06-10","05:12:55","présence","Contopus borealis","species","Olive-sided flycatcher","Moucherolle à côtés olive","Animalia","Chordata","Aves","Passeriformes","Tyrannidae","Contopus","Contopus borealis"
156,48.4883,"05:00:00","05:15:00","2019-06-10","05:09:27","présence","Dendroica palmarum","species","Palm warbler","Paruline à couronne rousse","Animalia","Chordata","Aves","Passeriformes","Parulidae","Dendroica","Dendroica palmarum"
156,48.4883,"05:00:00","05:15:00","2019-06-10","05:06:45","présence","Dendroica palmarum","species","Palm warbler","Paruline à couronne rousse","Animalia","Chordata","Aves","Passeriformes","Parulidae","Dendroica","Dendroica palmarum"
156,48.4883,"05:00:00","05:15:00","2019-06-10","05:10:37","présence","Regulus calendula","species","Ruby-crowned kinglet","Roitelet à couronne rubis","Animalia","Chordata","Aves","Passeriformes","Regulidae","Regulus","Regulus calendula"
156,48.4883,"05:00:00","05:15:00","2019-06-10","05:00:10","présence","Catharus ustulatus","species","Swainson's thrush","Grive à dos olive","Animalia","Chordata","Aves","Passeriformes","Turdidae","Catharus","Catharus ustulatus"
156,48.4883,"05:00:00","05:15:00","2019-06-10","05:00:00","présence","Leiothlypis peregrina","species","Tennessee warbler","Paruline obscure","Animalia","Chordata","Aves","Passeriformes","Parulidae","Leiothlypis","Leiothlypis peregrina"
156,48.4883,"05:00:00","05:15:00","2019-06-10","05:07:12","présence","Cardellina pusilla","species","Wilson's warbler","Paruline à calotte noire","Animalia","Chordata","Aves","Passeriformes","Parulidae","Cardellina","Cardellina pusilla"
156,48.4883,"05:00:00","05:15:00","2019-06-10","05:06:36","présence","Cardellina pusilla","species","Wilson's warbler","Paruline à calotte noire","Animalia","Chordata","Aves","Passeriformes","Parulidae","Cardellina","Cardellina pusilla"
156,48.4883,"05:00:00","05:15:00","2019-06-10","05:07:18","présence","Troglodytes hiemalis","species","Animals","Troglodyte des forêts","Animalia","Chordata","Aves","Passeriformes","Troglodytidae","Troglodytes","Troglodytes hiemalis"
156,48.4883,"05:00:00","05:15:00","2019-06-10","05:04:19","présence","Zonotrichia albicollis","species","White-throated sparrow","Bruant à gorge blanche","Animalia","Chordata","Aves","Passeriformes","Passerellidae","Zonotrichia","Zonotrichia albicollis"
156,48.4883,"05:00:00","05:15:00","2019-06-10","05:12:44","présence","Empidonax flaviventris","species","Yellow-bellied flycatcher","Moucherolle à ventre jaune","Animalia","Chordata","Aves","Passeriformes","Tyrannidae","Empidonax","Empidonax flaviventris"
156,48.4883,"05:00:00","05:15:00","2019-06-10","05:11:06","présence","Empidonax flaviventris","species","Yellow-bellied flycatcher","Moucherolle à ventre jaune","Animalia","Chordata","Aves","Passeriformes","Tyrannidae","Empidonax","Empidonax flaviventris"
156,48.4883,"05:00:00","05:15:00","2019-06-10","05:01:57","présence","Dendroica coronata","species","Yellow-rumped warbler","Paruline à croupion jaune","Animalia","Chordata","Aves","Passeriformes","Parulidae","Dendroica","Dendroica coronata"
156,48.4883,"05:00:00","05:15:00","2019-06-10","05:01:41","présence","Dryobates pubescens","species","NULL","NULL","Animalia","Chordata","Aves","Piciformes","Picidae","Dryobates","Dryobates pubescens"
156,48.4883,"07:00:00","07:03:00","2019-06-10","07:00:22","présence","Dendroica castanea","species","Bay-breasted warbler","Paruline à poitrine baie","Animalia","Chordata","Aves","Passeriformes","Parulidae","Dendroica","Dendroica castanea"
156,48.4883,"07:00:00","07:03:00","2019-06-10","07:02:07","présence","Junco hyemalis","species","Dark-eyed junco","Junco ardoisé","Animalia","Chordata","Aves","Passeriformes","Passerellidae","Junco","Junco hyemalis"
156,48.4883,"07:00:00","07:03:00","2019-06-10","07:00:07","présence","Catharus guttatus","species","Hermit thrush","Grive solitaire","Animalia","Chordata","Aves","Passeriformes","Turdidae","Catharus","Catharus guttatus"
156,48.4883,"07:00:00","07:03:00","2019-06-10","07:00:17","présence","Dendroica magnolia","species","Magnolia warbler","Paruline à tête cendrée","Animalia","Chordata","Aves","Passeriformes","Parulidae","Dendroica","Dendroica magnolia"
156,48.4883,"07:00:00","07:03:00","2019-06-10","07:00:30","présence","Dendroica palmarum","species","Palm warbler","Paruline à couronne rousse","Animalia","Chordata","Aves","Passeriformes","Parulidae","Dendroica","Dendroica palmarum"
156,48.4883,"07:00:00","07:03:00","2019-06-10","07:00:27","présence","Regulus calendula","species","Ruby-crowned kinglet","Roitelet à couronne rubis","Animalia","Chordata","Aves","Passeriformes","Regulidae","Regulus","Regulus calendula"
156,48.4883,"07:00:00","07:03:00","2019-06-10","07:02:51","présence","Catharus ustulatus","species","Swainson's thrush","Grive à dos olive","Animalia","Chordata","Aves","Passeriformes","Turdidae","Catharus","Catharus ustulatus"
156,48.4883,"07:00:00","07:03:00","2019-06-10","07:00:03","présence","Leiothlypis peregrina","species","Tennessee warbler","Paruline obscure","Animalia","Chordata","Aves","Passeriformes","Parulidae","Leiothlypis","Leiothlypis peregrina"
156,48.4883,"23:00:00","23:03:00","2019-06-10","23:02:20","présence","Passeriformes","order","Perching birds","Passereaux","Animalia","Chordata","Aves","Passeriformes","NULL","NULL","NULL"
156,48.4883,"23:00:00","23:03:00","2019-06-10","23:02:03","présence","Branta canadensis","species","Canada goose","Bernache du Canada","Animalia","Chordata","Aves","Anseriformes","Anatidae","Branta","Branta canadensis"
