"site_id","lat","time_start","time_finish","date_obs","time_obs","variable","valid_scientific_name","rank","vernacular_en","vernacular_fr","kingdom","phylum","class","order","family","genus","species"
114,48.98747,"05:00:00","05:03:00","2019-06-05","05:00:03","présence","Turdus migratorius","species","American robin","Merle d'amérique","Animalia","Chordata","Aves","Passeriformes","Turdidae","Turdus","Turdus migratorius"
114,48.98747,"05:00:00","05:03:00","2019-06-05","05:00:46","présence","Haemorhous purpureus","species","Purple finch","Roselin pourpré","Animalia","Chordata","Aves","Passeriformes","Fringillidae","Haemorhous","Haemorhous purpureus"
114,48.98747,"05:00:00","05:03:00","2019-06-05","05:02:02","présence","Catharus ustulatus","species","Swainson's thrush","Grive à dos olive","Animalia","Chordata","Aves","Passeriformes","Turdidae","Catharus","Catharus ustulatus"
114,48.98747,"05:00:00","05:03:00","2019-06-05","05:00:13","présence","Zonotrichia albicollis","species","White-throated sparrow","Bruant à gorge blanche","Animalia","Chordata","Aves","Passeriformes","Passerellidae","Zonotrichia","Zonotrichia albicollis"
114,48.98747,"05:00:00","05:03:00","2019-06-05","05:00:00","présence","Zonotrichia albicollis","species","White-throated sparrow","Bruant à gorge blanche","Animalia","Chordata","Aves","Passeriformes","Passerellidae","Zonotrichia","Zonotrichia albicollis"
114,48.98747,"05:00:00","05:03:00","2019-06-05","05:02:35","présence","Dendroica coronata","species","Yellow-rumped warbler","Paruline à croupion jaune","Animalia","Chordata","Aves","Passeriformes","Parulidae","Dendroica","Dendroica coronata"
