"site_id","lat","time_start","time_finish","date_obs","time_obs","variable","valid_scientific_name","rank","vernacular_en","vernacular_fr","kingdom","phylum","class","order","family","genus","species"
158,48.9331,"05:00:00","05:15:00","2019-06-25","05:06:30","présence","Anatidae","family","Ducks","Canards","Animalia","Chordata","Aves","Anseriformes","Anatidae","NULL","NULL"
158,48.9331,"05:00:00","05:15:00","2019-06-25","05:08:09","présence","Passerellidae","family","American sparrows","Passereaux","Animalia","Chordata","Aves","Passeriformes","Passerellidae","NULL","NULL"
158,48.9331,"05:00:00","05:15:00","2019-06-25","05:06:58","présence","Passerellidae","family","American sparrows","Passereaux","Animalia","Chordata","Aves","Passeriformes","Passerellidae","NULL","NULL"
158,48.9331,"05:00:00","05:15:00","2019-06-25","05:08:22","présence","Turdus migratorius","species","American robin","Merle d'amérique","Animalia","Chordata","Aves","Passeriformes","Turdidae","Turdus","Turdus migratorius"
158,48.9331,"05:00:00","05:15:00","2019-06-25","05:04:55","présence","Turdus migratorius","species","American robin","Merle d'amérique","Animalia","Chordata","Aves","Passeriformes","Turdidae","Turdus","Turdus migratorius"
158,48.9331,"05:00:00","05:15:00","2019-06-25","05:03:33","présence","Dendroica castanea","species","Bay-breasted warbler","Paruline à poitrine baie","Animalia","Chordata","Aves","Passeriformes","Parulidae","Dendroica","Dendroica castanea"
158,48.9331,"05:00:00","05:15:00","2019-06-25","05:12:28","présence","Parus hudsonicus","species","Boreal chickadee","Mésange à tête brune","Animalia","Chordata","Aves","Passeriformes","Paridae","Parus","Parus hudsonicus"
158,48.9331,"05:00:00","05:15:00","2019-06-25","05:07:18","présence","Parus hudsonicus","species","Boreal chickadee","Mésange à tête brune","Animalia","Chordata","Aves","Passeriformes","Paridae","Parus","Parus hudsonicus"
158,48.9331,"05:00:00","05:15:00","2019-06-25","05:05:03","présence","Dendroica tigrina","species","Cape may warbler","Paruline tigrée","Animalia","Chordata","Aves","Passeriformes","Parulidae","Dendroica","Dendroica tigrina"
158,48.9331,"05:00:00","05:15:00","2019-06-25","05:01:03","présence","Dendroica tigrina","species","Cape may warbler","Paruline tigrée","Animalia","Chordata","Aves","Passeriformes","Parulidae","Dendroica","Dendroica tigrina"
158,48.9331,"05:00:00","05:15:00","2019-06-25","05:00:01","présence","Junco hyemalis","species","Dark-eyed junco","Junco ardoisé","Animalia","Chordata","Aves","Passeriformes","Passerellidae","Junco","Junco hyemalis"
158,48.9331,"05:00:00","05:15:00","2019-06-25","05:06:08","présence","Coccothraustes vespertinus","species","Evening grosbeak","Gros-bec errant","Animalia","Chordata","Aves","Passeriformes","Fringillidae","Coccothraustes","Coccothraustes vespertinus"
158,48.9331,"05:00:00","05:15:00","2019-06-25","05:00:06","présence","Passerella iliaca","species","Fox sparrow","Bruant fauve","Animalia","Chordata","Aves","Passeriformes","Passerellidae","Passerella","Passerella iliaca"
158,48.9331,"05:00:00","05:15:00","2019-06-25","05:13:17","présence","Melospiza lincolnii","species","Lincoln's sparrow","Bruant de lincoln","Animalia","Chordata","Aves","Passeriformes","Passerellidae","Melospiza","Melospiza lincolnii"
158,48.9331,"05:00:00","05:15:00","2019-06-25","05:11:55","présence","Dendroica magnolia","species","Magnolia warbler","Paruline à tête cendrée","Animalia","Chordata","Aves","Passeriformes","Parulidae","Dendroica","Dendroica magnolia"
158,48.9331,"05:00:00","05:15:00","2019-06-25","05:00:00","présence","Dendroica magnolia","species","Magnolia warbler","Paruline à tête cendrée","Animalia","Chordata","Aves","Passeriformes","Parulidae","Dendroica","Dendroica magnolia"
158,48.9331,"05:00:00","05:15:00","2019-06-25","05:03:05","présence","Leiothlypis ruficapilla","species","Nashville warbler","Paruline à joues grises","Animalia","Chordata","Aves","Passeriformes","Parulidae","Leiothlypis","Leiothlypis ruficapilla"
158,48.9331,"05:00:00","05:15:00","2019-06-25","05:02:00","présence","Leiothlypis ruficapilla","species","Nashville warbler","Paruline à joues grises","Animalia","Chordata","Aves","Passeriformes","Parulidae","Leiothlypis","Leiothlypis ruficapilla"
158,48.9331,"05:00:00","05:15:00","2019-06-25","05:00:18","présence","Leiothlypis ruficapilla","species","Nashville warbler","Paruline à joues grises","Animalia","Chordata","Aves","Passeriformes","Parulidae","Leiothlypis","Leiothlypis ruficapilla"
158,48.9331,"05:00:00","05:15:00","2019-06-25","05:00:12","présence","Contopus borealis","species","Olive-sided flycatcher","Moucherolle à côtés olive","Animalia","Chordata","Aves","Passeriformes","Tyrannidae","Contopus","Contopus borealis"
158,48.9331,"05:00:00","05:15:00","2019-06-25","05:06:16","présence","Regulus calendula","species","Ruby-crowned kinglet","Roitelet à couronne rubis","Animalia","Chordata","Aves","Passeriformes","Regulidae","Regulus","Regulus calendula"
158,48.9331,"05:00:00","05:15:00","2019-06-25","05:03:07","présence","Regulus calendula","species","Ruby-crowned kinglet","Roitelet à couronne rubis","Animalia","Chordata","Aves","Passeriformes","Regulidae","Regulus","Regulus calendula"
158,48.9331,"05:00:00","05:15:00","2019-06-25","05:13:57","présence","Melospiza georgiana","species","Swamp sparrow","Bruant des marais","Animalia","Chordata","Aves","Passeriformes","Passerellidae","Melospiza","Melospiza georgiana"
158,48.9331,"05:00:00","05:15:00","2019-06-25","05:00:11","présence","Leiothlypis peregrina","species","Tennessee warbler","Paruline obscure","Animalia","Chordata","Aves","Passeriformes","Parulidae","Leiothlypis","Leiothlypis peregrina"
158,48.9331,"05:00:00","05:15:00","2019-06-25","05:07:37","présence","Troglodytes hiemalis","species","Animals","Troglodyte des forêts","Animalia","Chordata","Aves","Passeriformes","Troglodytidae","Troglodytes","Troglodytes hiemalis"
158,48.9331,"05:00:00","05:15:00","2019-06-25","05:03:32","présence","Zonotrichia albicollis","species","White-throated sparrow","Bruant à gorge blanche","Animalia","Chordata","Aves","Passeriformes","Passerellidae","Zonotrichia","Zonotrichia albicollis"
158,48.9331,"07:00:00","07:03:00","2019-06-25","07:02:40","présence","Turdus migratorius","species","American robin","Merle d'amérique","Animalia","Chordata","Aves","Passeriformes","Turdidae","Turdus","Turdus migratorius"
158,48.9331,"07:00:00","07:03:00","2019-06-25","07:00:26","présence","Bombycilla cedrorum","species","Cedar waxwing","Jaseur d'amérique","Animalia","Chordata","Aves","Passeriformes","Bombycillidae","Bombycilla","Bombycilla cedrorum"
158,48.9331,"07:00:00","07:03:00","2019-06-25","07:00:02","présence","Dendroica tigrina","species","Cape may warbler","Paruline tigrée","Animalia","Chordata","Aves","Passeriformes","Parulidae","Dendroica","Dendroica tigrina"
158,48.9331,"07:00:00","07:03:00","2019-06-25","07:00:16","présence","Geothlypis trichas","species","Common yellowthroat","Paruline masquée","Animalia","Chordata","Aves","Passeriformes","Parulidae","Geothlypis","Geothlypis trichas"
158,48.9331,"07:00:00","07:03:00","2019-06-25","07:02:49","présence","Geothlypis trichas","species","Common yellowthroat","Paruline masquée","Animalia","Chordata","Aves","Passeriformes","Parulidae","Geothlypis","Geothlypis trichas"
158,48.9331,"07:00:00","07:03:00","2019-06-25","07:00:30","présence","Junco hyemalis","species","Dark-eyed junco","Junco ardoisé","Animalia","Chordata","Aves","Passeriformes","Passerellidae","Junco","Junco hyemalis"
158,48.9331,"07:00:00","07:03:00","2019-06-25","07:00:04","présence","Dendroica magnolia","species","Magnolia warbler","Paruline à tête cendrée","Animalia","Chordata","Aves","Passeriformes","Parulidae","Dendroica","Dendroica magnolia"
158,48.9331,"07:00:00","07:03:00","2019-06-25","07:00:07","présence","Leiothlypis ruficapilla","species","Nashville warbler","Paruline à joues grises","Animalia","Chordata","Aves","Passeriformes","Parulidae","Leiothlypis","Leiothlypis ruficapilla"
158,48.9331,"07:00:00","07:03:00","2019-06-25","07:00:07","présence","Regulus calendula","species","Ruby-crowned kinglet","Roitelet à couronne rubis","Animalia","Chordata","Aves","Passeriformes","Regulidae","Regulus","Regulus calendula"
158,48.9331,"07:00:00","07:03:00","2019-06-25","07:00:40","présence","Regulus calendula","species","Ruby-crowned kinglet","Roitelet à couronne rubis","Animalia","Chordata","Aves","Passeriformes","Regulidae","Regulus","Regulus calendula"
158,48.9331,"07:00:00","07:03:00","2019-06-25","07:00:57","présence","Regulus calendula","species","Ruby-crowned kinglet","Roitelet à couronne rubis","Animalia","Chordata","Aves","Passeriformes","Regulidae","Regulus","Regulus calendula"
158,48.9331,"07:00:00","07:03:00","2019-06-25","07:00:16","présence","Regulus calendula","species","Ruby-crowned kinglet","Roitelet à couronne rubis","Animalia","Chordata","Aves","Passeriformes","Regulidae","Regulus","Regulus calendula"
158,48.9331,"07:00:00","07:03:00","2019-06-25","07:00:00","présence","Melospiza georgiana","species","Swamp sparrow","Bruant des marais","Animalia","Chordata","Aves","Passeriformes","Passerellidae","Melospiza","Melospiza georgiana"
158,48.9331,"07:00:00","07:03:00","2019-06-25","07:00:10","présence","Melospiza georgiana","species","Swamp sparrow","Bruant des marais","Animalia","Chordata","Aves","Passeriformes","Passerellidae","Melospiza","Melospiza georgiana"
158,48.9331,"07:00:00","07:03:00","2019-06-25","07:00:04","présence","Leiothlypis peregrina","species","Tennessee warbler","Paruline obscure","Animalia","Chordata","Aves","Passeriformes","Parulidae","Leiothlypis","Leiothlypis peregrina"
158,48.9331,"07:00:00","07:03:00","2019-06-25","07:00:36","présence","Leiothlypis peregrina","species","Tennessee warbler","Paruline obscure","Animalia","Chordata","Aves","Passeriformes","Parulidae","Leiothlypis","Leiothlypis peregrina"
158,48.9331,"07:00:00","07:03:00","2019-06-25","07:00:02","présence","Leiothlypis peregrina","species","Tennessee warbler","Paruline obscure","Animalia","Chordata","Aves","Passeriformes","Parulidae","Leiothlypis","Leiothlypis peregrina"
158,48.9331,"19:00:00","19:03:00","2019-06-25","19:00:34","présence","Dendroica tigrina","species","Cape may warbler","Paruline tigrée","Animalia","Chordata","Aves","Passeriformes","Parulidae","Dendroica","Dendroica tigrina"
158,48.9331,"19:00:00","19:03:00","2019-06-25","19:02:53","présence","Dendroica tigrina","species","Cape may warbler","Paruline tigrée","Animalia","Chordata","Aves","Passeriformes","Parulidae","Dendroica","Dendroica tigrina"
158,48.9331,"19:00:00","19:03:00","2019-06-25","19:01:10","présence","Coccothraustes vespertinus","species","Evening grosbeak","Gros-bec errant","Animalia","Chordata","Aves","Passeriformes","Fringillidae","Coccothraustes","Coccothraustes vespertinus"
158,48.9331,"19:00:00","19:03:00","2019-06-25","19:00:06","présence","Dendroica magnolia","species","Magnolia warbler","Paruline à tête cendrée","Animalia","Chordata","Aves","Passeriformes","Parulidae","Dendroica","Dendroica magnolia"
158,48.9331,"19:00:00","19:03:00","2019-06-25","19:00:29","présence","Leiothlypis ruficapilla","species","Nashville warbler","Paruline à joues grises","Animalia","Chordata","Aves","Passeriformes","Parulidae","Leiothlypis","Leiothlypis ruficapilla"
158,48.9331,"19:00:00","19:03:00","2019-06-25","19:00:00","présence","Regulus calendula","species","Ruby-crowned kinglet","Roitelet à couronne rubis","Animalia","Chordata","Aves","Passeriformes","Regulidae","Regulus","Regulus calendula"
158,48.9331,"19:00:00","19:03:00","2019-06-25","19:00:20","présence","Melospiza georgiana","species","Swamp sparrow","Bruant des marais","Animalia","Chordata","Aves","Passeriformes","Passerellidae","Melospiza","Melospiza georgiana"
158,48.9331,"19:00:00","19:03:00","2019-06-25","19:00:10","présence","Catharus ustulatus","species","Swainson's thrush","Grive à dos olive","Animalia","Chordata","Aves","Passeriformes","Turdidae","Catharus","Catharus ustulatus"
158,48.9331,"19:00:00","19:03:00","2019-06-25","19:00:07","présence","Leiothlypis peregrina","species","Tennessee warbler","Paruline obscure","Animalia","Chordata","Aves","Passeriformes","Parulidae","Leiothlypis","Leiothlypis peregrina"
158,48.9331,"19:00:00","19:03:00","2019-06-25","19:00:22","présence","Leiothlypis peregrina","species","Tennessee warbler","Paruline obscure","Animalia","Chordata","Aves","Passeriformes","Parulidae","Leiothlypis","Leiothlypis peregrina"
158,48.9331,"19:00:00","19:03:00","2019-06-25","19:00:17","présence","Leiothlypis peregrina","species","Tennessee warbler","Paruline obscure","Animalia","Chordata","Aves","Passeriformes","Parulidae","Leiothlypis","Leiothlypis peregrina"
158,48.9331,"19:00:00","19:03:00","2019-06-25","19:00:35","présence","Zonotrichia albicollis","species","White-throated sparrow","Bruant à gorge blanche","Animalia","Chordata","Aves","Passeriformes","Passerellidae","Zonotrichia","Zonotrichia albicollis"
