"site_id","lat","time_start","time_finish","date_obs","time_obs","variable","valid_scientific_name","rank","vernacular_en","vernacular_fr","kingdom","phylum","class","order","family","genus","species"
1,46.8088,"05:00:00","05:15:00","07/05/2016","NULL","présence","Botaurus lentiginosus","species","American bittern","Butor d'amérique","Animalia","Chordata","Aves","Pelecaniformes","Ardeidae","Botaurus","Botaurus lentiginosus"
1,46.8088,"05:00:00","05:15:00","07/05/2016","NULL","présence","Parus atricapilla","species","Black-capped chickadee","Mésange à tête noire","Animalia","Chordata","Aves","Passeriformes","Paridae","Parus","Parus atricapilla"
1,46.8088,"05:00:00","05:15:00","07/05/2016","NULL","présence","Melospiza georgiana","species","Swamp sparrow","Bruant des marais","Animalia","Chordata","Aves","Passeriformes","Passerellidae","Melospiza","Melospiza georgiana"
1,46.8088,"05:00:00","05:15:00","07/05/2016","NULL","présence","Zonotrichia albicollis","species","White-throated sparrow","Bruant à gorge blanche","Animalia","Chordata","Aves","Passeriformes","Passerellidae","Zonotrichia","Zonotrichia albicollis"
