"site_id","lat","time_start","time_finish","date_obs","time_obs","variable","valid_scientific_name","rank","vernacular_en","vernacular_fr","kingdom","phylum","class","order","family","genus","species"
114,48.98747,"06:00:00","06:03:00","2019-05-26","06:00:01","présence","Passeriformes","order","Perching birds","Passereaux","Animalia","Chordata","Aves","Passeriformes","NULL","NULL","NULL"
114,48.98747,"06:00:00","06:03:00","2019-05-26","06:01:18","présence","Turdus migratorius","species","American robin","Merle d'amérique","Animalia","Chordata","Aves","Passeriformes","Turdidae","Turdus","Turdus migratorius"
114,48.98747,"06:00:00","06:03:00","2019-05-26","06:00:02","présence","Turdus migratorius","species","American robin","Merle d'amérique","Animalia","Chordata","Aves","Passeriformes","Turdidae","Turdus","Turdus migratorius"
114,48.98747,"06:00:00","06:03:00","2019-05-26","06:02:16","présence","Passerella iliaca","species","Fox sparrow","Bruant fauve","Animalia","Chordata","Aves","Passeriformes","Passerellidae","Passerella","Passerella iliaca"
