"site_id","lat","time_start","time_finish","date_obs","time_obs","variable","valid_scientific_name","rank","vernacular_en","vernacular_fr","kingdom","phylum","class","order","family","genus","species"
154,50.1999,"08:00:00","08:03:00","2019-06-11","08:01:35","présence","Anatidae","family","Ducks","Canards","Animalia","Chordata","Aves","Anseriformes","Anatidae","NULL","NULL"
154,50.1999,"08:00:00","08:03:00","2019-06-11","08:00:30","présence","Parulidae","family","New world warblers","Passereaux","Animalia","Chordata","Aves","Passeriformes","Parulidae","NULL","NULL"
154,50.1999,"08:00:00","08:03:00","2019-06-11","08:00:46","présence","Dendroica magnolia","species","Magnolia warbler","Paruline à tête cendrée","Animalia","Chordata","Aves","Passeriformes","Parulidae","Dendroica","Dendroica magnolia"
154,50.1999,"08:00:00","08:03:00","2019-06-11","08:01:24","présence","Regulus calendula","species","Ruby-crowned kinglet","Roitelet à couronne rubis","Animalia","Chordata","Aves","Passeriformes","Regulidae","Regulus","Regulus calendula"
154,50.1999,"08:00:00","08:03:00","2019-06-11","08:00:00","présence","Leiothlypis peregrina","species","Tennessee warbler","Paruline obscure","Animalia","Chordata","Aves","Passeriformes","Parulidae","Leiothlypis","Leiothlypis peregrina"
154,50.1999,"08:00:00","08:03:00","2019-06-11","08:00:01","présence","Leiothlypis peregrina","species","Tennessee warbler","Paruline obscure","Animalia","Chordata","Aves","Passeriformes","Parulidae","Leiothlypis","Leiothlypis peregrina"
154,50.1999,"08:00:00","08:03:00","2019-06-11","08:01:25","présence","Leiothlypis peregrina","species","Tennessee warbler","Paruline obscure","Animalia","Chordata","Aves","Passeriformes","Parulidae","Leiothlypis","Leiothlypis peregrina"
154,50.1999,"08:00:00","08:03:00","2019-06-11","08:00:16","présence","Dendroica coronata","species","Yellow-rumped warbler","Paruline à croupion jaune","Animalia","Chordata","Aves","Passeriformes","Parulidae","Dendroica","Dendroica coronata"
154,50.1999,"23:00:00","23:15:00","2019-06-11","23:10:31","présence","Zonotrichia albicollis","species","White-throated sparrow","Bruant à gorge blanche","Animalia","Chordata","Aves","Passeriformes","Passerellidae","Zonotrichia","Zonotrichia albicollis"
