"site_id","lat","time_start","time_finish","date_obs","time_obs","variable","valid_scientific_name","rank","vernacular_en","vernacular_fr","kingdom","phylum","class","order","family","genus","species"
100,49.83417,"05:00:00","05:03:00","2018-06-16","05:00:16","présence","Corvus brachyrhynchos","species","American crow","Corneille d'amérique","Animalia","Chordata","Aves","Passeriformes","Corvidae","Corvus","Corvus brachyrhynchos"
100,49.83417,"05:00:00","05:03:00","2018-06-16","05:00:02","présence","Junco hyemalis","species","Dark-eyed junco","Junco ardoisé","Animalia","Chordata","Aves","Passeriformes","Passerellidae","Junco","Junco hyemalis"
100,49.83417,"05:00:00","05:03:00","2018-06-16","05:00:04","présence","Catharus guttatus","species","Hermit thrush","Grive solitaire","Animalia","Chordata","Aves","Passeriformes","Turdidae","Catharus","Catharus guttatus"
100,49.83417,"05:00:00","05:03:00","2018-06-16","05:00:00","présence","Regulus calendula","species","Ruby-crowned kinglet","Roitelet à couronne rubis","Animalia","Chordata","Aves","Passeriformes","Regulidae","Regulus","Regulus calendula"
100,49.83417,"05:00:00","05:03:00","2018-06-16","05:00:42","présence","Troglodytes hiemalis","species","Animals","Troglodyte des forêts","Animalia","Chordata","Aves","Passeriformes","Troglodytidae","Troglodytes","Troglodytes hiemalis"
100,49.83417,"05:00:00","05:03:00","2018-06-16","05:00:48","présence","Loxia leucoptera","species","Two-barred crossbill","Bec-croisé bifascié","Animalia","Chordata","Aves","Passeriformes","Fringillidae","Loxia","Loxia leucoptera"
100,49.83417,"22:00:00","22:03:00","2018-06-16","22:00:00","présence","Gavia immer","species","Common loon","Plongeon huard","Animalia","Chordata","Aves","Gaviiformes","Gaviidae","Gavia","Gavia immer"
100,49.83417,"22:00:00","22:03:00","2018-06-16","22:00:00","présence","Gavia immer","species","Common loon","Plongeon huard","Animalia","Chordata","Aves","Gaviiformes","Gaviidae","Gavia","Gavia immer"
100,49.83417,"22:00:00","22:03:00","2018-06-16","22:01:23","présence","Catharus ustulatus","species","Swainson's thrush","Grive à dos olive","Animalia","Chordata","Aves","Passeriformes","Turdidae","Catharus","Catharus ustulatus"
