"site_id","lat","time_start","time_finish","date_obs","time_obs","variable","valid_scientific_name","rank","vernacular_en","vernacular_fr","kingdom","phylum","class","order","family","genus","species"
151,45.0293,"04:00:00","04:15:00","2019-05-30","04:07:12","présence","Strix varia","species","Barred owl","Chouette rayée","Animalia","Chordata","Aves","Strigiformes","Strigidae","Strix","Strix varia"
151,45.0293,"04:00:00","04:15:00","2019-05-30","04:07:53","présence","Branta canadensis","species","Canada goose","Bernache du Canada","Animalia","Chordata","Aves","Anseriformes","Anatidae","Branta","Branta canadensis"
151,45.0293,"04:00:00","04:15:00","2019-05-30","04:00:26","présence","Branta canadensis","species","Canada goose","Bernache du Canada","Animalia","Chordata","Aves","Anseriformes","Anatidae","Branta","Branta canadensis"
151,45.0293,"04:00:00","04:15:00","2019-05-30","04:04:03","présence","Quiscalus quiscula","species","Common grackle","Quiscale bronzé","Animalia","Chordata","Aves","Passeriformes","Icteridae","Quiscalus","Quiscalus quiscula"
151,45.0293,"04:00:00","04:15:00","2019-05-30","04:01:51","présence","Quiscalus quiscula","species","Common grackle","Quiscale bronzé","Animalia","Chordata","Aves","Passeriformes","Icteridae","Quiscalus","Quiscalus quiscula"
151,45.0293,"04:00:00","04:15:00","2019-05-30","04:00:05","présence","Cistothorus palustris","species","Marsh wren","Troglodyte des marais","Animalia","Chordata","Aves","Passeriformes","Troglodytidae","Cistothorus","Cistothorus palustris"
151,45.0293,"04:00:00","04:15:00","2019-05-30","04:01:31","présence","Agelaius phoeniceus","species","Red-winged blackbird","Carouge à épaulettes","Animalia","Chordata","Aves","Passeriformes","Icteridae","Agelaius","Agelaius phoeniceus"
151,45.0293,"04:00:00","04:15:00","2019-05-30","04:02:54","présence","Melospiza georgiana","species","Swamp sparrow","Bruant des marais","Animalia","Chordata","Aves","Passeriformes","Passerellidae","Melospiza","Melospiza georgiana"
151,45.0293,"04:00:00","04:15:00","2019-05-30","04:00:02","présence","Tachycineta bicolor","species","Tree swallow","Hirondelle bicolore","Animalia","Chordata","Aves","Passeriformes","Hirundinidae","Tachycineta","Tachycineta bicolor"
151,45.0293,"04:00:00","04:15:00","2019-05-30","04:14:20","présence","Dendroica petechia","species","American yellow warbler","Paruline jaune","Animalia","Chordata","Aves","Passeriformes","Parulidae","Dendroica","Dendroica petechia"
151,45.0293,"04:00:00","04:15:00","2019-05-30","04:08:32","présence","Dendroica petechia","species","American yellow warbler","Paruline jaune","Animalia","Chordata","Aves","Passeriformes","Parulidae","Dendroica","Dendroica petechia"
151,45.0293,"05:00:00","05:03:00","2019-05-30","05:00:17","présence","Corvus brachyrhynchos","species","American crow","Corneille d'amérique","Animalia","Chordata","Aves","Passeriformes","Corvidae","Corvus","Corvus brachyrhynchos"
151,45.0293,"05:00:00","05:03:00","2019-05-30","05:00:00","présence","Branta canadensis","species","Canada goose","Bernache du Canada","Animalia","Chordata","Aves","Anseriformes","Anatidae","Branta","Branta canadensis"
151,45.0293,"05:00:00","05:03:00","2019-05-30","05:00:00","présence","Branta canadensis","species","Canada goose","Bernache du Canada","Animalia","Chordata","Aves","Anseriformes","Anatidae","Branta","Branta canadensis"
151,45.0293,"05:00:00","05:03:00","2019-05-30","05:01:30","présence","Branta canadensis","species","Canada goose","Bernache du Canada","Animalia","Chordata","Aves","Anseriformes","Anatidae","Branta","Branta canadensis"
151,45.0293,"05:00:00","05:03:00","2019-05-30","05:01:04","présence","Quiscalus quiscula","species","Common grackle","Quiscale bronzé","Animalia","Chordata","Aves","Passeriformes","Icteridae","Quiscalus","Quiscalus quiscula"
151,45.0293,"05:00:00","05:03:00","2019-05-30","05:00:17","présence","Sturnus vulgaris","species","Common starling","Étourneau sansonnet","Animalia","Chordata","Aves","Passeriformes","Sturnidae","Sturnus","Sturnus vulgaris"
151,45.0293,"05:00:00","05:03:00","2019-05-30","05:01:36","présence","Sturnus vulgaris","species","Common starling","Étourneau sansonnet","Animalia","Chordata","Aves","Passeriformes","Sturnidae","Sturnus","Sturnus vulgaris"
151,45.0293,"05:00:00","05:03:00","2019-05-30","05:00:01","présence","Myiarchus crinitus","species","Great crested flycatcher","Tyran huppé","Animalia","Chordata","Aves","Passeriformes","Tyrannidae","Myiarchus","Myiarchus crinitus"
151,45.0293,"05:00:00","05:03:00","2019-05-30","05:00:09","présence","Cistothorus palustris","species","Marsh wren","Troglodyte des marais","Animalia","Chordata","Aves","Passeriformes","Troglodytidae","Cistothorus","Cistothorus palustris"
151,45.0293,"05:00:00","05:03:00","2019-05-30","05:00:17","présence","Cistothorus palustris","species","Marsh wren","Troglodyte des marais","Animalia","Chordata","Aves","Passeriformes","Troglodytidae","Cistothorus","Cistothorus palustris"
151,45.0293,"05:00:00","05:03:00","2019-05-30","05:00:18","présence","Cistothorus palustris","species","Marsh wren","Troglodyte des marais","Animalia","Chordata","Aves","Passeriformes","Troglodytidae","Cistothorus","Cistothorus palustris"
151,45.0293,"05:00:00","05:03:00","2019-05-30","05:00:12","présence","Cistothorus palustris","species","Marsh wren","Troglodyte des marais","Animalia","Chordata","Aves","Passeriformes","Troglodytidae","Cistothorus","Cistothorus palustris"
151,45.0293,"05:00:00","05:03:00","2019-05-30","05:00:41","présence","Zenaida macroura","species","Mourning dove","Tourterelle triste","Animalia","Chordata","Aves","Columbiformes","Columbidae","Zenaida","Zenaida macroura"
151,45.0293,"05:00:00","05:03:00","2019-05-30","05:00:04","présence","Haemorhous purpureus","species","Purple finch","Roselin pourpré","Animalia","Chordata","Aves","Passeriformes","Fringillidae","Haemorhous","Haemorhous purpureus"
151,45.0293,"05:00:00","05:03:00","2019-05-30","05:00:07","présence","Agelaius phoeniceus","species","Red-winged blackbird","Carouge à épaulettes","Animalia","Chordata","Aves","Passeriformes","Icteridae","Agelaius","Agelaius phoeniceus"
151,45.0293,"05:00:00","05:03:00","2019-05-30","05:00:09","présence","Agelaius phoeniceus","species","Red-winged blackbird","Carouge à épaulettes","Animalia","Chordata","Aves","Passeriformes","Icteridae","Agelaius","Agelaius phoeniceus"
151,45.0293,"05:00:00","05:03:00","2019-05-30","05:00:11","présence","Agelaius phoeniceus","species","Red-winged blackbird","Carouge à épaulettes","Animalia","Chordata","Aves","Passeriformes","Icteridae","Agelaius","Agelaius phoeniceus"
151,45.0293,"05:00:00","05:03:00","2019-05-30","05:00:32","présence","Agelaius phoeniceus","species","Red-winged blackbird","Carouge à épaulettes","Animalia","Chordata","Aves","Passeriformes","Icteridae","Agelaius","Agelaius phoeniceus"
151,45.0293,"05:00:00","05:03:00","2019-05-30","05:00:34","présence","Agelaius phoeniceus","species","Red-winged blackbird","Carouge à épaulettes","Animalia","Chordata","Aves","Passeriformes","Icteridae","Agelaius","Agelaius phoeniceus"
151,45.0293,"05:00:00","05:03:00","2019-05-30","05:00:36","présence","Agelaius phoeniceus","species","Red-winged blackbird","Carouge à épaulettes","Animalia","Chordata","Aves","Passeriformes","Icteridae","Agelaius","Agelaius phoeniceus"
151,45.0293,"05:00:00","05:03:00","2019-05-30","05:01:06","présence","Agelaius phoeniceus","species","Red-winged blackbird","Carouge à épaulettes","Animalia","Chordata","Aves","Passeriformes","Icteridae","Agelaius","Agelaius phoeniceus"
151,45.0293,"05:00:00","05:03:00","2019-05-30","05:01:52","présence","Tachycineta bicolor","species","Tree swallow","Hirondelle bicolore","Animalia","Chordata","Aves","Passeriformes","Hirundinidae","Tachycineta","Tachycineta bicolor"
151,45.0293,"05:00:00","05:03:00","2019-05-30","05:02:07","présence","Tachycineta bicolor","species","Tree swallow","Hirondelle bicolore","Animalia","Chordata","Aves","Passeriformes","Hirundinidae","Tachycineta","Tachycineta bicolor"
151,45.0293,"05:00:00","05:03:00","2019-05-30","05:00:01","présence","Dendroica petechia","species","American yellow warbler","Paruline jaune","Animalia","Chordata","Aves","Passeriformes","Parulidae","Dendroica","Dendroica petechia"
151,45.0293,"05:00:00","05:03:00","2019-05-30","05:00:20","présence","Dendroica petechia","species","American yellow warbler","Paruline jaune","Animalia","Chordata","Aves","Passeriformes","Parulidae","Dendroica","Dendroica petechia"
