"site_id","lat","time_start","time_finish","date_obs","time_obs","variable","valid_scientific_name","rank","vernacular_en","vernacular_fr","kingdom","phylum","class","order","family","genus","species"
11,46.8766,"06:00:00","06:03:00","31/05/2017","06:00:59","présence","Dendroica virens","species","Black-throated green warbler","Paruline à gorge noire","Animalia","Chordata","Aves","Passeriformes","Parulidae","Dendroica","Dendroica virens"
11,46.8766,"06:00:00","06:03:00","31/05/2017","06:00:06","présence","Geothlypis trichas","species","Common yellowthroat","Paruline masquée","Animalia","Chordata","Aves","Passeriformes","Parulidae","Geothlypis","Geothlypis trichas"
11,46.8766,"06:00:00","06:03:00","31/05/2017","06:00:10","présence","Geothlypis trichas","species","Common yellowthroat","Paruline masquée","Animalia","Chordata","Aves","Passeriformes","Parulidae","Geothlypis","Geothlypis trichas"
11,46.8766,"06:00:00","06:03:00","31/05/2017","06:00:11","présence","Dendroica magnolia","species","Magnolia warbler","Paruline à tête cendrée","Animalia","Chordata","Aves","Passeriformes","Parulidae","Dendroica","Dendroica magnolia"
11,46.8766,"06:00:00","06:03:00","31/05/2017","06:00:01","présence","Parula americana","species","Northern parula","Paruline à collier","Animalia","Chordata","Aves","Passeriformes","Parulidae","Parula","Parula americana"
11,46.8766,"06:00:00","06:03:00","31/05/2017","06:00:04","présence","Melospiza georgiana","species","Swamp sparrow","Bruant des marais","Animalia","Chordata","Aves","Passeriformes","Passerellidae","Melospiza","Melospiza georgiana"
11,46.8766,"06:00:00","06:03:00","31/05/2017","06:00:10","présence","Zonotrichia albicollis","species","White-throated sparrow","Bruant à gorge blanche","Animalia","Chordata","Aves","Passeriformes","Passerellidae","Zonotrichia","Zonotrichia albicollis"
11,46.8766,"06:00:00","06:03:00","31/05/2017","06:00:14","présence","Zonotrichia albicollis","species","White-throated sparrow","Bruant à gorge blanche","Animalia","Chordata","Aves","Passeriformes","Passerellidae","Zonotrichia","Zonotrichia albicollis"
