"site_id","lat","time_start","time_finish","date_obs","time_obs","variable","valid_scientific_name","rank","vernacular_en","vernacular_fr","kingdom","phylum","class","order","family","genus","species"
117,45.98349,"07:00:00","07:03:00","2019-06-05","07:00:23","présence","Cyanocitta cristata","species","Blue jay","Geai bleu","Animalia","Chordata","Aves","Passeriformes","Corvidae","Cyanocitta","Cyanocitta cristata"
117,45.98349,"07:00:00","07:03:00","2019-06-05","07:00:07","présence","Dendroica virens","species","Black-throated green warbler","Paruline à gorge noire","Animalia","Chordata","Aves","Passeriformes","Parulidae","Dendroica","Dendroica virens"
117,45.98349,"07:00:00","07:03:00","2019-06-05","07:00:38","présence","Dendroica virens","species","Black-throated green warbler","Paruline à gorge noire","Animalia","Chordata","Aves","Passeriformes","Parulidae","Dendroica","Dendroica virens"
117,45.98349,"07:00:00","07:03:00","2019-06-05","07:00:43","présence","Corvus corax","species","Common raven","Grand corbeau","Animalia","Chordata","Aves","Passeriformes","Corvidae","Corvus","Corvus corax"
117,45.98349,"07:00:00","07:03:00","2019-06-05","07:01:48","présence","Seiurus aurocapilla","species","Ovenbird","Paruline couronnée","Animalia","Chordata","Aves","Passeriformes","Parulidae","Seiurus","Seiurus aurocapilla"
117,45.98349,"07:00:00","07:03:00","2019-06-05","07:00:12","présence","Seiurus aurocapilla","species","Ovenbird","Paruline couronnée","Animalia","Chordata","Aves","Passeriformes","Parulidae","Seiurus","Seiurus aurocapilla"
117,45.98349,"07:00:00","07:03:00","2019-06-05","07:02:28","présence","Dryocopus pileatus","species","Pileated woodpecker","Grand pic","Animalia","Chordata","Aves","Piciformes","Picidae","Dryocopus","Dryocopus pileatus"
117,45.98349,"07:00:00","07:03:00","2019-06-05","07:00:00","présence","Vireo olivaceus","species","Red-eyed vireo","Viréo aux yeux rouges","Animalia","Chordata","Aves","Passeriformes","Vireonidae","Vireo","Vireo olivaceus"
117,45.98349,"07:00:00","07:03:00","2019-06-05","07:00:00","présence","Bonasa umbellus","species","Ruffed grouse","Gélinotte huppée","Animalia","Chordata","Aves","Galliformes","Phasianidae","Bonasa","Bonasa umbellus"
117,45.98349,"07:00:00","07:03:00","2019-06-05","07:00:08","présence","Catharus fuscescens","species","Veery","Grive fauve","Animalia","Chordata","Aves","Passeriformes","Turdidae","Catharus","Catharus fuscescens"
117,45.98349,"07:00:00","07:03:00","2019-06-05","07:00:04","présence","Sphyrapicus varius","species","Yellow-bellied sapsucker","Pic maculé","Animalia","Chordata","Aves","Piciformes","Picidae","Sphyrapicus","Sphyrapicus varius"
