"site_id","lat","time_start","time_finish","date_obs","time_obs","variable","valid_scientific_name","rank","vernacular_en","vernacular_fr","kingdom","phylum","class","order","family","genus","species"
16,46.8707,"04:00:00","04:15:00","03/06/2017","04:13:31","présence","Passeriformes","order","Perching birds","Passereaux","Animalia","Chordata","Aves","Passeriformes","NULL","NULL","NULL"
16,46.8707,"04:00:00","04:15:00","03/06/2017","04:08:55","présence","Turdus migratorius","species","American robin","Merle d'amérique","Animalia","Chordata","Aves","Passeriformes","Turdidae","Turdus","Turdus migratorius"
16,46.8707,"04:00:00","04:15:00","03/06/2017","04:10:06","présence","Geothlypis trichas","species","Common yellowthroat","Paruline masquée","Animalia","Chordata","Aves","Passeriformes","Parulidae","Geothlypis","Geothlypis trichas"
16,46.8707,"04:00:00","04:15:00","03/06/2017","04:09:00","présence","Junco hyemalis","species","Dark-eyed junco","Junco ardoisé","Animalia","Chordata","Aves","Passeriformes","Passerellidae","Junco","Junco hyemalis"
16,46.8707,"04:00:00","04:15:00","03/06/2017","04:03:57","présence","Junco hyemalis","species","Dark-eyed junco","Junco ardoisé","Animalia","Chordata","Aves","Passeriformes","Passerellidae","Junco","Junco hyemalis"
16,46.8707,"04:00:00","04:15:00","03/06/2017","04:01:25","présence","Seiurus aurocapilla","species","Ovenbird","Paruline couronnée","Animalia","Chordata","Aves","Passeriformes","Parulidae","Seiurus","Seiurus aurocapilla"
16,46.8707,"04:00:00","04:15:00","03/06/2017","04:09:17","présence","Sitta canadensis","species","Red-breasted nuthatch","Sittelle à poitrine rousse","Animalia","Chordata","Aves","Passeriformes","Sittidae","Sitta","Sitta canadensis"
16,46.8707,"04:00:00","04:15:00","03/06/2017","04:09:32","présence","Melospiza georgiana","species","Swamp sparrow","Bruant des marais","Animalia","Chordata","Aves","Passeriformes","Passerellidae","Melospiza","Melospiza georgiana"
16,46.8707,"04:00:00","04:15:00","03/06/2017","04:02:37","présence","Melospiza georgiana","species","Swamp sparrow","Bruant des marais","Animalia","Chordata","Aves","Passeriformes","Passerellidae","Melospiza","Melospiza georgiana"
16,46.8707,"04:00:00","04:15:00","03/06/2017","04:00:01","présence","Catharus ustulatus","species","Swainson's thrush","Grive à dos olive","Animalia","Chordata","Aves","Passeriformes","Turdidae","Catharus","Catharus ustulatus"
16,46.8707,"04:00:00","04:15:00","03/06/2017","04:00:24","présence","Gallinago delicata","species","Wilson's snipe","Bécassine de wilson","Animalia","Chordata","Aves","Charadriiformes","Scolopacidae","Gallinago","Gallinago delicata"
16,46.8707,"04:00:00","04:15:00","03/06/2017","04:00:36","présence","Troglodytes hiemalis","species","Animals","Troglodyte des forêts","Animalia","Chordata","Aves","Passeriformes","Troglodytidae","Troglodytes","Troglodytes hiemalis"
16,46.8707,"04:00:00","04:15:00","03/06/2017","04:00:16","présence","Zonotrichia albicollis","species","White-throated sparrow","Bruant à gorge blanche","Animalia","Chordata","Aves","Passeriformes","Passerellidae","Zonotrichia","Zonotrichia albicollis"
16,46.8707,"05:00:00","05:15:00","03/06/2017","05:11:18","présence","Turdidae","family","NULL","NULL","Animalia","Chordata","Aves","Passeriformes","Turdidae","NULL","NULL"
16,46.8707,"05:00:00","05:15:00","03/06/2017","05:07:27","présence","Turdidae","family","NULL","NULL","Animalia","Chordata","Aves","Passeriformes","Turdidae","NULL","NULL"
16,46.8707,"05:00:00","05:15:00","03/06/2017","05:02:59","présence","Vireo solitarius","species","Blue-headed vireo","Viréo à tête bleue","Animalia","Chordata","Aves","Passeriformes","Vireonidae","Vireo","Vireo solitarius"
16,46.8707,"05:00:00","05:15:00","03/06/2017","05:03:29","présence","Dendroica striata","species","Blackpoll warbler","Paruline rayée","Animalia","Chordata","Aves","Passeriformes","Parulidae","Dendroica","Dendroica striata"
16,46.8707,"05:00:00","05:15:00","03/06/2017","05:07:31","présence","Certhia americana","species","Brown creeper","Grimpereau brun","Animalia","Chordata","Aves","Passeriformes","Certhiidae","Certhia","Certhia americana"
16,46.8707,"05:00:00","05:15:00","03/06/2017","05:07:09","présence","Dendroica caerulescens","species","Black-throated blue warbler","Paruline","Animalia","Chordata","Aves","Passeriformes","Parulidae","Dendroica","Dendroica caerulescens"
16,46.8707,"05:00:00","05:15:00","03/06/2017","05:00:06","présence","Dendroica virens","species","Black-throated green warbler","Paruline à gorge noire","Animalia","Chordata","Aves","Passeriformes","Parulidae","Dendroica","Dendroica virens"
16,46.8707,"05:00:00","05:15:00","03/06/2017","05:12:42","présence","Quiscalus quiscula","species","Common grackle","Quiscale bronzé","Animalia","Chordata","Aves","Passeriformes","Icteridae","Quiscalus","Quiscalus quiscula"
16,46.8707,"05:00:00","05:15:00","03/06/2017","05:00:08","présence","Geothlypis trichas","species","Common yellowthroat","Paruline masquée","Animalia","Chordata","Aves","Passeriformes","Parulidae","Geothlypis","Geothlypis trichas"
16,46.8707,"05:00:00","05:15:00","03/06/2017","05:00:33","présence","Regulus satrapa","species","Golden-crowned kinglet","Roitelet à couronne dorée","Animalia","Chordata","Aves","Passeriformes","Regulidae","Regulus","Regulus satrapa"
16,46.8707,"05:00:00","05:15:00","03/06/2017","05:11:41","présence","Dryobates villosus","species","Hairy woodpecker","Pic chevelu","Animalia","Chordata","Aves","Piciformes","Picidae","Dryobates","Dryobates villosus"
16,46.8707,"05:00:00","05:15:00","03/06/2017","05:09:49","présence","Dryobates villosus","species","Hairy woodpecker","Pic chevelu","Animalia","Chordata","Aves","Piciformes","Picidae","Dryobates","Dryobates villosus"
16,46.8707,"05:00:00","05:15:00","03/06/2017","05:04:59","présence","Parula americana","species","Northern parula","Paruline à collier","Animalia","Chordata","Aves","Passeriformes","Parulidae","Parula","Parula americana"
16,46.8707,"05:00:00","05:15:00","03/06/2017","05:03:39","présence","Parula americana","species","Northern parula","Paruline à collier","Animalia","Chordata","Aves","Passeriformes","Parulidae","Parula","Parula americana"
16,46.8707,"05:00:00","05:15:00","03/06/2017","05:07:29","présence","Parkesia noveboracensis","species","Northern waterthrush","Paruline des ruisseaux","Animalia","Chordata","Aves","Passeriformes","Parulidae","Parkesia","Parkesia noveboracensis"
16,46.8707,"05:00:00","05:15:00","03/06/2017","05:00:14","présence","Parkesia noveboracensis","species","Northern waterthrush","Paruline des ruisseaux","Animalia","Chordata","Aves","Passeriformes","Parulidae","Parkesia","Parkesia noveboracensis"
16,46.8707,"05:00:00","05:15:00","03/06/2017","05:00:03","présence","Seiurus aurocapilla","species","Ovenbird","Paruline couronnée","Animalia","Chordata","Aves","Passeriformes","Parulidae","Seiurus","Seiurus aurocapilla"
16,46.8707,"05:00:00","05:15:00","03/06/2017","05:02:24","présence","Sitta canadensis","species","Red-breasted nuthatch","Sittelle à poitrine rousse","Animalia","Chordata","Aves","Passeriformes","Sittidae","Sitta","Sitta canadensis"
16,46.8707,"05:00:00","05:15:00","03/06/2017","05:14:01","présence","Melospiza georgiana","species","Swamp sparrow","Bruant des marais","Animalia","Chordata","Aves","Passeriformes","Passerellidae","Melospiza","Melospiza georgiana"
16,46.8707,"05:00:00","05:15:00","03/06/2017","05:00:31","présence","Melospiza georgiana","species","Swamp sparrow","Bruant des marais","Animalia","Chordata","Aves","Passeriformes","Passerellidae","Melospiza","Melospiza georgiana"
16,46.8707,"05:00:00","05:15:00","03/06/2017","05:00:00","présence","Troglodytes hiemalis","species","Animals","Troglodyte des forêts","Animalia","Chordata","Aves","Passeriformes","Troglodytidae","Troglodytes","Troglodytes hiemalis"
16,46.8707,"05:00:00","05:15:00","03/06/2017","05:14:54","présence","Zonotrichia albicollis","species","White-throated sparrow","Bruant à gorge blanche","Animalia","Chordata","Aves","Passeriformes","Passerellidae","Zonotrichia","Zonotrichia albicollis"
16,46.8707,"05:00:00","05:15:00","03/06/2017","05:08:44","présence","Zonotrichia albicollis","species","White-throated sparrow","Bruant à gorge blanche","Animalia","Chordata","Aves","Passeriformes","Passerellidae","Zonotrichia","Zonotrichia albicollis"
16,46.8707,"05:00:00","05:15:00","03/06/2017","05:00:20","présence","Sphyrapicus varius","species","Yellow-bellied sapsucker","Pic maculé","Animalia","Chordata","Aves","Piciformes","Picidae","Sphyrapicus","Sphyrapicus varius"
16,46.8707,"05:00:00","05:15:00","03/06/2017","05:00:43","présence","Dendroica coronata","species","Yellow-rumped warbler","Paruline à croupion jaune","Animalia","Chordata","Aves","Passeriformes","Parulidae","Dendroica","Dendroica coronata"
16,46.8707,"06:00:00","06:15:00","03/06/2017","06:08:42","présence","Parulidae","family","New world warblers","Passereaux","Animalia","Chordata","Aves","Passeriformes","Parulidae","NULL","NULL"
16,46.8707,"06:00:00","06:15:00","03/06/2017","06:12:29","présence","Dendroica castanea","species","Bay-breasted warbler","Paruline à poitrine baie","Animalia","Chordata","Aves","Passeriformes","Parulidae","Dendroica","Dendroica castanea"
16,46.8707,"06:00:00","06:15:00","03/06/2017","06:00:39","présence","Dendroica castanea","species","Bay-breasted warbler","Paruline à poitrine baie","Animalia","Chordata","Aves","Passeriformes","Parulidae","Dendroica","Dendroica castanea"
16,46.8707,"06:00:00","06:15:00","03/06/2017","06:00:21","présence","Vireo solitarius","species","Blue-headed vireo","Viréo à tête bleue","Animalia","Chordata","Aves","Passeriformes","Vireonidae","Vireo","Vireo solitarius"
16,46.8707,"06:00:00","06:15:00","03/06/2017","06:01:53","présence","Dendroica fusca","species","Blackburnian warbler","Paruline à gorge orangée","Animalia","Chordata","Aves","Passeriformes","Parulidae","Dendroica","Dendroica fusca"
16,46.8707,"06:00:00","06:15:00","03/06/2017","06:06:05","présence","Cyanocitta cristata","species","Blue jay","Geai bleu","Animalia","Chordata","Aves","Passeriformes","Corvidae","Cyanocitta","Cyanocitta cristata"
16,46.8707,"06:00:00","06:15:00","03/06/2017","06:01:42","présence","Certhia americana","species","Brown creeper","Grimpereau brun","Animalia","Chordata","Aves","Passeriformes","Certhiidae","Certhia","Certhia americana"
16,46.8707,"06:00:00","06:15:00","03/06/2017","06:01:03","présence","Dendroica caerulescens","species","Black-throated blue warbler","Paruline","Animalia","Chordata","Aves","Passeriformes","Parulidae","Dendroica","Dendroica caerulescens"
16,46.8707,"06:00:00","06:15:00","03/06/2017","06:00:07","présence","Dendroica caerulescens","species","Black-throated blue warbler","Paruline","Animalia","Chordata","Aves","Passeriformes","Parulidae","Dendroica","Dendroica caerulescens"
16,46.8707,"06:00:00","06:15:00","03/06/2017","06:00:11","présence","Dendroica virens","species","Black-throated green warbler","Paruline à gorge noire","Animalia","Chordata","Aves","Passeriformes","Parulidae","Dendroica","Dendroica virens"
16,46.8707,"06:00:00","06:15:00","03/06/2017","06:14:47","présence","Quiscalus quiscula","species","Common grackle","Quiscale bronzé","Animalia","Chordata","Aves","Passeriformes","Icteridae","Quiscalus","Quiscalus quiscula"
16,46.8707,"06:00:00","06:15:00","03/06/2017","06:10:32","présence","Quiscalus quiscula","species","Common grackle","Quiscale bronzé","Animalia","Chordata","Aves","Passeriformes","Icteridae","Quiscalus","Quiscalus quiscula"
16,46.8707,"06:00:00","06:15:00","03/06/2017","06:12:04","présence","Geothlypis trichas","species","Common yellowthroat","Paruline masquée","Animalia","Chordata","Aves","Passeriformes","Parulidae","Geothlypis","Geothlypis trichas"
16,46.8707,"06:00:00","06:15:00","03/06/2017","06:06:00","présence","Regulus satrapa","species","Golden-crowned kinglet","Roitelet à couronne dorée","Animalia","Chordata","Aves","Passeriformes","Regulidae","Regulus","Regulus satrapa"
16,46.8707,"06:00:00","06:15:00","03/06/2017","06:05:25","présence","Geothlypis philadelphia","species","Mourning warbler","Paruline triste","Animalia","Chordata","Aves","Passeriformes","Parulidae","Geothlypis","Geothlypis philadelphia"
16,46.8707,"06:00:00","06:15:00","03/06/2017","06:10:51","présence","Parula americana","species","Northern parula","Paruline à collier","Animalia","Chordata","Aves","Passeriformes","Parulidae","Parula","Parula americana"
16,46.8707,"06:00:00","06:15:00","03/06/2017","06:00:02","présence","Parkesia noveboracensis","species","Northern waterthrush","Paruline des ruisseaux","Animalia","Chordata","Aves","Passeriformes","Parulidae","Parkesia","Parkesia noveboracensis"
16,46.8707,"06:00:00","06:15:00","03/06/2017","06:00:00","présence","Seiurus aurocapilla","species","Ovenbird","Paruline couronnée","Animalia","Chordata","Aves","Passeriformes","Parulidae","Seiurus","Seiurus aurocapilla"
16,46.8707,"06:00:00","06:15:00","03/06/2017","06:01:16","présence","Haemorhous purpureus","species","Purple finch","Roselin pourpré","Animalia","Chordata","Aves","Passeriformes","Fringillidae","Haemorhous","Haemorhous purpureus"
16,46.8707,"06:00:00","06:15:00","03/06/2017","06:11:12","présence","Sitta canadensis","species","Red-breasted nuthatch","Sittelle à poitrine rousse","Animalia","Chordata","Aves","Passeriformes","Sittidae","Sitta","Sitta canadensis"
16,46.8707,"06:00:00","06:15:00","03/06/2017","06:00:18","présence","Melospiza georgiana","species","Swamp sparrow","Bruant des marais","Animalia","Chordata","Aves","Passeriformes","Passerellidae","Melospiza","Melospiza georgiana"
16,46.8707,"06:00:00","06:15:00","03/06/2017","06:11:03","présence","Troglodytes hiemalis","species","Animals","Troglodyte des forêts","Animalia","Chordata","Aves","Passeriformes","Troglodytidae","Troglodytes","Troglodytes hiemalis"
16,46.8707,"06:00:00","06:15:00","03/06/2017","06:00:06","présence","Zonotrichia albicollis","species","White-throated sparrow","Bruant à gorge blanche","Animalia","Chordata","Aves","Passeriformes","Passerellidae","Zonotrichia","Zonotrichia albicollis"
16,46.8707,"06:00:00","06:15:00","03/06/2017","06:11:33","présence","Sphyrapicus varius","species","Yellow-bellied sapsucker","Pic maculé","Animalia","Chordata","Aves","Piciformes","Picidae","Sphyrapicus","Sphyrapicus varius"
16,46.8707,"06:00:00","06:15:00","03/06/2017","06:14:52","présence","Dendroica coronata","species","Yellow-rumped warbler","Paruline à croupion jaune","Animalia","Chordata","Aves","Passeriformes","Parulidae","Dendroica","Dendroica coronata"
16,46.8707,"06:00:00","06:15:00","03/06/2017","06:10:10","présence","Dendroica coronata","species","Yellow-rumped warbler","Paruline à croupion jaune","Animalia","Chordata","Aves","Passeriformes","Parulidae","Dendroica","Dendroica coronata"
16,46.8707,"06:00:00","06:15:00","03/06/2017","06:05:54","présence","Dendroica coronata","species","Yellow-rumped warbler","Paruline à croupion jaune","Animalia","Chordata","Aves","Passeriformes","Parulidae","Dendroica","Dendroica coronata"
16,46.8707,"06:00:00","06:15:00","03/06/2017","06:05:36","présence","Dryobates pubescens","species","NULL","NULL","Animalia","Chordata","Aves","Piciformes","Picidae","Dryobates","Dryobates pubescens"
16,46.8707,"06:00:00","06:15:00","03/06/2017","06:14:12","présence","Vireo","genus","NULL","NULL","Animalia","Chordata","Aves","Passeriformes","Vireonidae","Vireo","NULL"
16,46.8707,"07:00:00","07:15:00","03/06/2017","07:14:23","présence","Passeriformes","order","Perching birds","Passereaux","Animalia","Chordata","Aves","Passeriformes","NULL","NULL","NULL"
16,46.8707,"07:00:00","07:15:00","03/06/2017","07:10:02","présence","Picidae","family","Woodpeckers","Fourmiliers","Animalia","Chordata","Aves","Piciformes","Picidae","NULL","NULL"
16,46.8707,"07:00:00","07:15:00","03/06/2017","07:05:37","présence","Picidae","family","Woodpeckers","Fourmiliers","Animalia","Chordata","Aves","Piciformes","Picidae","NULL","NULL"
16,46.8707,"07:00:00","07:15:00","03/06/2017","07:12:33","présence","Turdus migratorius","species","American robin","Merle d'amérique","Animalia","Chordata","Aves","Passeriformes","Turdidae","Turdus","Turdus migratorius"
16,46.8707,"07:00:00","07:15:00","03/06/2017","07:06:38","présence","Turdus migratorius","species","American robin","Merle d'amérique","Animalia","Chordata","Aves","Passeriformes","Turdidae","Turdus","Turdus migratorius"
16,46.8707,"07:00:00","07:15:00","03/06/2017","07:03:19","présence","Turdus migratorius","species","American robin","Merle d'amérique","Animalia","Chordata","Aves","Passeriformes","Turdidae","Turdus","Turdus migratorius"
16,46.8707,"07:00:00","07:15:00","03/06/2017","07:04:50","présence","Dendroica castanea","species","Bay-breasted warbler","Paruline à poitrine baie","Animalia","Chordata","Aves","Passeriformes","Parulidae","Dendroica","Dendroica castanea"
16,46.8707,"07:00:00","07:15:00","03/06/2017","07:00:53","présence","Dendroica castanea","species","Bay-breasted warbler","Paruline à poitrine baie","Animalia","Chordata","Aves","Passeriformes","Parulidae","Dendroica","Dendroica castanea"
16,46.8707,"07:00:00","07:15:00","03/06/2017","07:13:54","présence","Vireo solitarius","species","Blue-headed vireo","Viréo à tête bleue","Animalia","Chordata","Aves","Passeriformes","Vireonidae","Vireo","Vireo solitarius"
16,46.8707,"07:00:00","07:15:00","03/06/2017","07:07:33","présence","Vireo solitarius","species","Blue-headed vireo","Viréo à tête bleue","Animalia","Chordata","Aves","Passeriformes","Vireonidae","Vireo","Vireo solitarius"
16,46.8707,"07:00:00","07:15:00","03/06/2017","07:03:06","présence","Dendroica fusca","species","Blackburnian warbler","Paruline à gorge orangée","Animalia","Chordata","Aves","Passeriformes","Parulidae","Dendroica","Dendroica fusca"
16,46.8707,"07:00:00","07:15:00","03/06/2017","07:02:49","présence","Dendroica fusca","species","Blackburnian warbler","Paruline à gorge orangée","Animalia","Chordata","Aves","Passeriformes","Parulidae","Dendroica","Dendroica fusca"
16,46.8707,"07:00:00","07:15:00","03/06/2017","07:09:03","présence","Cyanocitta cristata","species","Blue jay","Geai bleu","Animalia","Chordata","Aves","Passeriformes","Corvidae","Cyanocitta","Cyanocitta cristata"
16,46.8707,"07:00:00","07:15:00","03/06/2017","07:00:14","présence","Certhia americana","species","Brown creeper","Grimpereau brun","Animalia","Chordata","Aves","Passeriformes","Certhiidae","Certhia","Certhia americana"
16,46.8707,"07:00:00","07:15:00","03/06/2017","07:04:43","présence","Dendroica caerulescens","species","Black-throated blue warbler","Paruline","Animalia","Chordata","Aves","Passeriformes","Parulidae","Dendroica","Dendroica caerulescens"
16,46.8707,"07:00:00","07:15:00","03/06/2017","07:00:03","présence","Dendroica caerulescens","species","Black-throated blue warbler","Paruline","Animalia","Chordata","Aves","Passeriformes","Parulidae","Dendroica","Dendroica caerulescens"
16,46.8707,"07:00:00","07:15:00","03/06/2017","07:00:06","présence","Dendroica virens","species","Black-throated green warbler","Paruline à gorge noire","Animalia","Chordata","Aves","Passeriformes","Parulidae","Dendroica","Dendroica virens"
16,46.8707,"07:00:00","07:15:00","03/06/2017","07:00:59","présence","Geothlypis trichas","species","Common yellowthroat","Paruline masquée","Animalia","Chordata","Aves","Passeriformes","Parulidae","Geothlypis","Geothlypis trichas"
16,46.8707,"07:00:00","07:15:00","03/06/2017","07:00:01","présence","Geothlypis trichas","species","Common yellowthroat","Paruline masquée","Animalia","Chordata","Aves","Passeriformes","Parulidae","Geothlypis","Geothlypis trichas"
16,46.8707,"07:00:00","07:15:00","03/06/2017","07:05:35","présence","Dryobates pubescens","species","Downy woodpecker","Pic mineur","Animalia","Chordata","Aves","Piciformes","Picidae","Dryobates","Dryobates pubescens"
16,46.8707,"07:00:00","07:15:00","03/06/2017","07:10:29","présence","Regulus satrapa","species","Golden-crowned kinglet","Roitelet à couronne dorée","Animalia","Chordata","Aves","Passeriformes","Regulidae","Regulus","Regulus satrapa"
16,46.8707,"07:00:00","07:15:00","03/06/2017","07:08:59","présence","Regulus satrapa","species","Golden-crowned kinglet","Roitelet à couronne dorée","Animalia","Chordata","Aves","Passeriformes","Regulidae","Regulus","Regulus satrapa"
16,46.8707,"07:00:00","07:15:00","03/06/2017","07:13:12","présence","Parula americana","species","Northern parula","Paruline à collier","Animalia","Chordata","Aves","Passeriformes","Parulidae","Parula","Parula americana"
16,46.8707,"07:00:00","07:15:00","03/06/2017","07:10:16","présence","Parula americana","species","Northern parula","Paruline à collier","Animalia","Chordata","Aves","Passeriformes","Parulidae","Parula","Parula americana"
16,46.8707,"07:00:00","07:15:00","03/06/2017","07:03:49","présence","Parkesia noveboracensis","species","Northern waterthrush","Paruline des ruisseaux","Animalia","Chordata","Aves","Passeriformes","Parulidae","Parkesia","Parkesia noveboracensis"
16,46.8707,"07:00:00","07:15:00","03/06/2017","07:00:03","présence","Parkesia noveboracensis","species","Northern waterthrush","Paruline des ruisseaux","Animalia","Chordata","Aves","Passeriformes","Parulidae","Parkesia","Parkesia noveboracensis"
16,46.8707,"07:00:00","07:15:00","03/06/2017","07:02:11","présence","Seiurus aurocapilla","species","Ovenbird","Paruline couronnée","Animalia","Chordata","Aves","Passeriformes","Parulidae","Seiurus","Seiurus aurocapilla"
16,46.8707,"07:00:00","07:15:00","03/06/2017","07:10:47","présence","Sitta canadensis","species","Red-breasted nuthatch","Sittelle à poitrine rousse","Animalia","Chordata","Aves","Passeriformes","Sittidae","Sitta","Sitta canadensis"
16,46.8707,"07:00:00","07:15:00","03/06/2017","07:01:54","présence","Melospiza georgiana","species","Swamp sparrow","Bruant des marais","Animalia","Chordata","Aves","Passeriformes","Passerellidae","Melospiza","Melospiza georgiana"
16,46.8707,"07:00:00","07:15:00","03/06/2017","07:00:49","présence","Melospiza georgiana","species","Swamp sparrow","Bruant des marais","Animalia","Chordata","Aves","Passeriformes","Passerellidae","Melospiza","Melospiza georgiana"
16,46.8707,"07:00:00","07:15:00","03/06/2017","07:14:10","présence","Catharus ustulatus","species","Swainson's thrush","Grive à dos olive","Animalia","Chordata","Aves","Passeriformes","Turdidae","Catharus","Catharus ustulatus"
16,46.8707,"07:00:00","07:15:00","03/06/2017","07:04:06","présence","Catharus ustulatus","species","Swainson's thrush","Grive à dos olive","Animalia","Chordata","Aves","Passeriformes","Turdidae","Catharus","Catharus ustulatus"
16,46.8707,"07:00:00","07:15:00","03/06/2017","07:03:41","présence","Zonotrichia albicollis","species","White-throated sparrow","Bruant à gorge blanche","Animalia","Chordata","Aves","Passeriformes","Passerellidae","Zonotrichia","Zonotrichia albicollis"
16,46.8707,"07:00:00","07:15:00","03/06/2017","07:00:01","présence","Zonotrichia albicollis","species","White-throated sparrow","Bruant à gorge blanche","Animalia","Chordata","Aves","Passeriformes","Passerellidae","Zonotrichia","Zonotrichia albicollis"
16,46.8707,"07:00:00","07:15:00","03/06/2017","07:10:00","présence","Sphyrapicus varius","species","Yellow-bellied sapsucker","Pic maculé","Animalia","Chordata","Aves","Piciformes","Picidae","Sphyrapicus","Sphyrapicus varius"
16,46.8707,"07:00:00","07:15:00","03/06/2017","07:01:39","présence","Dendroica coronata","species","Yellow-rumped warbler","Paruline à croupion jaune","Animalia","Chordata","Aves","Passeriformes","Parulidae","Dendroica","Dendroica coronata"
16,46.8707,"07:00:00","07:15:00","03/06/2017","07:01:06","présence","Dendroica coronata","species","Yellow-rumped warbler","Paruline à croupion jaune","Animalia","Chordata","Aves","Passeriformes","Parulidae","Dendroica","Dendroica coronata"
16,46.8707,"07:00:00","07:15:00","03/06/2017","07:03:53","présence","Vireo","genus","NULL","NULL","Animalia","Chordata","Aves","Passeriformes","Vireonidae","Vireo","NULL"
16,46.8707,"07:00:00","07:15:00","03/06/2017","07:03:22","présence","Vireo","genus","NULL","NULL","Animalia","Chordata","Aves","Passeriformes","Vireonidae","Vireo","NULL"
16,46.8707,"08:00:00","08:15:00","03/06/2017","08:14:23","présence","Passeriformes","order","Perching birds","Passereaux","Animalia","Chordata","Aves","Passeriformes","NULL","NULL","NULL"
16,46.8707,"08:00:00","08:15:00","03/06/2017","08:13:33","présence","Passeriformes","order","Perching birds","Passereaux","Animalia","Chordata","Aves","Passeriformes","NULL","NULL","NULL"
16,46.8707,"08:00:00","08:15:00","03/06/2017","08:13:24","présence","Passeriformes","order","Perching birds","Passereaux","Animalia","Chordata","Aves","Passeriformes","NULL","NULL","NULL"
16,46.8707,"08:00:00","08:15:00","03/06/2017","08:12:56","présence","Turdus migratorius","species","American robin","Merle d'amérique","Animalia","Chordata","Aves","Passeriformes","Turdidae","Turdus","Turdus migratorius"
16,46.8707,"08:00:00","08:15:00","03/06/2017","08:03:48","présence","Vireo solitarius","species","Blue-headed vireo","Viréo à tête bleue","Animalia","Chordata","Aves","Passeriformes","Vireonidae","Vireo","Vireo solitarius"
16,46.8707,"08:00:00","08:15:00","03/06/2017","08:08:33","présence","Dendroica fusca","species","Blackburnian warbler","Paruline à gorge orangée","Animalia","Chordata","Aves","Passeriformes","Parulidae","Dendroica","Dendroica fusca"
16,46.8707,"08:00:00","08:15:00","03/06/2017","08:02:04","présence","Dendroica fusca","species","Blackburnian warbler","Paruline à gorge orangée","Animalia","Chordata","Aves","Passeriformes","Parulidae","Dendroica","Dendroica fusca"
16,46.8707,"08:00:00","08:15:00","03/06/2017","08:06:24","présence","Dendroica caerulescens","species","Black-throated blue warbler","Paruline","Animalia","Chordata","Aves","Passeriformes","Parulidae","Dendroica","Dendroica caerulescens"
16,46.8707,"08:00:00","08:15:00","03/06/2017","08:04:07","présence","Dendroica virens","species","Black-throated green warbler","Paruline à gorge noire","Animalia","Chordata","Aves","Passeriformes","Parulidae","Dendroica","Dendroica virens"
16,46.8707,"08:00:00","08:15:00","03/06/2017","08:00:00","présence","Dendroica virens","species","Black-throated green warbler","Paruline à gorge noire","Animalia","Chordata","Aves","Passeriformes","Parulidae","Dendroica","Dendroica virens"
16,46.8707,"08:00:00","08:15:00","03/06/2017","08:04:10","présence","Quiscalus quiscula","species","Common grackle","Quiscale bronzé","Animalia","Chordata","Aves","Passeriformes","Icteridae","Quiscalus","Quiscalus quiscula"
16,46.8707,"08:00:00","08:15:00","03/06/2017","08:13:40","présence","Geothlypis trichas","species","Common yellowthroat","Paruline masquée","Animalia","Chordata","Aves","Passeriformes","Parulidae","Geothlypis","Geothlypis trichas"
16,46.8707,"08:00:00","08:15:00","03/06/2017","08:05:04","présence","Regulus satrapa","species","Golden-crowned kinglet","Roitelet à couronne dorée","Animalia","Chordata","Aves","Passeriformes","Regulidae","Regulus","Regulus satrapa"
16,46.8707,"08:00:00","08:15:00","03/06/2017","08:02:10","présence","Catharus guttatus","species","Hermit thrush","Grive solitaire","Animalia","Chordata","Aves","Passeriformes","Turdidae","Catharus","Catharus guttatus"
16,46.8707,"08:00:00","08:15:00","03/06/2017","08:05:33","présence","Parula americana","species","Northern parula","Paruline à collier","Animalia","Chordata","Aves","Passeriformes","Parulidae","Parula","Parula americana"
16,46.8707,"08:00:00","08:15:00","03/06/2017","08:05:06","présence","Parula americana","species","Northern parula","Paruline à collier","Animalia","Chordata","Aves","Passeriformes","Parulidae","Parula","Parula americana"
16,46.8707,"08:00:00","08:15:00","03/06/2017","08:06:04","présence","Parkesia noveboracensis","species","Northern waterthrush","Paruline des ruisseaux","Animalia","Chordata","Aves","Passeriformes","Parulidae","Parkesia","Parkesia noveboracensis"
16,46.8707,"08:00:00","08:15:00","03/06/2017","08:03:15","présence","Parkesia noveboracensis","species","Northern waterthrush","Paruline des ruisseaux","Animalia","Chordata","Aves","Passeriformes","Parulidae","Parkesia","Parkesia noveboracensis"
16,46.8707,"08:00:00","08:15:00","03/06/2017","08:00:14","présence","Seiurus aurocapilla","species","Ovenbird","Paruline couronnée","Animalia","Chordata","Aves","Passeriformes","Parulidae","Seiurus","Seiurus aurocapilla"
16,46.8707,"08:00:00","08:15:00","03/06/2017","08:06:51","présence","Sitta canadensis","species","Red-breasted nuthatch","Sittelle à poitrine rousse","Animalia","Chordata","Aves","Passeriformes","Sittidae","Sitta","Sitta canadensis"
16,46.8707,"08:00:00","08:15:00","03/06/2017","08:09:57","présence","Melospiza georgiana","species","Swamp sparrow","Bruant des marais","Animalia","Chordata","Aves","Passeriformes","Passerellidae","Melospiza","Melospiza georgiana"
16,46.8707,"08:00:00","08:15:00","03/06/2017","08:09:01","présence","Troglodytes hiemalis","species","Animals","Troglodyte des forêts","Animalia","Chordata","Aves","Passeriformes","Troglodytidae","Troglodytes","Troglodytes hiemalis"
16,46.8707,"08:00:00","08:15:00","03/06/2017","08:00:30","présence","Zonotrichia albicollis","species","White-throated sparrow","Bruant à gorge blanche","Animalia","Chordata","Aves","Passeriformes","Passerellidae","Zonotrichia","Zonotrichia albicollis"
16,46.8707,"08:00:00","08:15:00","03/06/2017","08:00:09","présence","Zonotrichia albicollis","species","White-throated sparrow","Bruant à gorge blanche","Animalia","Chordata","Aves","Passeriformes","Passerellidae","Zonotrichia","Zonotrichia albicollis"
16,46.8707,"12:00:00","12:15:00","03/06/2017","12:00:30","présence","Passeriformes","order","Perching birds","Passereaux","Animalia","Chordata","Aves","Passeriformes","NULL","NULL","NULL"
16,46.8707,"12:00:00","12:15:00","03/06/2017","12:02:44","présence","Turdus migratorius","species","American robin","Merle d'amérique","Animalia","Chordata","Aves","Passeriformes","Turdidae","Turdus","Turdus migratorius"
16,46.8707,"12:00:00","12:15:00","03/06/2017","12:02:04","présence","Vireo solitarius","species","Blue-headed vireo","Viréo à tête bleue","Animalia","Chordata","Aves","Passeriformes","Vireonidae","Vireo","Vireo solitarius"
16,46.8707,"12:00:00","12:15:00","03/06/2017","12:00:44","présence","Vireo solitarius","species","Blue-headed vireo","Viréo à tête bleue","Animalia","Chordata","Aves","Passeriformes","Vireonidae","Vireo","Vireo solitarius"
16,46.8707,"12:00:00","12:15:00","03/06/2017","12:14:06","présence","Dendroica fusca","species","Blackburnian warbler","Paruline à gorge orangée","Animalia","Chordata","Aves","Passeriformes","Parulidae","Dendroica","Dendroica fusca"
16,46.8707,"12:00:00","12:15:00","03/06/2017","12:00:06","présence","Dendroica fusca","species","Blackburnian warbler","Paruline à gorge orangée","Animalia","Chordata","Aves","Passeriformes","Parulidae","Dendroica","Dendroica fusca"
16,46.8707,"12:00:00","12:15:00","03/06/2017","12:00:09","présence","Dendroica caerulescens","species","Black-throated blue warbler","Paruline","Animalia","Chordata","Aves","Passeriformes","Parulidae","Dendroica","Dendroica caerulescens"
16,46.8707,"12:00:00","12:15:00","03/06/2017","12:00:42","présence","Dendroica virens","species","Black-throated green warbler","Paruline à gorge noire","Animalia","Chordata","Aves","Passeriformes","Parulidae","Dendroica","Dendroica virens"
16,46.8707,"12:00:00","12:15:00","03/06/2017","12:00:07","présence","Dendroica virens","species","Black-throated green warbler","Paruline à gorge noire","Animalia","Chordata","Aves","Passeriformes","Parulidae","Dendroica","Dendroica virens"
16,46.8707,"12:00:00","12:15:00","03/06/2017","12:10:25","présence","Quiscalus quiscula","species","Common grackle","Quiscale bronzé","Animalia","Chordata","Aves","Passeriformes","Icteridae","Quiscalus","Quiscalus quiscula"
16,46.8707,"12:00:00","12:15:00","03/06/2017","12:11:11","présence","Gavia immer","species","Common loon","Plongeon huard","Animalia","Chordata","Aves","Gaviiformes","Gaviidae","Gavia","Gavia immer"
16,46.8707,"12:00:00","12:15:00","03/06/2017","12:09:04","présence","Gavia immer","species","Common loon","Plongeon huard","Animalia","Chordata","Aves","Gaviiformes","Gaviidae","Gavia","Gavia immer"
16,46.8707,"12:00:00","12:15:00","03/06/2017","12:14:16","présence","Dendroica pensylvanica","species","Chestnut-sided warbler","Paruline à flancs marron","Animalia","Chordata","Aves","Passeriformes","Parulidae","Dendroica","Dendroica pensylvanica"
16,46.8707,"12:00:00","12:15:00","03/06/2017","12:05:42","présence","Dendroica pensylvanica","species","Chestnut-sided warbler","Paruline à flancs marron","Animalia","Chordata","Aves","Passeriformes","Parulidae","Dendroica","Dendroica pensylvanica"
16,46.8707,"12:00:00","12:15:00","03/06/2017","12:04:09","présence","Dendroica pensylvanica","species","Chestnut-sided warbler","Paruline à flancs marron","Animalia","Chordata","Aves","Passeriformes","Parulidae","Dendroica","Dendroica pensylvanica"
16,46.8707,"12:00:00","12:15:00","03/06/2017","12:03:51","présence","Dendroica pensylvanica","species","Chestnut-sided warbler","Paruline à flancs marron","Animalia","Chordata","Aves","Passeriformes","Parulidae","Dendroica","Dendroica pensylvanica"
16,46.8707,"12:00:00","12:15:00","03/06/2017","12:14:13","présence","Regulus satrapa","species","Golden-crowned kinglet","Roitelet à couronne dorée","Animalia","Chordata","Aves","Passeriformes","Regulidae","Regulus","Regulus satrapa"
16,46.8707,"12:00:00","12:15:00","03/06/2017","12:07:01","présence","Regulus satrapa","species","Golden-crowned kinglet","Roitelet à couronne dorée","Animalia","Chordata","Aves","Passeriformes","Regulidae","Regulus","Regulus satrapa"
16,46.8707,"12:00:00","12:15:00","03/06/2017","12:03:13","présence","Parula americana","species","Northern parula","Paruline à collier","Animalia","Chordata","Aves","Passeriformes","Parulidae","Parula","Parula americana"
16,46.8707,"12:00:00","12:15:00","03/06/2017","12:01:29","présence","Parkesia noveboracensis","species","Northern waterthrush","Paruline des ruisseaux","Animalia","Chordata","Aves","Passeriformes","Parulidae","Parkesia","Parkesia noveboracensis"
16,46.8707,"12:00:00","12:15:00","03/06/2017","12:00:05","présence","Seiurus aurocapilla","species","Ovenbird","Paruline couronnée","Animalia","Chordata","Aves","Passeriformes","Parulidae","Seiurus","Seiurus aurocapilla"
16,46.8707,"12:00:00","12:15:00","03/06/2017","12:00:57","présence","Sitta canadensis","species","Red-breasted nuthatch","Sittelle à poitrine rousse","Animalia","Chordata","Aves","Passeriformes","Sittidae","Sitta","Sitta canadensis"
16,46.8707,"12:00:00","12:15:00","03/06/2017","12:01:55","présence","Melospiza georgiana","species","Swamp sparrow","Bruant des marais","Animalia","Chordata","Aves","Passeriformes","Passerellidae","Melospiza","Melospiza georgiana"
16,46.8707,"12:00:00","12:15:00","03/06/2017","12:10:30","présence","Troglodytes hiemalis","species","Animals","Troglodyte des forêts","Animalia","Chordata","Aves","Passeriformes","Troglodytidae","Troglodytes","Troglodytes hiemalis"
16,46.8707,"12:00:00","12:15:00","03/06/2017","12:01:56","présence","Zonotrichia albicollis","species","White-throated sparrow","Bruant à gorge blanche","Animalia","Chordata","Aves","Passeriformes","Passerellidae","Zonotrichia","Zonotrichia albicollis"
16,46.8707,"12:00:00","12:15:00","03/06/2017","12:03:40","présence","Dendroica coronata","species","Yellow-rumped warbler","Paruline à croupion jaune","Animalia","Chordata","Aves","Passeriformes","Parulidae","Dendroica","Dendroica coronata"
16,46.8707,"12:00:00","12:15:00","03/06/2017","12:02:55","présence","Dendroica coronata","species","Yellow-rumped warbler","Paruline à croupion jaune","Animalia","Chordata","Aves","Passeriformes","Parulidae","Dendroica","Dendroica coronata"
16,46.8707,"13:00:00","13:15:00","03/06/2017","13:07:21","présence","Parulidae","family","New world warblers","Passereaux","Animalia","Chordata","Aves","Passeriformes","Parulidae","NULL","NULL"
16,46.8707,"13:00:00","13:15:00","03/06/2017","13:02:05","présence","Parulidae","family","New world warblers","Passereaux","Animalia","Chordata","Aves","Passeriformes","Parulidae","NULL","NULL"
16,46.8707,"13:00:00","13:15:00","03/06/2017","13:01:34","présence","Parulidae","family","New world warblers","Passereaux","Animalia","Chordata","Aves","Passeriformes","Parulidae","NULL","NULL"
16,46.8707,"13:00:00","13:15:00","03/06/2017","13:00:00","présence","Vireo solitarius","species","Blue-headed vireo","Viréo à tête bleue","Animalia","Chordata","Aves","Passeriformes","Vireonidae","Vireo","Vireo solitarius"
16,46.8707,"13:00:00","13:15:00","03/06/2017","13:10:54","présence","Dendroica fusca","species","Blackburnian warbler","Paruline à gorge orangée","Animalia","Chordata","Aves","Passeriformes","Parulidae","Dendroica","Dendroica fusca"
16,46.8707,"13:00:00","13:15:00","03/06/2017","13:10:22","présence","Dendroica fusca","species","Blackburnian warbler","Paruline à gorge orangée","Animalia","Chordata","Aves","Passeriformes","Parulidae","Dendroica","Dendroica fusca"
16,46.8707,"13:00:00","13:15:00","03/06/2017","13:00:42","présence","Certhia americana","species","Brown creeper","Grimpereau brun","Animalia","Chordata","Aves","Passeriformes","Certhiidae","Certhia","Certhia americana"
16,46.8707,"13:00:00","13:15:00","03/06/2017","13:00:17","présence","Dendroica caerulescens","species","Black-throated blue warbler","Paruline","Animalia","Chordata","Aves","Passeriformes","Parulidae","Dendroica","Dendroica caerulescens"
16,46.8707,"13:00:00","13:15:00","03/06/2017","13:00:09","présence","Dendroica virens","species","Black-throated green warbler","Paruline à gorge noire","Animalia","Chordata","Aves","Passeriformes","Parulidae","Dendroica","Dendroica virens"
16,46.8707,"13:00:00","13:15:00","03/06/2017","13:07:45","présence","Regulus satrapa","species","Golden-crowned kinglet","Roitelet à couronne dorée","Animalia","Chordata","Aves","Passeriformes","Regulidae","Regulus","Regulus satrapa"
16,46.8707,"13:00:00","13:15:00","03/06/2017","13:07:34","présence","Regulus satrapa","species","Golden-crowned kinglet","Roitelet à couronne dorée","Animalia","Chordata","Aves","Passeriformes","Regulidae","Regulus","Regulus satrapa"
16,46.8707,"13:00:00","13:15:00","03/06/2017","13:13:55","présence","Parula americana","species","Northern parula","Paruline à collier","Animalia","Chordata","Aves","Passeriformes","Parulidae","Parula","Parula americana"
16,46.8707,"13:00:00","13:15:00","03/06/2017","13:05:45","présence","Parula americana","species","Northern parula","Paruline à collier","Animalia","Chordata","Aves","Passeriformes","Parulidae","Parula","Parula americana"
16,46.8707,"13:00:00","13:15:00","03/06/2017","13:00:00","présence","Parkesia noveboracensis","species","Northern waterthrush","Paruline des ruisseaux","Animalia","Chordata","Aves","Passeriformes","Parulidae","Parkesia","Parkesia noveboracensis"
16,46.8707,"13:00:00","13:15:00","03/06/2017","13:00:46","présence","Seiurus aurocapilla","species","Ovenbird","Paruline couronnée","Animalia","Chordata","Aves","Passeriformes","Parulidae","Seiurus","Seiurus aurocapilla"
16,46.8707,"13:00:00","13:15:00","03/06/2017","13:07:14","présence","Haemorhous purpureus","species","Purple finch","Roselin pourpré","Animalia","Chordata","Aves","Passeriformes","Fringillidae","Haemorhous","Haemorhous purpureus"
16,46.8707,"13:00:00","13:15:00","03/06/2017","13:01:40","présence","Euphagus carolinus","species","Rusty blackbird","Quiscale rouilleux","Animalia","Chordata","Aves","Passeriformes","Icteridae","Euphagus","Euphagus carolinus"
16,46.8707,"13:00:00","13:15:00","03/06/2017","13:12:23","présence","Euphagus carolinus","species","Rusty blackbird","Quiscale rouilleux","Animalia","Chordata","Aves","Passeriformes","Icteridae","Euphagus","Euphagus carolinus"
16,46.8707,"13:00:00","13:15:00","03/06/2017","13:01:50","présence","Melospiza georgiana","species","Swamp sparrow","Bruant des marais","Animalia","Chordata","Aves","Passeriformes","Passerellidae","Melospiza","Melospiza georgiana"
16,46.8707,"13:00:00","13:15:00","03/06/2017","13:09:46","présence","Zonotrichia albicollis","species","White-throated sparrow","Bruant à gorge blanche","Animalia","Chordata","Aves","Passeriformes","Passerellidae","Zonotrichia","Zonotrichia albicollis"
16,46.8707,"13:00:00","13:15:00","03/06/2017","13:08:50","présence","Dendroica coronata","species","Yellow-rumped warbler","Paruline à croupion jaune","Animalia","Chordata","Aves","Passeriformes","Parulidae","Dendroica","Dendroica coronata"
16,46.8707,"13:00:00","13:15:00","03/06/2017","13:03:55","présence","Dendroica coronata","species","Yellow-rumped warbler","Paruline à croupion jaune","Animalia","Chordata","Aves","Passeriformes","Parulidae","Dendroica","Dendroica coronata"
16,46.8707,"19:00:00","19:15:00","03/06/2017","19:08:37","présence","Parulidae","family","New world warblers","Passereaux","Animalia","Chordata","Aves","Passeriformes","Parulidae","NULL","NULL"
16,46.8707,"19:00:00","19:15:00","03/06/2017","19:06:10","présence","Parulidae","family","New world warblers","Passereaux","Animalia","Chordata","Aves","Passeriformes","Parulidae","NULL","NULL"
16,46.8707,"19:00:00","19:15:00","03/06/2017","19:01:32","présence","Vireo solitarius","species","Blue-headed vireo","Viréo à tête bleue","Animalia","Chordata","Aves","Passeriformes","Vireonidae","Vireo","Vireo solitarius"
16,46.8707,"19:00:00","19:15:00","03/06/2017","19:00:02","présence","Vireo solitarius","species","Blue-headed vireo","Viréo à tête bleue","Animalia","Chordata","Aves","Passeriformes","Vireonidae","Vireo","Vireo solitarius"
16,46.8707,"19:00:00","19:15:00","03/06/2017","19:07:34","présence","Dendroica fusca","species","Blackburnian warbler","Paruline à gorge orangée","Animalia","Chordata","Aves","Passeriformes","Parulidae","Dendroica","Dendroica fusca"
16,46.8707,"19:00:00","19:15:00","03/06/2017","19:01:05","présence","Dendroica fusca","species","Blackburnian warbler","Paruline à gorge orangée","Animalia","Chordata","Aves","Passeriformes","Parulidae","Dendroica","Dendroica fusca"
16,46.8707,"19:00:00","19:15:00","03/06/2017","19:05:07","présence","Cyanocitta cristata","species","Blue jay","Geai bleu","Animalia","Chordata","Aves","Passeriformes","Corvidae","Cyanocitta","Cyanocitta cristata"
16,46.8707,"19:00:00","19:15:00","03/06/2017","19:00:11","présence","Certhia americana","species","Brown creeper","Grimpereau brun","Animalia","Chordata","Aves","Passeriformes","Certhiidae","Certhia","Certhia americana"
16,46.8707,"19:00:00","19:15:00","03/06/2017","19:05:29","présence","Dendroica caerulescens","species","Black-throated blue warbler","Paruline","Animalia","Chordata","Aves","Passeriformes","Parulidae","Dendroica","Dendroica caerulescens"
16,46.8707,"19:00:00","19:15:00","03/06/2017","19:04:46","présence","Dendroica virens","species","Black-throated green warbler","Paruline à gorge noire","Animalia","Chordata","Aves","Passeriformes","Parulidae","Dendroica","Dendroica virens"
16,46.8707,"19:00:00","19:15:00","03/06/2017","19:02:14","présence","Dendroica virens","species","Black-throated green warbler","Paruline à gorge noire","Animalia","Chordata","Aves","Passeriformes","Parulidae","Dendroica","Dendroica virens"
16,46.8707,"19:00:00","19:15:00","03/06/2017","19:02:12","présence","Geothlypis trichas","species","Common yellowthroat","Paruline masquée","Animalia","Chordata","Aves","Passeriformes","Parulidae","Geothlypis","Geothlypis trichas"
16,46.8707,"19:00:00","19:15:00","03/06/2017","19:00:59","présence","Geothlypis trichas","species","Common yellowthroat","Paruline masquée","Animalia","Chordata","Aves","Passeriformes","Parulidae","Geothlypis","Geothlypis trichas"
16,46.8707,"19:00:00","19:15:00","03/06/2017","19:12:30","présence","Regulus satrapa","species","Golden-crowned kinglet","Roitelet à couronne dorée","Animalia","Chordata","Aves","Passeriformes","Regulidae","Regulus","Regulus satrapa"
16,46.8707,"19:00:00","19:15:00","03/06/2017","19:02:47","présence","Regulus satrapa","species","Golden-crowned kinglet","Roitelet à couronne dorée","Animalia","Chordata","Aves","Passeriformes","Regulidae","Regulus","Regulus satrapa"
16,46.8707,"19:00:00","19:15:00","03/06/2017","19:04:25","présence","Dendroica magnolia","species","Magnolia warbler","Paruline à tête cendrée","Animalia","Chordata","Aves","Passeriformes","Parulidae","Dendroica","Dendroica magnolia"
16,46.8707,"19:00:00","19:15:00","03/06/2017","19:04:11","présence","Dendroica magnolia","species","Magnolia warbler","Paruline à tête cendrée","Animalia","Chordata","Aves","Passeriformes","Parulidae","Dendroica","Dendroica magnolia"
16,46.8707,"19:00:00","19:15:00","03/06/2017","19:01:24","présence","Parula americana","species","Northern parula","Paruline à collier","Animalia","Chordata","Aves","Passeriformes","Parulidae","Parula","Parula americana"
16,46.8707,"19:00:00","19:15:00","03/06/2017","19:01:22","présence","Seiurus aurocapilla","species","Ovenbird","Paruline couronnée","Animalia","Chordata","Aves","Passeriformes","Parulidae","Seiurus","Seiurus aurocapilla"
16,46.8707,"19:00:00","19:15:00","03/06/2017","19:00:13","présence","Sitta canadensis","species","Red-breasted nuthatch","Sittelle à poitrine rousse","Animalia","Chordata","Aves","Passeriformes","Sittidae","Sitta","Sitta canadensis"
16,46.8707,"19:00:00","19:15:00","03/06/2017","19:14:11","présence","Catharus ustulatus","species","Swainson's thrush","Grive à dos olive","Animalia","Chordata","Aves","Passeriformes","Turdidae","Catharus","Catharus ustulatus"
16,46.8707,"19:00:00","19:15:00","03/06/2017","19:10:52","présence","Zonotrichia albicollis","species","White-throated sparrow","Bruant à gorge blanche","Animalia","Chordata","Aves","Passeriformes","Passerellidae","Zonotrichia","Zonotrichia albicollis"
16,46.8707,"19:00:00","19:15:00","03/06/2017","19:02:06","présence","Dendroica coronata","species","Yellow-rumped warbler","Paruline à croupion jaune","Animalia","Chordata","Aves","Passeriformes","Parulidae","Dendroica","Dendroica coronata"
16,46.8707,"19:00:00","19:15:00","03/06/2017","19:01:06","présence","Dendroica coronata","species","Yellow-rumped warbler","Paruline à croupion jaune","Animalia","Chordata","Aves","Passeriformes","Parulidae","Dendroica","Dendroica coronata"
16,46.8707,"20:00:00","20:15:00","03/06/2017","20:04:03","présence","Turdus migratorius","species","American robin","Merle d'amérique","Animalia","Chordata","Aves","Passeriformes","Turdidae","Turdus","Turdus migratorius"
16,46.8707,"20:00:00","20:15:00","03/06/2017","20:00:00","présence","Vireo solitarius","species","Blue-headed vireo","Viréo à tête bleue","Animalia","Chordata","Aves","Passeriformes","Vireonidae","Vireo","Vireo solitarius"
16,46.8707,"20:00:00","20:15:00","03/06/2017","20:00:43","présence","Dendroica fusca","species","Blackburnian warbler","Paruline à gorge orangée","Animalia","Chordata","Aves","Passeriformes","Parulidae","Dendroica","Dendroica fusca"
16,46.8707,"20:00:00","20:15:00","03/06/2017","20:00:04","présence","Dendroica fusca","species","Blackburnian warbler","Paruline à gorge orangée","Animalia","Chordata","Aves","Passeriformes","Parulidae","Dendroica","Dendroica fusca"
16,46.8707,"20:00:00","20:15:00","03/06/2017","20:02:46","présence","Dendroica caerulescens","species","Black-throated blue warbler","Paruline","Animalia","Chordata","Aves","Passeriformes","Parulidae","Dendroica","Dendroica caerulescens"
16,46.8707,"20:00:00","20:15:00","03/06/2017","20:00:24","présence","Dendroica virens","species","Black-throated green warbler","Paruline à gorge noire","Animalia","Chordata","Aves","Passeriformes","Parulidae","Dendroica","Dendroica virens"
16,46.8707,"20:00:00","20:15:00","03/06/2017","20:07:05","présence","Quiscalus quiscula","species","Common grackle","Quiscale bronzé","Animalia","Chordata","Aves","Passeriformes","Icteridae","Quiscalus","Quiscalus quiscula"
16,46.8707,"20:00:00","20:15:00","03/06/2017","20:03:50","présence","Quiscalus quiscula","species","Common grackle","Quiscale bronzé","Animalia","Chordata","Aves","Passeriformes","Icteridae","Quiscalus","Quiscalus quiscula"
16,46.8707,"20:00:00","20:15:00","03/06/2017","20:12:27","présence","Gavia immer","species","Common loon","Plongeon huard","Animalia","Chordata","Aves","Gaviiformes","Gaviidae","Gavia","Gavia immer"
16,46.8707,"20:00:00","20:15:00","03/06/2017","20:07:10","présence","Bubo virginianus","species","Great horned owl","Grand-duc d'amérique","Animalia","Chordata","Aves","Strigiformes","Strigidae","Bubo","Bubo virginianus"
16,46.8707,"20:00:00","20:15:00","03/06/2017","20:02:49","présence","Seiurus aurocapilla","species","Ovenbird","Paruline couronnée","Animalia","Chordata","Aves","Passeriformes","Parulidae","Seiurus","Seiurus aurocapilla"
16,46.8707,"20:00:00","20:15:00","03/06/2017","20:01:19","présence","Sitta canadensis","species","Red-breasted nuthatch","Sittelle à poitrine rousse","Animalia","Chordata","Aves","Passeriformes","Sittidae","Sitta","Sitta canadensis"
16,46.8707,"20:00:00","20:15:00","03/06/2017","20:00:04","présence","Catharus ustulatus","species","Swainson's thrush","Grive à dos olive","Animalia","Chordata","Aves","Passeriformes","Turdidae","Catharus","Catharus ustulatus"
16,46.8707,"20:00:00","20:15:00","03/06/2017","20:10:39","présence","Zonotrichia albicollis","species","White-throated sparrow","Bruant à gorge blanche","Animalia","Chordata","Aves","Passeriformes","Passerellidae","Zonotrichia","Zonotrichia albicollis"
16,46.8707,"20:00:00","20:15:00","03/06/2017","20:01:03","présence","Zonotrichia albicollis","species","White-throated sparrow","Bruant à gorge blanche","Animalia","Chordata","Aves","Passeriformes","Passerellidae","Zonotrichia","Zonotrichia albicollis"
16,46.8707,"20:00:00","20:15:00","03/06/2017","20:11:43","présence","Sphyrapicus varius","species","Yellow-bellied sapsucker","Pic maculé","Animalia","Chordata","Aves","Piciformes","Picidae","Sphyrapicus","Sphyrapicus varius"
16,46.8707,"20:00:00","20:15:00","03/06/2017","20:00:34","présence","Dendroica coronata","species","Yellow-rumped warbler","Paruline à croupion jaune","Animalia","Chordata","Aves","Passeriformes","Parulidae","Dendroica","Dendroica coronata"
16,46.8707,"21:00:00","21:15:00","03/06/2017","21:07:25","présence","Anatidae","family","Ducks","Canards","Animalia","Chordata","Aves","Anseriformes","Anatidae","NULL","NULL"
16,46.8707,"21:00:00","21:15:00","03/06/2017","21:03:25","présence","Anatidae","family","Ducks","Canards","Animalia","Chordata","Aves","Anseriformes","Anatidae","NULL","NULL"
16,46.8707,"21:00:00","21:15:00","03/06/2017","21:08:07","présence","Catharus ustulatus","species","Swainson's thrush","Grive à dos olive","Animalia","Chordata","Aves","Passeriformes","Turdidae","Catharus","Catharus ustulatus"
16,46.8707,"22:00:00","22:15:00","03/06/2017","22:02:59","présence","Passeriformes","order","Perching birds","Passereaux","Animalia","Chordata","Aves","Passeriformes","NULL","NULL","NULL"
16,46.8707,"22:00:00","22:15:00","03/06/2017","22:03:35","présence","Zonotrichia albicollis","species","White-throated sparrow","Bruant à gorge blanche","Animalia","Chordata","Aves","Passeriformes","Passerellidae","Zonotrichia","Zonotrichia albicollis"
