"site_id","lat","time_start","time_finish","date_obs","time_obs","variable","valid_scientific_name","rank","vernacular_en","vernacular_fr","kingdom","phylum","class","order","family","genus","species"
157,49.0058,"06:00:00","06:15:00","2019-06-15","06:00:06","présence","Empidonax alnorum","species","Alder flycatcher","Moucherolle des aulnes","Animalia","Chordata","Aves","Passeriformes","Tyrannidae","Empidonax","Empidonax alnorum"
157,49.0058,"06:00:00","06:15:00","2019-06-15","06:01:03","présence","Dendroica striata","species","Blackpoll warbler","Paruline rayée","Animalia","Chordata","Aves","Passeriformes","Parulidae","Dendroica","Dendroica striata"
157,49.0058,"06:00:00","06:15:00","2019-06-15","06:06:09","présence","Gavia immer","species","Common loon","Plongeon huard","Animalia","Chordata","Aves","Gaviiformes","Gaviidae","Gavia","Gavia immer"
157,49.0058,"06:00:00","06:15:00","2019-06-15","06:04:41","présence","Gavia immer","species","Common loon","Plongeon huard","Animalia","Chordata","Aves","Gaviiformes","Gaviidae","Gavia","Gavia immer"
157,49.0058,"06:00:00","06:15:00","2019-06-15","06:00:58","présence","Catharus guttatus","species","Hermit thrush","Grive solitaire","Animalia","Chordata","Aves","Passeriformes","Turdidae","Catharus","Catharus guttatus"
157,49.0058,"06:00:00","06:15:00","2019-06-15","06:09:31","présence","Melospiza lincolnii","species","Lincoln's sparrow","Bruant de lincoln","Animalia","Chordata","Aves","Passeriformes","Passerellidae","Melospiza","Melospiza lincolnii"
157,49.0058,"06:00:00","06:15:00","2019-06-15","06:01:00","présence","Melospiza lincolnii","species","Lincoln's sparrow","Bruant de lincoln","Animalia","Chordata","Aves","Passeriformes","Passerellidae","Melospiza","Melospiza lincolnii"
157,49.0058,"06:00:00","06:15:00","2019-06-15","06:01:30","présence","Dendroica magnolia","species","Magnolia warbler","Paruline à tête cendrée","Animalia","Chordata","Aves","Passeriformes","Parulidae","Dendroica","Dendroica magnolia"
157,49.0058,"06:00:00","06:15:00","2019-06-15","06:00:57","présence","Dendroica magnolia","species","Magnolia warbler","Paruline à tête cendrée","Animalia","Chordata","Aves","Passeriformes","Parulidae","Dendroica","Dendroica magnolia"
157,49.0058,"06:00:00","06:15:00","2019-06-15","06:00:13","présence","Regulus calendula","species","Ruby-crowned kinglet","Roitelet à couronne rubis","Animalia","Chordata","Aves","Passeriformes","Regulidae","Regulus","Regulus calendula"
157,49.0058,"06:00:00","06:15:00","2019-06-15","06:14:31","présence","Melospiza georgiana","species","Swamp sparrow","Bruant des marais","Animalia","Chordata","Aves","Passeriformes","Passerellidae","Melospiza","Melospiza georgiana"
157,49.0058,"06:00:00","06:15:00","2019-06-15","06:01:52","présence","Melospiza georgiana","species","Swamp sparrow","Bruant des marais","Animalia","Chordata","Aves","Passeriformes","Passerellidae","Melospiza","Melospiza georgiana"
157,49.0058,"06:00:00","06:15:00","2019-06-15","06:03:06","présence","Catharus ustulatus","species","Swainson's thrush","Grive à dos olive","Animalia","Chordata","Aves","Passeriformes","Turdidae","Catharus","Catharus ustulatus"
157,49.0058,"06:00:00","06:15:00","2019-06-15","06:00:06","présence","Zonotrichia albicollis","species","White-throated sparrow","Bruant à gorge blanche","Animalia","Chordata","Aves","Passeriformes","Passerellidae","Zonotrichia","Zonotrichia albicollis"
157,49.0058,"06:00:00","06:15:00","2019-06-15","06:02:38","présence","Dendroica coronata","species","Yellow-rumped warbler","Paruline à croupion jaune","Animalia","Chordata","Aves","Passeriformes","Parulidae","Dendroica","Dendroica coronata"
157,49.0058,"06:00:00","06:15:00","2019-06-15","06:01:44","présence","Dendroica coronata","species","Yellow-rumped warbler","Paruline à croupion jaune","Animalia","Chordata","Aves","Passeriformes","Parulidae","Dendroica","Dendroica coronata"
157,49.0058,"06:00:00","06:15:00","2019-06-15","06:00:02","présence","Dendroica coronata","species","Yellow-rumped warbler","Paruline à croupion jaune","Animalia","Chordata","Aves","Passeriformes","Parulidae","Dendroica","Dendroica coronata"
157,49.0058,"08:00:00","08:03:00","2019-06-15","08:00:59","présence","Empidonax alnorum","species","Alder flycatcher","Moucherolle des aulnes","Animalia","Chordata","Aves","Passeriformes","Tyrannidae","Empidonax","Empidonax alnorum"
157,49.0058,"08:00:00","08:03:00","2019-06-15","08:00:00","présence","Dendroica striata","species","Blackpoll warbler","Paruline rayée","Animalia","Chordata","Aves","Passeriformes","Parulidae","Dendroica","Dendroica striata"
157,49.0058,"08:00:00","08:03:00","2019-06-15","08:00:42","présence","Junco hyemalis","species","Dark-eyed junco","Junco ardoisé","Animalia","Chordata","Aves","Passeriformes","Passerellidae","Junco","Junco hyemalis"
157,49.0058,"08:00:00","08:03:00","2019-06-15","08:01:51","présence","Melospiza lincolnii","species","Lincoln's sparrow","Bruant de lincoln","Animalia","Chordata","Aves","Passeriformes","Passerellidae","Melospiza","Melospiza lincolnii"
157,49.0058,"08:00:00","08:03:00","2019-06-15","08:00:00","présence","Dendroica magnolia","species","Magnolia warbler","Paruline à tête cendrée","Animalia","Chordata","Aves","Passeriformes","Parulidae","Dendroica","Dendroica magnolia"
157,49.0058,"08:00:00","08:03:00","2019-06-15","08:00:03","présence","Dendroica magnolia","species","Magnolia warbler","Paruline à tête cendrée","Animalia","Chordata","Aves","Passeriformes","Parulidae","Dendroica","Dendroica magnolia"
157,49.0058,"08:00:00","08:03:00","2019-06-15","08:00:09","présence","Leiothlypis ruficapilla","species","Nashville warbler","Paruline à joues grises","Animalia","Chordata","Aves","Passeriformes","Parulidae","Leiothlypis","Leiothlypis ruficapilla"
157,49.0058,"08:00:00","08:03:00","2019-06-15","08:00:11","présence","Regulus calendula","species","Ruby-crowned kinglet","Roitelet à couronne rubis","Animalia","Chordata","Aves","Passeriformes","Regulidae","Regulus","Regulus calendula"
157,49.0058,"08:00:00","08:03:00","2019-06-15","08:00:02","présence","Regulus calendula","species","Ruby-crowned kinglet","Roitelet à couronne rubis","Animalia","Chordata","Aves","Passeriformes","Regulidae","Regulus","Regulus calendula"
157,49.0058,"08:00:00","08:03:00","2019-06-15","08:01:56","présence","Euphagus carolinus","species","Rusty blackbird","Quiscale rouilleux","Animalia","Chordata","Aves","Passeriformes","Icteridae","Euphagus","Euphagus carolinus"
157,49.0058,"08:00:00","08:03:00","2019-06-15","08:00:39","présence","Catharus ustulatus","species","Swainson's thrush","Grive à dos olive","Animalia","Chordata","Aves","Passeriformes","Turdidae","Catharus","Catharus ustulatus"
157,49.0058,"08:00:00","08:03:00","2019-06-15","08:00:00","présence","Zonotrichia albicollis","species","White-throated sparrow","Bruant à gorge blanche","Animalia","Chordata","Aves","Passeriformes","Passerellidae","Zonotrichia","Zonotrichia albicollis"
157,49.0058,"08:00:00","08:03:00","2019-06-15","08:00:07","présence","Zonotrichia albicollis","species","White-throated sparrow","Bruant à gorge blanche","Animalia","Chordata","Aves","Passeriformes","Passerellidae","Zonotrichia","Zonotrichia albicollis"
157,49.0058,"08:00:00","08:03:00","2019-06-15","08:00:09","présence","Zonotrichia albicollis","species","White-throated sparrow","Bruant à gorge blanche","Animalia","Chordata","Aves","Passeriformes","Passerellidae","Zonotrichia","Zonotrichia albicollis"
157,49.0058,"08:00:00","08:03:00","2019-06-15","08:00:02","présence","Dendroica coronata","species","Yellow-rumped warbler","Paruline à croupion jaune","Animalia","Chordata","Aves","Passeriformes","Parulidae","Dendroica","Dendroica coronata"
157,49.0058,"08:00:00","08:03:00","2019-06-15","08:00:08","présence","Dendroica coronata","species","Yellow-rumped warbler","Paruline à croupion jaune","Animalia","Chordata","Aves","Passeriformes","Parulidae","Dendroica","Dendroica coronata"
157,49.0058,"08:00:00","08:03:00","2019-06-15","08:00:10","présence","Dendroica coronata","species","Yellow-rumped warbler","Paruline à croupion jaune","Animalia","Chordata","Aves","Passeriformes","Parulidae","Dendroica","Dendroica coronata"
157,49.0058,"21:00:00","21:03:00","2019-06-15","21:00:04","présence","Catharus guttatus","species","Hermit thrush","Grive solitaire","Animalia","Chordata","Aves","Passeriformes","Turdidae","Catharus","Catharus guttatus"
157,49.0058,"21:00:00","21:03:00","2019-06-15","21:02:23","présence","Passerculus sandwichensis","species","Savannah sparrow","Bruant des prés","Animalia","Chordata","Aves","Passeriformes","Passerellidae","Passerculus","Passerculus sandwichensis"
157,49.0058,"21:00:00","21:03:00","2019-06-15","21:02:54","présence","Melospiza georgiana","species","Swamp sparrow","Bruant des marais","Animalia","Chordata","Aves","Passeriformes","Passerellidae","Melospiza","Melospiza georgiana"
157,49.0058,"21:00:00","21:03:00","2019-06-15","21:00:03","présence","Catharus ustulatus","species","Swainson's thrush","Grive à dos olive","Animalia","Chordata","Aves","Passeriformes","Turdidae","Catharus","Catharus ustulatus"
157,49.0058,"21:00:00","21:03:00","2019-06-15","21:00:00","présence","Zonotrichia albicollis","species","White-throated sparrow","Bruant à gorge blanche","Animalia","Chordata","Aves","Passeriformes","Passerellidae","Zonotrichia","Zonotrichia albicollis"
157,49.0058,"21:00:00","21:03:00","2019-06-15","21:00:06","présence","Zonotrichia albicollis","species","White-throated sparrow","Bruant à gorge blanche","Animalia","Chordata","Aves","Passeriformes","Passerellidae","Zonotrichia","Zonotrichia albicollis"
157,49.0058,"21:00:00","21:03:00","2019-06-15","21:00:20","présence","Zonotrichia albicollis","species","White-throated sparrow","Bruant à gorge blanche","Animalia","Chordata","Aves","Passeriformes","Passerellidae","Zonotrichia","Zonotrichia albicollis"
157,49.0058,"21:00:00","21:03:00","2019-06-15","21:00:16","présence","Zonotrichia albicollis","species","White-throated sparrow","Bruant à gorge blanche","Animalia","Chordata","Aves","Passeriformes","Passerellidae","Zonotrichia","Zonotrichia albicollis"
157,49.0058,"21:00:00","21:03:00","2019-06-15","21:00:19","présence","Empidonax flaviventris","species","Yellow-bellied flycatcher","Moucherolle à ventre jaune","Animalia","Chordata","Aves","Passeriformes","Tyrannidae","Empidonax","Empidonax flaviventris"
