"site_id","lat","time_start","time_finish","date_obs","time_obs","variable","valid_scientific_name","rank","vernacular_en","vernacular_fr","kingdom","phylum","class","order","family","genus","species"
149,48.4878,"08:00:00","08:03:00","2019-05-31","08:02:52","présence","Parus hudsonicus","species","Boreal chickadee","Mésange à tête brune","Animalia","Chordata","Aves","Passeriformes","Paridae","Parus","Parus hudsonicus"
149,48.4878,"08:00:00","08:03:00","2019-05-31","08:00:16","présence","Certhia americana","species","Brown creeper","Grimpereau brun","Animalia","Chordata","Aves","Passeriformes","Certhiidae","Certhia","Certhia americana"
149,48.4878,"08:00:00","08:03:00","2019-05-31","08:00:10","présence","Quiscalus quiscula","species","Common grackle","Quiscale bronzé","Animalia","Chordata","Aves","Passeriformes","Icteridae","Quiscalus","Quiscalus quiscula"
149,48.4878,"08:00:00","08:03:00","2019-05-31","08:00:48","présence","Coccothraustes vespertinus","species","Evening grosbeak","Gros-bec errant","Animalia","Chordata","Aves","Passeriformes","Fringillidae","Coccothraustes","Coccothraustes vespertinus"
149,48.4878,"08:00:00","08:03:00","2019-05-31","08:00:40","présence","Colaptes auratus","species","Northern flicker","Pic flamboyant","Animalia","Chordata","Aves","Piciformes","Picidae","Colaptes","Colaptes auratus"
149,48.4878,"08:00:00","08:03:00","2019-05-31","08:00:15","présence","Regulus calendula","species","Ruby-crowned kinglet","Roitelet à couronne rubis","Animalia","Chordata","Aves","Passeriformes","Regulidae","Regulus","Regulus calendula"
149,48.4878,"08:00:00","08:03:00","2019-05-31","08:00:06","présence","Regulus calendula","species","Ruby-crowned kinglet","Roitelet à couronne rubis","Animalia","Chordata","Aves","Passeriformes","Regulidae","Regulus","Regulus calendula"
149,48.4878,"08:00:00","08:03:00","2019-05-31","08:01:30","présence","Zonotrichia albicollis","species","White-throated sparrow","Bruant à gorge blanche","Animalia","Chordata","Aves","Passeriformes","Passerellidae","Zonotrichia","Zonotrichia albicollis"
149,48.4878,"08:00:00","08:03:00","2019-05-31","08:02:49","présence","Dendroica coronata","species","Yellow-rumped warbler","Paruline à croupion jaune","Animalia","Chordata","Aves","Passeriformes","Parulidae","Dendroica","Dendroica coronata"
