"site_id","lat","time_start","time_finish","date_obs","time_obs","variable","valid_scientific_name","rank","vernacular_en","vernacular_fr","kingdom","phylum","class","order","family","genus","species"
165,48.1079,"06:00:00","06:15:00","2019-06-18","06:00:00","présence","Setophaga ruticilla","species","American redstart","Paruline flamboyante","Animalia","Chordata","Aves","Passeriformes","Parulidae","Setophaga","Setophaga ruticilla"
165,48.1079,"06:00:00","06:15:00","2019-06-18","06:04:38","présence","Mniotilta varia","species","Black-and-white warbler","Paruline noir et blanc","Animalia","Chordata","Aves","Passeriformes","Parulidae","Mniotilta","Mniotilta varia"
165,48.1079,"06:00:00","06:15:00","2019-06-18","06:11:37","présence","Cyanocitta cristata","species","Blue jay","Geai bleu","Animalia","Chordata","Aves","Passeriformes","Corvidae","Cyanocitta","Cyanocitta cristata"
165,48.1079,"06:00:00","06:15:00","2019-06-18","06:06:48","présence","Dendroica caerulescens","species","Black-throated blue warbler","Paruline","Animalia","Chordata","Aves","Passeriformes","Parulidae","Dendroica","Dendroica caerulescens"
165,48.1079,"06:00:00","06:15:00","2019-06-18","06:08:53","présence","Corvus corax","species","Common raven","Grand corbeau","Animalia","Chordata","Aves","Passeriformes","Corvidae","Corvus","Corvus corax"
165,48.1079,"06:00:00","06:15:00","2019-06-18","06:01:19","présence","Corvus corax","species","Common raven","Grand corbeau","Animalia","Chordata","Aves","Passeriformes","Corvidae","Corvus","Corvus corax"
165,48.1079,"06:00:00","06:15:00","2019-06-18","06:10:18","présence","Geothlypis trichas","species","Common yellowthroat","Paruline masquée","Animalia","Chordata","Aves","Passeriformes","Parulidae","Geothlypis","Geothlypis trichas"
165,48.1079,"06:00:00","06:15:00","2019-06-18","06:04:58","présence","Regulus satrapa","species","Golden-crowned kinglet","Roitelet à couronne dorée","Animalia","Chordata","Aves","Passeriformes","Regulidae","Regulus","Regulus satrapa"
165,48.1079,"06:00:00","06:15:00","2019-06-18","06:07:56","présence","Dendroica magnolia","species","Magnolia warbler","Paruline à tête cendrée","Animalia","Chordata","Aves","Passeriformes","Parulidae","Dendroica","Dendroica magnolia"
165,48.1079,"06:00:00","06:15:00","2019-06-18","06:03:09","présence","Leiothlypis ruficapilla","species","Nashville warbler","Paruline à joues grises","Animalia","Chordata","Aves","Passeriformes","Parulidae","Leiothlypis","Leiothlypis ruficapilla"
165,48.1079,"06:00:00","06:15:00","2019-06-18","06:07:26","présence","Parula americana","species","Northern parula","Paruline à collier","Animalia","Chordata","Aves","Passeriformes","Parulidae","Parula","Parula americana"
165,48.1079,"06:00:00","06:15:00","2019-06-18","06:11:08","présence","Seiurus aurocapilla","species","Ovenbird","Paruline couronnée","Animalia","Chordata","Aves","Passeriformes","Parulidae","Seiurus","Seiurus aurocapilla"
165,48.1079,"06:00:00","06:15:00","2019-06-18","06:02:37","présence","Seiurus aurocapilla","species","Ovenbird","Paruline couronnée","Animalia","Chordata","Aves","Passeriformes","Parulidae","Seiurus","Seiurus aurocapilla"
165,48.1079,"06:00:00","06:15:00","2019-06-18","06:10:32","présence","Sitta canadensis","species","Red-breasted nuthatch","Sittelle à poitrine rousse","Animalia","Chordata","Aves","Passeriformes","Sittidae","Sitta","Sitta canadensis"
165,48.1079,"06:00:00","06:15:00","2019-06-18","06:04:47","présence","Regulus calendula","species","Ruby-crowned kinglet","Roitelet à couronne rubis","Animalia","Chordata","Aves","Passeriformes","Regulidae","Regulus","Regulus calendula"
165,48.1079,"06:00:00","06:15:00","2019-06-18","06:03:15","présence","Regulus calendula","species","Ruby-crowned kinglet","Roitelet à couronne rubis","Animalia","Chordata","Aves","Passeriformes","Regulidae","Regulus","Regulus calendula"
165,48.1079,"06:00:00","06:15:00","2019-06-18","06:14:20","présence","Vireo olivaceus","species","Red-eyed vireo","Viréo aux yeux rouges","Animalia","Chordata","Aves","Passeriformes","Vireonidae","Vireo","Vireo olivaceus"
165,48.1079,"06:00:00","06:15:00","2019-06-18","06:06:03","présence","Vireo olivaceus","species","Red-eyed vireo","Viréo aux yeux rouges","Animalia","Chordata","Aves","Passeriformes","Vireonidae","Vireo","Vireo olivaceus"
165,48.1079,"06:00:00","06:15:00","2019-06-18","06:07:44","présence","Catharus ustulatus","species","Swainson's thrush","Grive à dos olive","Animalia","Chordata","Aves","Passeriformes","Turdidae","Catharus","Catharus ustulatus"
165,48.1079,"06:00:00","06:15:00","2019-06-18","06:01:43","présence","Catharus fuscescens","species","Veery","Grive fauve","Animalia","Chordata","Aves","Passeriformes","Turdidae","Catharus","Catharus fuscescens"
165,48.1079,"06:00:00","06:15:00","2019-06-18","06:11:25","présence","Zonotrichia albicollis","species","White-throated sparrow","Bruant à gorge blanche","Animalia","Chordata","Aves","Passeriformes","Passerellidae","Zonotrichia","Zonotrichia albicollis"
165,48.1079,"06:00:00","06:15:00","2019-06-18","06:01:35","présence","Zonotrichia albicollis","species","White-throated sparrow","Bruant à gorge blanche","Animalia","Chordata","Aves","Passeriformes","Passerellidae","Zonotrichia","Zonotrichia albicollis"
165,48.1079,"06:00:00","06:15:00","2019-06-18","06:01:05","présence","Loxia leucoptera","species","Two-barred crossbill","Bec-croisé bifascié","Animalia","Chordata","Aves","Passeriformes","Fringillidae","Loxia","Loxia leucoptera"
165,48.1079,"06:00:00","06:15:00","2019-06-18","06:02:51","présence","Sphyrapicus varius","species","Yellow-bellied sapsucker","Pic maculé","Animalia","Chordata","Aves","Piciformes","Picidae","Sphyrapicus","Sphyrapicus varius"
165,48.1079,"06:00:00","06:15:00","2019-06-18","06:05:14","présence","Dendroica coronata","species","Yellow-rumped warbler","Paruline à croupion jaune","Animalia","Chordata","Aves","Passeriformes","Parulidae","Dendroica","Dendroica coronata"
165,48.1079,"06:00:00","06:15:00","2019-06-18","06:00:41","présence","Dryobates pubescens","species","NULL","NULL","Animalia","Chordata","Aves","Piciformes","Picidae","Dryobates","Dryobates pubescens"
165,48.1079,"07:00:00","07:03:00","2019-06-18","07:00:16","présence","Dendroica caerulescens","species","Black-throated blue warbler","Paruline","Animalia","Chordata","Aves","Passeriformes","Parulidae","Dendroica","Dendroica caerulescens"
165,48.1079,"07:00:00","07:03:00","2019-06-18","07:00:54","présence","Perisoreus canadensis","species","Gray jay","Mésangeai du Canada","Animalia","Chordata","Aves","Passeriformes","Corvidae","Perisoreus","Perisoreus canadensis"
165,48.1079,"07:00:00","07:03:00","2019-06-18","07:00:03","présence","Leiothlypis ruficapilla","species","Nashville warbler","Paruline à joues grises","Animalia","Chordata","Aves","Passeriformes","Parulidae","Leiothlypis","Leiothlypis ruficapilla"
165,48.1079,"07:00:00","07:03:00","2019-06-18","07:00:02","présence","Parula americana","species","Northern parula","Paruline à collier","Animalia","Chordata","Aves","Passeriformes","Parulidae","Parula","Parula americana"
165,48.1079,"07:00:00","07:03:00","2019-06-18","07:00:16","présence","Seiurus aurocapilla","species","Ovenbird","Paruline couronnée","Animalia","Chordata","Aves","Passeriformes","Parulidae","Seiurus","Seiurus aurocapilla"
165,48.1079,"07:00:00","07:03:00","2019-06-18","07:00:09","présence","Seiurus aurocapilla","species","Ovenbird","Paruline couronnée","Animalia","Chordata","Aves","Passeriformes","Parulidae","Seiurus","Seiurus aurocapilla"
165,48.1079,"07:00:00","07:03:00","2019-06-18","07:00:01","présence","Regulus calendula","species","Ruby-crowned kinglet","Roitelet à couronne rubis","Animalia","Chordata","Aves","Passeriformes","Regulidae","Regulus","Regulus calendula"
165,48.1079,"07:00:00","07:03:00","2019-06-18","07:00:16","présence","Catharus ustulatus","species","Swainson's thrush","Grive à dos olive","Animalia","Chordata","Aves","Passeriformes","Turdidae","Catharus","Catharus ustulatus"
165,48.1079,"07:00:00","07:03:00","2019-06-18","07:00:00","présence","Catharus fuscescens","species","Veery","Grive fauve","Animalia","Chordata","Aves","Passeriformes","Turdidae","Catharus","Catharus fuscescens"
165,48.1079,"07:00:00","07:03:00","2019-06-18","07:00:18","présence","Sphyrapicus varius","species","Yellow-bellied sapsucker","Pic maculé","Animalia","Chordata","Aves","Piciformes","Picidae","Sphyrapicus","Sphyrapicus varius"
165,48.1079,"07:00:00","07:03:00","2019-06-18","07:00:25","présence","Vireo","genus","NULL","NULL","Animalia","Chordata","Aves","Passeriformes","Vireonidae","Vireo","NULL"
165,48.1079,"20:00:00","20:03:00","2019-06-18","20:00:33","présence","Mniotilta varia","species","Black-and-white warbler","Paruline noir et blanc","Animalia","Chordata","Aves","Passeriformes","Parulidae","Mniotilta","Mniotilta varia"
165,48.1079,"20:00:00","20:03:00","2019-06-18","20:00:12","présence","Vireo olivaceus","species","Red-eyed vireo","Viréo aux yeux rouges","Animalia","Chordata","Aves","Passeriformes","Vireonidae","Vireo","Vireo olivaceus"
165,48.1079,"20:00:00","20:03:00","2019-06-18","20:00:02","présence","Catharus fuscescens","species","Veery","Grive fauve","Animalia","Chordata","Aves","Passeriformes","Turdidae","Catharus","Catharus fuscescens"
165,48.1079,"20:00:00","20:03:00","2019-06-18","20:00:09","présence","Catharus fuscescens","species","Veery","Grive fauve","Animalia","Chordata","Aves","Passeriformes","Turdidae","Catharus","Catharus fuscescens"
165,48.1079,"20:00:00","20:03:00","2019-06-18","20:01:18","présence","Catharus fuscescens","species","Veery","Grive fauve","Animalia","Chordata","Aves","Passeriformes","Turdidae","Catharus","Catharus fuscescens"
