"site_id","lat","time_start","time_finish","date_obs","time_obs","variable","valid_scientific_name","rank","vernacular_en","vernacular_fr","kingdom","phylum","class","order","family","genus","species"
157,49.0058,"08:00:00","08:03:00","2019-06-07","08:01:04","présence","Dendroica tigrina","species","Cape may warbler","Paruline tigrée","Animalia","Chordata","Aves","Passeriformes","Parulidae","Dendroica","Dendroica tigrina"
157,49.0058,"08:00:00","08:03:00","2019-06-07","08:01:56","présence","Regulus calendula","species","Ruby-crowned kinglet","Roitelet à couronne rubis","Animalia","Chordata","Aves","Passeriformes","Regulidae","Regulus","Regulus calendula"
157,49.0058,"08:00:00","08:03:00","2019-06-07","08:00:54","présence","Tachycineta bicolor","species","Tree swallow","Hirondelle bicolore","Animalia","Chordata","Aves","Passeriformes","Hirundinidae","Tachycineta","Tachycineta bicolor"
157,49.0058,"08:00:00","08:03:00","2019-06-07","08:02:44","présence","Dendroica coronata","species","Yellow-rumped warbler","Paruline à croupion jaune","Animalia","Chordata","Aves","Passeriformes","Parulidae","Dendroica","Dendroica coronata"
157,49.0058,"20:00:00","20:03:00","2019-06-07","20:00:28","présence","Regulus calendula","species","Ruby-crowned kinglet","Roitelet à couronne rubis","Animalia","Chordata","Aves","Passeriformes","Regulidae","Regulus","Regulus calendula"
157,49.0058,"20:00:00","20:03:00","2019-06-07","20:00:12","présence","Zonotrichia albicollis","species","White-throated sparrow","Bruant à gorge blanche","Animalia","Chordata","Aves","Passeriformes","Passerellidae","Zonotrichia","Zonotrichia albicollis"
157,49.0058,"23:00:00","23:03:00","2019-06-07","23:00:21","présence","Bubo virginianus","species","Great horned owl","Grand-duc d'amérique","Animalia","Chordata","Aves","Strigiformes","Strigidae","Bubo","Bubo virginianus"
