"site_id","lat","time_start","time_finish","date_obs","time_obs","variable","valid_scientific_name","rank","vernacular_en","vernacular_fr","kingdom","phylum","class","order","family","genus","species"
165,48.1079,"05:00:00","05:15:00","2019-06-06","05:01:40","présence","Dendroica caerulescens","species","Black-throated blue warbler","Paruline","Animalia","Chordata","Aves","Passeriformes","Parulidae","Dendroica","Dendroica caerulescens"
165,48.1079,"05:00:00","05:15:00","2019-06-06","05:00:06","présence","Branta canadensis","species","Canada goose","Bernache du Canada","Animalia","Chordata","Aves","Anseriformes","Anatidae","Branta","Branta canadensis"
165,48.1079,"05:00:00","05:15:00","2019-06-06","05:13:59","présence","Bombycilla cedrorum","species","Cedar waxwing","Jaseur d'amérique","Animalia","Chordata","Aves","Passeriformes","Bombycillidae","Bombycilla","Bombycilla cedrorum"
165,48.1079,"05:00:00","05:15:00","2019-06-06","05:04:26","présence","Geothlypis trichas","species","Common yellowthroat","Paruline masquée","Animalia","Chordata","Aves","Passeriformes","Parulidae","Geothlypis","Geothlypis trichas"
165,48.1079,"05:00:00","05:15:00","2019-06-06","05:00:42","présence","Geothlypis trichas","species","Common yellowthroat","Paruline masquée","Animalia","Chordata","Aves","Passeriformes","Parulidae","Geothlypis","Geothlypis trichas"
165,48.1079,"05:00:00","05:15:00","2019-06-06","05:02:35","présence","Regulus satrapa","species","Golden-crowned kinglet","Roitelet à couronne dorée","Animalia","Chordata","Aves","Passeriformes","Regulidae","Regulus","Regulus satrapa"
165,48.1079,"05:00:00","05:15:00","2019-06-06","05:02:05","présence","Regulus satrapa","species","Golden-crowned kinglet","Roitelet à couronne dorée","Animalia","Chordata","Aves","Passeriformes","Regulidae","Regulus","Regulus satrapa"
165,48.1079,"05:00:00","05:15:00","2019-06-06","05:01:04","présence","Dendroica magnolia","species","Magnolia warbler","Paruline à tête cendrée","Animalia","Chordata","Aves","Passeriformes","Parulidae","Dendroica","Dendroica magnolia"
165,48.1079,"05:00:00","05:15:00","2019-06-06","05:00:21","présence","Leiothlypis ruficapilla","species","Nashville warbler","Paruline à joues grises","Animalia","Chordata","Aves","Passeriformes","Parulidae","Leiothlypis","Leiothlypis ruficapilla"
165,48.1079,"05:00:00","05:15:00","2019-06-06","NULL","présence","Seiurus aurocapilla","species","Ovenbird","Paruline couronnée","Animalia","Chordata","Aves","Passeriformes","Parulidae","Seiurus","Seiurus aurocapilla"
165,48.1079,"05:00:00","05:15:00","2019-06-06","05:10:11","présence","Haemorhous purpureus","species","Purple finch","Roselin pourpré","Animalia","Chordata","Aves","Passeriformes","Fringillidae","Haemorhous","Haemorhous purpureus"
165,48.1079,"05:00:00","05:15:00","2019-06-06","05:03:10","présence","Haemorhous purpureus","species","Purple finch","Roselin pourpré","Animalia","Chordata","Aves","Passeriformes","Fringillidae","Haemorhous","Haemorhous purpureus"
165,48.1079,"05:00:00","05:15:00","2019-06-06","05:00:26","présence","Catharus ustulatus","species","Swainson's thrush","Grive à dos olive","Animalia","Chordata","Aves","Passeriformes","Turdidae","Catharus","Catharus ustulatus"
165,48.1079,"05:00:00","05:15:00","2019-06-06","05:13:14","présence","Leiothlypis peregrina","species","Tennessee warbler","Paruline obscure","Animalia","Chordata","Aves","Passeriformes","Parulidae","Leiothlypis","Leiothlypis peregrina"
165,48.1079,"05:00:00","05:15:00","2019-06-06","05:02:32","présence","Leiothlypis peregrina","species","Tennessee warbler","Paruline obscure","Animalia","Chordata","Aves","Passeriformes","Parulidae","Leiothlypis","Leiothlypis peregrina"
165,48.1079,"05:00:00","05:15:00","2019-06-06","05:07:37","présence","Catharus fuscescens","species","Veery","Grive fauve","Animalia","Chordata","Aves","Passeriformes","Turdidae","Catharus","Catharus fuscescens"
165,48.1079,"05:00:00","05:15:00","2019-06-06","05:07:14","présence","Catharus fuscescens","species","Veery","Grive fauve","Animalia","Chordata","Aves","Passeriformes","Turdidae","Catharus","Catharus fuscescens"
165,48.1079,"05:00:00","05:15:00","2019-06-06","05:03:00","présence","Zonotrichia albicollis","species","White-throated sparrow","Bruant à gorge blanche","Animalia","Chordata","Aves","Passeriformes","Passerellidae","Zonotrichia","Zonotrichia albicollis"
165,48.1079,"05:00:00","05:15:00","2019-06-06","05:03:30","présence","Sphyrapicus varius","species","Yellow-bellied sapsucker","Pic maculé","Animalia","Chordata","Aves","Piciformes","Picidae","Sphyrapicus","Sphyrapicus varius"
165,48.1079,"08:00:00","08:03:00","2019-06-06","08:00:11","présence","Picidae","family","Woodpeckers","Fourmiliers","Animalia","Chordata","Aves","Piciformes","Picidae","NULL","NULL"
165,48.1079,"08:00:00","08:03:00","2019-06-06","08:00:01","présence","Dendroica caerulescens","species","Black-throated blue warbler","Paruline","Animalia","Chordata","Aves","Passeriformes","Parulidae","Dendroica","Dendroica caerulescens"
165,48.1079,"08:00:00","08:03:00","2019-06-06","08:00:00","présence","Dendroica pensylvanica","species","Chestnut-sided warbler","Paruline à flancs marron","Animalia","Chordata","Aves","Passeriformes","Parulidae","Dendroica","Dendroica pensylvanica"
165,48.1079,"08:00:00","08:03:00","2019-06-06","08:00:13","présence","Dendroica pensylvanica","species","Chestnut-sided warbler","Paruline à flancs marron","Animalia","Chordata","Aves","Passeriformes","Parulidae","Dendroica","Dendroica pensylvanica"
165,48.1079,"08:00:00","08:03:00","2019-06-06","08:00:03","présence","Dendroica magnolia","species","Magnolia warbler","Paruline à tête cendrée","Animalia","Chordata","Aves","Passeriformes","Parulidae","Dendroica","Dendroica magnolia"
165,48.1079,"08:00:00","08:03:00","2019-06-06","08:00:12","présence","Leiothlypis ruficapilla","species","Nashville warbler","Paruline à joues grises","Animalia","Chordata","Aves","Passeriformes","Parulidae","Leiothlypis","Leiothlypis ruficapilla"
165,48.1079,"08:00:00","08:03:00","2019-06-06","08:00:04","présence","Seiurus aurocapilla","species","Ovenbird","Paruline couronnée","Animalia","Chordata","Aves","Passeriformes","Parulidae","Seiurus","Seiurus aurocapilla"
165,48.1079,"08:00:00","08:03:00","2019-06-06","08:00:31","présence","Haemorhous purpureus","species","Purple finch","Roselin pourpré","Animalia","Chordata","Aves","Passeriformes","Fringillidae","Haemorhous","Haemorhous purpureus"
165,48.1079,"08:00:00","08:03:00","2019-06-06","08:00:06","présence","Regulus calendula","species","Ruby-crowned kinglet","Roitelet à couronne rubis","Animalia","Chordata","Aves","Passeriformes","Regulidae","Regulus","Regulus calendula"
165,48.1079,"08:00:00","08:03:00","2019-06-06","08:01:21","présence","Catharus ustulatus","species","Swainson's thrush","Grive à dos olive","Animalia","Chordata","Aves","Passeriformes","Turdidae","Catharus","Catharus ustulatus"
165,48.1079,"08:00:00","08:03:00","2019-06-06","08:01:46","présence","Leiothlypis peregrina","species","Tennessee warbler","Paruline obscure","Animalia","Chordata","Aves","Passeriformes","Parulidae","Leiothlypis","Leiothlypis peregrina"
165,48.1079,"08:00:00","08:03:00","2019-06-06","08:01:08","présence","Catharus fuscescens","species","Veery","Grive fauve","Animalia","Chordata","Aves","Passeriformes","Turdidae","Catharus","Catharus fuscescens"
165,48.1079,"08:00:00","08:03:00","2019-06-06","08:02:20","présence","Loxia leucoptera","species","Two-barred crossbill","Bec-croisé bifascié","Animalia","Chordata","Aves","Passeriformes","Fringillidae","Loxia","Loxia leucoptera"
165,48.1079,"08:00:00","08:03:00","2019-06-06","08:01:55","présence","Empidonax flaviventris","species","Yellow-bellied flycatcher","Moucherolle à ventre jaune","Animalia","Chordata","Aves","Passeriformes","Tyrannidae","Empidonax","Empidonax flaviventris"
165,48.1079,"08:00:00","08:03:00","2019-06-06","08:00:04","présence","Sphyrapicus varius","species","Yellow-bellied sapsucker","Pic maculé","Animalia","Chordata","Aves","Piciformes","Picidae","Sphyrapicus","Sphyrapicus varius"
165,48.1079,"08:00:00","08:03:00","2019-06-06","08:00:05","présence","Dendroica coronata","species","Yellow-rumped warbler","Paruline à croupion jaune","Animalia","Chordata","Aves","Passeriformes","Parulidae","Dendroica","Dendroica coronata"
