"site_id","lat","time_start","time_finish","date_obs","time_obs","variable","valid_scientific_name","rank","vernacular_en","vernacular_fr","kingdom","phylum","class","order","family","genus","species"
11,46.8766,"06:00:00","06:15:00","12/05/2017","NULL","présence","Melospiza georgiana","species","Swamp sparrow","Bruant des marais","Animalia","Chordata","Aves","Passeriformes","Passerellidae","Melospiza","Melospiza georgiana"
11,46.8766,"06:00:00","06:15:00","12/05/2017","NULL","présence","Troglodytes hiemalis","species","Animals","Troglodyte des forêts","Animalia","Chordata","Aves","Passeriformes","Troglodytidae","Troglodytes","Troglodytes hiemalis"
11,46.8766,"06:00:00","06:15:00","12/05/2017","NULL","présence","Zonotrichia albicollis","species","White-throated sparrow","Bruant à gorge blanche","Animalia","Chordata","Aves","Passeriformes","Passerellidae","Zonotrichia","Zonotrichia albicollis"
11,46.8766,"06:00:00","06:15:00","12/05/2017","NULL","présence","Dendroica coronata","species","Yellow-rumped warbler","Paruline à croupion jaune","Animalia","Chordata","Aves","Passeriformes","Parulidae","Dendroica","Dendroica coronata"
11,46.8766,"06:00:00","06:15:00","12/05/2017","NULL","présence","Vireo solitarius","species","Blue-headed vireo","Viréo à tête bleue","Animalia","Chordata","Aves","Passeriformes","Vireonidae","Vireo","Vireo solitarius"
11,46.8766,"06:00:00","06:15:00","12/05/2017","NULL","présence","Melospiza lincolnii","species","Lincoln's sparrow","Bruant de lincoln","Animalia","Chordata","Aves","Passeriformes","Passerellidae","Melospiza","Melospiza lincolnii"
11,46.8766,"06:00:00","06:15:00","12/05/2017","NULL","présence","Regulus calendula","species","Ruby-crowned kinglet","Roitelet à couronne rubis","Animalia","Chordata","Aves","Passeriformes","Regulidae","Regulus","Regulus calendula"
