"site_id","lat","time_start","time_finish","date_obs","time_obs","variable","valid_scientific_name","rank","vernacular_en","vernacular_fr","kingdom","phylum","class","order","family","genus","species"
101,49.843,"07:00:00","07:03:00","2018-05-27","07:02:25","présence","Passerellidae","family","American sparrows","Passereaux","Animalia","Chordata","Aves","Passeriformes","Passerellidae","NULL","NULL"
101,49.843,"07:00:00","07:03:00","2018-05-27","07:00:01","présence","Parulidae","family","New world warblers","Passereaux","Animalia","Chordata","Aves","Passeriformes","Parulidae","NULL","NULL"
101,49.843,"07:00:00","07:03:00","2018-05-27","07:00:17","présence","Melospiza lincolnii","species","Lincoln's sparrow","Bruant de lincoln","Animalia","Chordata","Aves","Passeriformes","Passerellidae","Melospiza","Melospiza lincolnii"
101,49.843,"07:00:00","07:03:00","2018-05-27","07:00:13","présence","Regulus calendula","species","Ruby-crowned kinglet","Roitelet à couronne rubis","Animalia","Chordata","Aves","Passeriformes","Regulidae","Regulus","Regulus calendula"
101,49.843,"07:00:00","07:03:00","2018-05-27","07:00:07","présence","Melospiza georgiana","species","Swamp sparrow","Bruant des marais","Animalia","Chordata","Aves","Passeriformes","Passerellidae","Melospiza","Melospiza georgiana"
101,49.843,"07:00:00","07:03:00","2018-05-27","07:00:08","présence","Melospiza georgiana","species","Swamp sparrow","Bruant des marais","Animalia","Chordata","Aves","Passeriformes","Passerellidae","Melospiza","Melospiza georgiana"
101,49.843,"07:00:00","07:03:00","2018-05-27","07:01:03","présence","Cardellina pusilla","species","Wilson's warbler","Paruline à calotte noire","Animalia","Chordata","Aves","Passeriformes","Parulidae","Cardellina","Cardellina pusilla"
101,49.843,"07:00:00","07:03:00","2018-05-27","07:00:00","présence","Zonotrichia albicollis","species","White-throated sparrow","Bruant à gorge blanche","Animalia","Chordata","Aves","Passeriformes","Passerellidae","Zonotrichia","Zonotrichia albicollis"
101,49.843,"07:00:00","07:03:00","2018-05-27","07:00:27","présence","Zonotrichia albicollis","species","White-throated sparrow","Bruant à gorge blanche","Animalia","Chordata","Aves","Passeriformes","Passerellidae","Zonotrichia","Zonotrichia albicollis"
