"site_id","lat","time_start","time_finish","date_obs","time_obs","variable","valid_scientific_name","rank","vernacular_en","vernacular_fr","kingdom","phylum","class","order","family","genus","species"
12,46.8684,"07:00:00","07:03:00","31/05/2017","07:00:00","présence","Empidonax alnorum","species","Alder flycatcher","Moucherolle des aulnes","Animalia","Chordata","Aves","Passeriformes","Tyrannidae","Empidonax","Empidonax alnorum"
12,46.8684,"07:00:00","07:03:00","31/05/2017","07:00:09","présence","Empidonax alnorum","species","Alder flycatcher","Moucherolle des aulnes","Animalia","Chordata","Aves","Passeriformes","Tyrannidae","Empidonax","Empidonax alnorum"
12,46.8684,"07:00:00","07:03:00","31/05/2017","07:00:35","présence","Mniotilta varia","species","Black-and-white warbler","Paruline noir et blanc","Animalia","Chordata","Aves","Passeriformes","Parulidae","Mniotilta","Mniotilta varia"
12,46.8684,"07:00:00","07:03:00","31/05/2017","07:02:44","présence","Dendroica castanea","species","Bay-breasted warbler","Paruline à poitrine baie","Animalia","Chordata","Aves","Passeriformes","Parulidae","Dendroica","Dendroica castanea"
12,46.8684,"07:00:00","07:03:00","31/05/2017","07:00:01","présence","Parus atricapilla","species","Black-capped chickadee","Mésange à tête noire","Animalia","Chordata","Aves","Passeriformes","Paridae","Parus","Parus atricapilla"
12,46.8684,"07:00:00","07:03:00","31/05/2017","07:00:24","présence","Dendroica virens","species","Black-throated green warbler","Paruline à gorge noire","Animalia","Chordata","Aves","Passeriformes","Parulidae","Dendroica","Dendroica virens"
12,46.8684,"07:00:00","07:03:00","31/05/2017","07:00:51","présence","Quiscalus quiscula","species","Common grackle","Quiscale bronzé","Animalia","Chordata","Aves","Passeriformes","Icteridae","Quiscalus","Quiscalus quiscula"
12,46.8684,"07:00:00","07:03:00","31/05/2017","07:01:21","présence","Quiscalus quiscula","species","Common grackle","Quiscale bronzé","Animalia","Chordata","Aves","Passeriformes","Icteridae","Quiscalus","Quiscalus quiscula"
12,46.8684,"07:00:00","07:03:00","31/05/2017","07:00:50","présence","Quiscalus quiscula","species","Common grackle","Quiscale bronzé","Animalia","Chordata","Aves","Passeriformes","Icteridae","Quiscalus","Quiscalus quiscula"
12,46.8684,"07:00:00","07:03:00","31/05/2017","07:01:43","présence","Charadrius vociferus","species","Killdeer","Pluvier kildir","Animalia","Chordata","Aves","Charadriiformes","Charadriidae","Charadrius","Charadrius vociferus"
12,46.8684,"07:00:00","07:03:00","31/05/2017","07:00:12","présence","Dendroica magnolia","species","Magnolia warbler","Paruline à tête cendrée","Animalia","Chordata","Aves","Passeriformes","Parulidae","Dendroica","Dendroica magnolia"
12,46.8684,"07:00:00","07:03:00","31/05/2017","07:00:16","présence","Dendroica magnolia","species","Magnolia warbler","Paruline à tête cendrée","Animalia","Chordata","Aves","Passeriformes","Parulidae","Dendroica","Dendroica magnolia"
12,46.8684,"07:00:00","07:03:00","31/05/2017","07:00:07","présence","Leiothlypis ruficapilla","species","Nashville warbler","Paruline à joues grises","Animalia","Chordata","Aves","Passeriformes","Parulidae","Leiothlypis","Leiothlypis ruficapilla"
12,46.8684,"07:00:00","07:03:00","31/05/2017","07:01:39","présence","Bonasa umbellus","species","Ruffed grouse","Gélinotte huppée","Animalia","Chordata","Aves","Galliformes","Phasianidae","Bonasa","Bonasa umbellus"
12,46.8684,"07:00:00","07:03:00","31/05/2017","07:00:04","présence","Agelaius phoeniceus","species","Red-winged blackbird","Carouge à épaulettes","Animalia","Chordata","Aves","Passeriformes","Icteridae","Agelaius","Agelaius phoeniceus"
12,46.8684,"07:00:00","07:03:00","31/05/2017","07:00:06","présence","Agelaius phoeniceus","species","Red-winged blackbird","Carouge à épaulettes","Animalia","Chordata","Aves","Passeriformes","Icteridae","Agelaius","Agelaius phoeniceus"
12,46.8684,"07:00:00","07:03:00","31/05/2017","07:02:37","présence","Agelaius phoeniceus","species","Red-winged blackbird","Carouge à épaulettes","Animalia","Chordata","Aves","Passeriformes","Icteridae","Agelaius","Agelaius phoeniceus"
12,46.8684,"07:00:00","07:03:00","31/05/2017","07:00:45","présence","Agelaius phoeniceus","species","Red-winged blackbird","Carouge à épaulettes","Animalia","Chordata","Aves","Passeriformes","Icteridae","Agelaius","Agelaius phoeniceus"
12,46.8684,"07:00:00","07:03:00","31/05/2017","07:00:47","présence","Agelaius phoeniceus","species","Red-winged blackbird","Carouge à épaulettes","Animalia","Chordata","Aves","Passeriformes","Icteridae","Agelaius","Agelaius phoeniceus"
12,46.8684,"07:00:00","07:03:00","31/05/2017","07:00:27","présence","Melospiza melodia","species","Song sparrow","Bruant chanteur","Animalia","Chordata","Aves","Passeriformes","Passerellidae","Melospiza","Melospiza melodia"
12,46.8684,"07:00:00","07:03:00","31/05/2017","07:00:26","présence","Melospiza georgiana","species","Swamp sparrow","Bruant des marais","Animalia","Chordata","Aves","Passeriformes","Passerellidae","Melospiza","Melospiza georgiana"
12,46.8684,"07:00:00","07:03:00","31/05/2017","07:01:08","présence","Melospiza georgiana","species","Swamp sparrow","Bruant des marais","Animalia","Chordata","Aves","Passeriformes","Passerellidae","Melospiza","Melospiza georgiana"
12,46.8684,"07:00:00","07:03:00","31/05/2017","07:00:02","présence","Cardellina pusilla","species","Wilson's warbler","Paruline à calotte noire","Animalia","Chordata","Aves","Passeriformes","Parulidae","Cardellina","Cardellina pusilla"
12,46.8684,"07:00:00","07:03:00","31/05/2017","07:02:45","présence","Zonotrichia albicollis","species","White-throated sparrow","Bruant à gorge blanche","Animalia","Chordata","Aves","Passeriformes","Passerellidae","Zonotrichia","Zonotrichia albicollis"
12,46.8684,"07:00:00","07:03:00","31/05/2017","07:02:29","présence","Zonotrichia albicollis","species","White-throated sparrow","Bruant à gorge blanche","Animalia","Chordata","Aves","Passeriformes","Passerellidae","Zonotrichia","Zonotrichia albicollis"
12,46.8684,"07:00:00","07:03:00","31/05/2017","07:00:06","présence","Dendroica coronata","species","Yellow-rumped warbler","Paruline à croupion jaune","Animalia","Chordata","Aves","Passeriformes","Parulidae","Dendroica","Dendroica coronata"
12,46.8684,"07:00:00","07:03:00","31/05/2017","07:00:08","présence","Vireo","genus","NULL","NULL","Animalia","Chordata","Aves","Passeriformes","Vireonidae","Vireo","NULL"
