"site_id","lat","time_start","time_finish","date_obs","time_obs","variable","valid_scientific_name","rank","vernacular_en","vernacular_fr","kingdom","phylum","class","order","family","genus","species"
11,46.8766,"07:00:00","07:15:00","08/05/2017","07:03:38","présence","Chroicocephalus philadelphia","species","Bonaparte's gull","Mouette de bonaparte","Animalia","Chordata","Aves","Charadriiformes","Laridae","Chroicocephalus","Chroicocephalus philadelphia"
11,46.8766,"07:00:00","07:15:00","08/05/2017","07:01:50","présence","Chroicocephalus philadelphia","species","Bonaparte's gull","Mouette de bonaparte","Animalia","Chordata","Aves","Charadriiformes","Laridae","Chroicocephalus","Chroicocephalus philadelphia"
11,46.8766,"08:00:00","08:15:00","08/05/2017","NULL","présence","Melospiza georgiana","species","Swamp sparrow","Bruant des marais","Animalia","Chordata","Aves","Passeriformes","Passerellidae","Melospiza","Melospiza georgiana"
11,46.8766,"08:00:00","08:15:00","08/05/2017","NULL","présence","Zonotrichia albicollis","species","White-throated sparrow","Bruant à gorge blanche","Animalia","Chordata","Aves","Passeriformes","Passerellidae","Zonotrichia","Zonotrichia albicollis"
11,46.8766,"08:00:00","08:15:00","08/05/2017","NULL","présence","Dendroica coronata","species","Yellow-rumped warbler","Paruline à croupion jaune","Animalia","Chordata","Aves","Passeriformes","Parulidae","Dendroica","Dendroica coronata"
11,46.8766,"23:00:00","23:15:00","08/05/2017","23:13:00","présence","Strix varia","species","Barred owl","Chouette rayée","Animalia","Chordata","Aves","Strigiformes","Strigidae","Strix","Strix varia"
11,46.8766,"23:00:00","23:15:00","08/05/2017","23:05:30","présence","Strix varia","species","Barred owl","Chouette rayée","Animalia","Chordata","Aves","Strigiformes","Strigidae","Strix","Strix varia"
