"site_id","lat","time_start","time_finish","date_obs","time_obs","variable","valid_scientific_name","rank","vernacular_en","vernacular_fr","kingdom","phylum","class","order","family","genus","species"
12,46.8684,"05:00:00","05:03:00","25/05/2017","05:00:58","présence","Empidonax alnorum","species","Alder flycatcher","Moucherolle des aulnes","Animalia","Chordata","Aves","Passeriformes","Tyrannidae","Empidonax","Empidonax alnorum"
12,46.8684,"05:00:00","05:03:00","25/05/2017","05:00:06","présence","Empidonax alnorum","species","Alder flycatcher","Moucherolle des aulnes","Animalia","Chordata","Aves","Passeriformes","Tyrannidae","Empidonax","Empidonax alnorum"
12,46.8684,"05:00:00","05:03:00","25/05/2017","05:00:04","présence","Parus atricapilla","species","Black-capped chickadee","Mésange à tête noire","Animalia","Chordata","Aves","Passeriformes","Paridae","Parus","Parus atricapilla"
12,46.8684,"05:00:00","05:03:00","25/05/2017","05:00:07","présence","Parus atricapilla","species","Black-capped chickadee","Mésange à tête noire","Animalia","Chordata","Aves","Passeriformes","Paridae","Parus","Parus atricapilla"
12,46.8684,"05:00:00","05:03:00","25/05/2017","05:00:49","présence","Dendroica virens","species","Black-throated green warbler","Paruline à gorge noire","Animalia","Chordata","Aves","Passeriformes","Parulidae","Dendroica","Dendroica virens"
12,46.8684,"05:00:00","05:03:00","25/05/2017","05:01:56","présence","Quiscalus quiscula","species","Common grackle","Quiscale bronzé","Animalia","Chordata","Aves","Passeriformes","Icteridae","Quiscalus","Quiscalus quiscula"
12,46.8684,"05:00:00","05:03:00","25/05/2017","05:00:00","présence","Geothlypis trichas","species","Common yellowthroat","Paruline masquée","Animalia","Chordata","Aves","Passeriformes","Parulidae","Geothlypis","Geothlypis trichas"
12,46.8684,"05:00:00","05:03:00","25/05/2017","05:00:14","présence","Geothlypis trichas","species","Common yellowthroat","Paruline masquée","Animalia","Chordata","Aves","Passeriformes","Parulidae","Geothlypis","Geothlypis trichas"
12,46.8684,"05:00:00","05:03:00","25/05/2017","05:00:20","présence","Geothlypis trichas","species","Common yellowthroat","Paruline masquée","Animalia","Chordata","Aves","Passeriformes","Parulidae","Geothlypis","Geothlypis trichas"
12,46.8684,"05:00:00","05:03:00","25/05/2017","05:00:10","présence","Regulus satrapa","species","Golden-crowned kinglet","Roitelet à couronne dorée","Animalia","Chordata","Aves","Passeriformes","Regulidae","Regulus","Regulus satrapa"
12,46.8684,"05:00:00","05:03:00","25/05/2017","05:00:03","présence","Leiothlypis ruficapilla","species","Nashville warbler","Paruline à joues grises","Animalia","Chordata","Aves","Passeriformes","Parulidae","Leiothlypis","Leiothlypis ruficapilla"
12,46.8684,"05:00:00","05:03:00","25/05/2017","05:00:25","présence","Colaptes auratus","species","Northern flicker","Pic flamboyant","Animalia","Chordata","Aves","Piciformes","Picidae","Colaptes","Colaptes auratus"
12,46.8684,"05:00:00","05:03:00","25/05/2017","05:01:13","présence","Pheucticus ludovicianus","species","Rose-breasted grosbeak","Cardinal à poitrine rose","Animalia","Chordata","Aves","Passeriformes","Cardinalidae","Pheucticus","Pheucticus ludovicianus"
12,46.8684,"05:00:00","05:03:00","25/05/2017","05:02:32","présence","Pheucticus ludovicianus","species","Rose-breasted grosbeak","Cardinal à poitrine rose","Animalia","Chordata","Aves","Passeriformes","Cardinalidae","Pheucticus","Pheucticus ludovicianus"
12,46.8684,"05:00:00","05:03:00","25/05/2017","05:00:32","présence","Regulus calendula","species","Ruby-crowned kinglet","Roitelet à couronne rubis","Animalia","Chordata","Aves","Passeriformes","Regulidae","Regulus","Regulus calendula"
12,46.8684,"05:00:00","05:03:00","25/05/2017","05:01:15","présence","Bonasa umbellus","species","Ruffed grouse","Gélinotte huppée","Animalia","Chordata","Aves","Galliformes","Phasianidae","Bonasa","Bonasa umbellus"
12,46.8684,"05:00:00","05:03:00","25/05/2017","05:00:03","présence","Agelaius phoeniceus","species","Red-winged blackbird","Carouge à épaulettes","Animalia","Chordata","Aves","Passeriformes","Icteridae","Agelaius","Agelaius phoeniceus"
12,46.8684,"05:00:00","05:03:00","25/05/2017","05:00:15","présence","Agelaius phoeniceus","species","Red-winged blackbird","Carouge à épaulettes","Animalia","Chordata","Aves","Passeriformes","Icteridae","Agelaius","Agelaius phoeniceus"
12,46.8684,"05:00:00","05:03:00","25/05/2017","05:00:16","présence","Agelaius phoeniceus","species","Red-winged blackbird","Carouge à épaulettes","Animalia","Chordata","Aves","Passeriformes","Icteridae","Agelaius","Agelaius phoeniceus"
12,46.8684,"05:00:00","05:03:00","25/05/2017","05:00:18","présence","Agelaius phoeniceus","species","Red-winged blackbird","Carouge à épaulettes","Animalia","Chordata","Aves","Passeriformes","Icteridae","Agelaius","Agelaius phoeniceus"
12,46.8684,"05:00:00","05:03:00","25/05/2017","05:00:04","présence","Melospiza georgiana","species","Swamp sparrow","Bruant des marais","Animalia","Chordata","Aves","Passeriformes","Passerellidae","Melospiza","Melospiza georgiana"
12,46.8684,"05:00:00","05:03:00","25/05/2017","05:00:23","présence","Melospiza georgiana","species","Swamp sparrow","Bruant des marais","Animalia","Chordata","Aves","Passeriformes","Passerellidae","Melospiza","Melospiza georgiana"
12,46.8684,"05:00:00","05:03:00","25/05/2017","05:00:10","présence","Tachycineta bicolor","species","Tree swallow","Hirondelle bicolore","Animalia","Chordata","Aves","Passeriformes","Hirundinidae","Tachycineta","Tachycineta bicolor"
12,46.8684,"05:00:00","05:03:00","25/05/2017","05:01:32","présence","Tachycineta bicolor","species","Tree swallow","Hirondelle bicolore","Animalia","Chordata","Aves","Passeriformes","Hirundinidae","Tachycineta","Tachycineta bicolor"
12,46.8684,"05:00:00","05:03:00","25/05/2017","05:00:15","présence","Troglodytes hiemalis","species","Animals","Troglodyte des forêts","Animalia","Chordata","Aves","Passeriformes","Troglodytidae","Troglodytes","Troglodytes hiemalis"
12,46.8684,"05:00:00","05:03:00","25/05/2017","05:00:00","présence","Zonotrichia albicollis","species","White-throated sparrow","Bruant à gorge blanche","Animalia","Chordata","Aves","Passeriformes","Passerellidae","Zonotrichia","Zonotrichia albicollis"
12,46.8684,"05:00:00","05:03:00","25/05/2017","05:00:01","présence","Zonotrichia albicollis","species","White-throated sparrow","Bruant à gorge blanche","Animalia","Chordata","Aves","Passeriformes","Passerellidae","Zonotrichia","Zonotrichia albicollis"
12,46.8684,"05:00:00","05:03:00","25/05/2017","05:00:00","présence","Zonotrichia albicollis","species","White-throated sparrow","Bruant à gorge blanche","Animalia","Chordata","Aves","Passeriformes","Passerellidae","Zonotrichia","Zonotrichia albicollis"
12,46.8684,"05:00:00","05:03:00","25/05/2017","05:00:02","présence","Zonotrichia albicollis","species","White-throated sparrow","Bruant à gorge blanche","Animalia","Chordata","Aves","Passeriformes","Passerellidae","Zonotrichia","Zonotrichia albicollis"
12,46.8684,"05:00:00","05:03:00","25/05/2017","05:01:13","présence","Sphyrapicus varius","species","Yellow-bellied sapsucker","Pic maculé","Animalia","Chordata","Aves","Piciformes","Picidae","Sphyrapicus","Sphyrapicus varius"
12,46.8684,"05:00:00","05:03:00","25/05/2017","05:01:06","présence","Sphyrapicus varius","species","Yellow-bellied sapsucker","Pic maculé","Animalia","Chordata","Aves","Piciformes","Picidae","Sphyrapicus","Sphyrapicus varius"
12,46.8684,"05:00:00","05:03:00","25/05/2017","05:00:08","présence","Dendroica coronata","species","Yellow-rumped warbler","Paruline à croupion jaune","Animalia","Chordata","Aves","Passeriformes","Parulidae","Dendroica","Dendroica coronata"
