"site_id","lat","time_start","time_finish","date_obs","time_obs","variable","valid_scientific_name","rank","vernacular_en","vernacular_fr","kingdom","phylum","class","order","family","genus","species"
10,48.2158,"05:00:00","05:15:00","30/05/2016","05:12:38","présence","Parulidae","family","New world warblers","Passereaux","Animalia","Chordata","Aves","Passeriformes","Parulidae","NULL","NULL"
10,48.2158,"05:00:00","05:15:00","30/05/2016","05:08:32","présence","Parulidae","family","New world warblers","Passereaux","Animalia","Chordata","Aves","Passeriformes","Parulidae","NULL","NULL"
10,48.2158,"05:00:00","05:15:00","30/05/2016","05:00:06","présence","Parulidae","family","New world warblers","Passereaux","Animalia","Chordata","Aves","Passeriformes","Parulidae","NULL","NULL"
10,48.2158,"05:00:00","05:15:00","30/05/2016","NULL","présence","Empidonax alnorum","species","Alder flycatcher","Moucherolle des aulnes","Animalia","Chordata","Aves","Passeriformes","Tyrannidae","Empidonax","Empidonax alnorum"
10,48.2158,"05:00:00","05:15:00","30/05/2016","NULL","présence","Turdus migratorius","species","American robin","Merle d'amérique","Animalia","Chordata","Aves","Passeriformes","Turdidae","Turdus","Turdus migratorius"
10,48.2158,"05:00:00","05:15:00","30/05/2016","NULL","présence","Parus atricapilla","species","Black-capped chickadee","Mésange à tête noire","Animalia","Chordata","Aves","Passeriformes","Paridae","Parus","Parus atricapilla"
10,48.2158,"05:00:00","05:15:00","30/05/2016","05:11:32","présence","Dendroica tigrina","species","Cape may warbler","Paruline tigrée","Animalia","Chordata","Aves","Passeriformes","Parulidae","Dendroica","Dendroica tigrina"
10,48.2158,"05:00:00","05:15:00","30/05/2016","NULL","présence","Corvus corax","species","Common raven","Grand corbeau","Animalia","Chordata","Aves","Passeriformes","Corvidae","Corvus","Corvus corax"
10,48.2158,"05:00:00","05:15:00","30/05/2016","NULL","présence","Geothlypis trichas","species","Common yellowthroat","Paruline masquée","Animalia","Chordata","Aves","Passeriformes","Parulidae","Geothlypis","Geothlypis trichas"
10,48.2158,"05:00:00","05:15:00","30/05/2016","NULL","présence","Geothlypis philadelphia","species","Mourning warbler","Paruline triste","Animalia","Chordata","Aves","Passeriformes","Parulidae","Geothlypis","Geothlypis philadelphia"
10,48.2158,"05:00:00","05:15:00","30/05/2016","NULL","présence","Parkesia noveboracensis","species","Northern waterthrush","Paruline des ruisseaux","Animalia","Chordata","Aves","Passeriformes","Parulidae","Parkesia","Parkesia noveboracensis"
10,48.2158,"05:00:00","05:15:00","30/05/2016","NULL","présence","Regulus calendula","species","Ruby-crowned kinglet","Roitelet à couronne rubis","Animalia","Chordata","Aves","Passeriformes","Regulidae","Regulus","Regulus calendula"
10,48.2158,"05:00:00","05:15:00","30/05/2016","NULL","présence","Leiothlypis peregrina","species","Tennessee warbler","Paruline obscure","Animalia","Chordata","Aves","Passeriformes","Parulidae","Leiothlypis","Leiothlypis peregrina"
10,48.2158,"05:00:00","05:15:00","30/05/2016","NULL","présence","Troglodytes hiemalis","species","Animals","Troglodyte des forêts","Animalia","Chordata","Aves","Passeriformes","Troglodytidae","Troglodytes","Troglodytes hiemalis"
10,48.2158,"05:00:00","05:15:00","30/05/2016","NULL","présence","Zonotrichia albicollis","species","White-throated sparrow","Bruant à gorge blanche","Animalia","Chordata","Aves","Passeriformes","Passerellidae","Zonotrichia","Zonotrichia albicollis"
10,48.2158,"05:00:00","05:15:00","30/05/2016","NULL","présence","Dendroica coronata","species","Yellow-rumped warbler","Paruline à croupion jaune","Animalia","Chordata","Aves","Passeriformes","Parulidae","Dendroica","Dendroica coronata"
10,48.2158,"07:00:00","07:03:00","30/05/2016","07:00:07","présence","Parulidae","family","New world warblers","Passereaux","Animalia","Chordata","Aves","Passeriformes","Parulidae","NULL","NULL"
10,48.2158,"07:00:00","07:03:00","30/05/2016","07:00:04","présence","Empidonax alnorum","species","Alder flycatcher","Moucherolle des aulnes","Animalia","Chordata","Aves","Passeriformes","Tyrannidae","Empidonax","Empidonax alnorum"
10,48.2158,"07:00:00","07:03:00","30/05/2016","07:00:05","présence","Turdus migratorius","species","American robin","Merle d'amérique","Animalia","Chordata","Aves","Passeriformes","Turdidae","Turdus","Turdus migratorius"
10,48.2158,"07:00:00","07:03:00","30/05/2016","07:01:31","présence","Dendroica magnolia","species","Magnolia warbler","Paruline à tête cendrée","Animalia","Chordata","Aves","Passeriformes","Parulidae","Dendroica","Dendroica magnolia"
10,48.2158,"07:00:00","07:03:00","30/05/2016","07:01:11","présence","Geothlypis philadelphia","species","Mourning warbler","Paruline triste","Animalia","Chordata","Aves","Passeriformes","Parulidae","Geothlypis","Geothlypis philadelphia"
10,48.2158,"07:00:00","07:03:00","30/05/2016","07:00:50","présence","Parkesia noveboracensis","species","Northern waterthrush","Paruline des ruisseaux","Animalia","Chordata","Aves","Passeriformes","Parulidae","Parkesia","Parkesia noveboracensis"
10,48.2158,"07:00:00","07:03:00","30/05/2016","07:00:05","présence","Leiothlypis peregrina","species","Tennessee warbler","Paruline obscure","Animalia","Chordata","Aves","Passeriformes","Parulidae","Leiothlypis","Leiothlypis peregrina"
10,48.2158,"07:00:00","07:03:00","30/05/2016","07:00:00","présence","Leiothlypis peregrina","species","Tennessee warbler","Paruline obscure","Animalia","Chordata","Aves","Passeriformes","Parulidae","Leiothlypis","Leiothlypis peregrina"
10,48.2158,"07:00:00","07:03:00","30/05/2016","07:01:08","présence","Troglodytes hiemalis","species","Animals","Troglodyte des forêts","Animalia","Chordata","Aves","Passeriformes","Troglodytidae","Troglodytes","Troglodytes hiemalis"
10,48.2158,"07:00:00","07:03:00","30/05/2016","07:00:43","présence","Zonotrichia albicollis","species","White-throated sparrow","Bruant à gorge blanche","Animalia","Chordata","Aves","Passeriformes","Passerellidae","Zonotrichia","Zonotrichia albicollis"
10,48.2158,"21:00:00","21:15:00","30/05/2016","NULL","présence","Turdus migratorius","species","American robin","Merle d'amérique","Animalia","Chordata","Aves","Passeriformes","Turdidae","Turdus","Turdus migratorius"
10,48.2158,"21:00:00","21:15:00","30/05/2016","NULL","présence","Scolopax minor","species","American woodcock","Bécasse d'amérique","Animalia","Chordata","Aves","Charadriiformes","Scolopacidae","Scolopax","Scolopax minor"
10,48.2158,"21:00:00","21:15:00","30/05/2016","NULL","présence","Geothlypis trichas","species","Common yellowthroat","Paruline masquée","Animalia","Chordata","Aves","Passeriformes","Parulidae","Geothlypis","Geothlypis trichas"
10,48.2158,"21:00:00","21:15:00","30/05/2016","NULL","présence","Catharus ustulatus","species","Swainson's thrush","Grive à dos olive","Animalia","Chordata","Aves","Passeriformes","Turdidae","Catharus","Catharus ustulatus"
10,48.2158,"21:00:00","21:15:00","30/05/2016","NULL","présence","Gallinago delicata","species","Wilson's snipe","Bécassine de wilson","Animalia","Chordata","Aves","Charadriiformes","Scolopacidae","Gallinago","Gallinago delicata"
10,48.2158,"21:00:00","21:15:00","30/05/2016","NULL","présence","Zonotrichia albicollis","species","White-throated sparrow","Bruant à gorge blanche","Animalia","Chordata","Aves","Passeriformes","Passerellidae","Zonotrichia","Zonotrichia albicollis"
