"site_id","lat","time_start","time_finish","date_obs","time_obs","variable","valid_scientific_name","rank","vernacular_en","vernacular_fr","kingdom","phylum","class","order","family","genus","species"
15,46.3908,"06:00:00","06:03:00","17/06/2017","06:00:22","présence","Passeriformes","order","Perching birds","Passereaux","Animalia","Chordata","Aves","Passeriformes","NULL","NULL","NULL"
15,46.3908,"06:00:00","06:03:00","17/06/2017","06:00:35","présence","Empidonax alnorum","species","Alder flycatcher","Moucherolle des aulnes","Animalia","Chordata","Aves","Passeriformes","Tyrannidae","Empidonax","Empidonax alnorum"
15,46.3908,"06:00:00","06:03:00","17/06/2017","06:00:36","présence","Empidonax alnorum","species","Alder flycatcher","Moucherolle des aulnes","Animalia","Chordata","Aves","Passeriformes","Tyrannidae","Empidonax","Empidonax alnorum"
15,46.3908,"06:00:00","06:03:00","17/06/2017","06:02:16","présence","Corvus brachyrhynchos","species","American crow","Corneille d'amérique","Animalia","Chordata","Aves","Passeriformes","Corvidae","Corvus","Corvus brachyrhynchos"
15,46.3908,"06:00:00","06:03:00","17/06/2017","06:00:01","présence","Setophaga ruticilla","species","American redstart","Paruline flamboyante","Animalia","Chordata","Aves","Passeriformes","Parulidae","Setophaga","Setophaga ruticilla"
15,46.3908,"06:00:00","06:03:00","17/06/2017","06:00:48","présence","Cardellina canadensis","species","Canada warbler","Paruline du Canada","Animalia","Chordata","Aves","Passeriformes","Parulidae","Cardellina","Cardellina canadensis"
15,46.3908,"06:00:00","06:03:00","17/06/2017","06:00:55","présence","Geothlypis trichas","species","Common yellowthroat","Paruline masquée","Animalia","Chordata","Aves","Passeriformes","Parulidae","Geothlypis","Geothlypis trichas"
15,46.3908,"06:00:00","06:03:00","17/06/2017","06:00:51","présence","Geothlypis trichas","species","Common yellowthroat","Paruline masquée","Animalia","Chordata","Aves","Passeriformes","Parulidae","Geothlypis","Geothlypis trichas"
15,46.3908,"06:00:00","06:03:00","17/06/2017","06:02:41","présence","Dendroica pensylvanica","species","Chestnut-sided warbler","Paruline à flancs marron","Animalia","Chordata","Aves","Passeriformes","Parulidae","Dendroica","Dendroica pensylvanica"
15,46.3908,"06:00:00","06:03:00","17/06/2017","06:02:03","présence","Dendroica pensylvanica","species","Chestnut-sided warbler","Paruline à flancs marron","Animalia","Chordata","Aves","Passeriformes","Parulidae","Dendroica","Dendroica pensylvanica"
15,46.3908,"06:00:00","06:03:00","17/06/2017","06:00:00","présence","Dumetella carolinensis","species","Gray catbird","Moqueur chat","Animalia","Chordata","Aves","Passeriformes","Mimidae","Dumetella","Dumetella carolinensis"
15,46.3908,"06:00:00","06:03:00","17/06/2017","06:00:06","présence","Dendroica palmarum","species","Palm warbler","Paruline à couronne rousse","Animalia","Chordata","Aves","Passeriformes","Parulidae","Dendroica","Dendroica palmarum"
15,46.3908,"06:00:00","06:03:00","17/06/2017","06:02:59","présence","Sitta canadensis","species","Red-breasted nuthatch","Sittelle à poitrine rousse","Animalia","Chordata","Aves","Passeriformes","Sittidae","Sitta","Sitta canadensis"
15,46.3908,"06:00:00","06:03:00","17/06/2017","06:00:05","présence","Vireo olivaceus","species","Red-eyed vireo","Viréo aux yeux rouges","Animalia","Chordata","Aves","Passeriformes","Vireonidae","Vireo","Vireo olivaceus"
15,46.3908,"06:00:00","06:03:00","17/06/2017","06:00:00","présence","Agelaius phoeniceus","species","Red-winged blackbird","Carouge à épaulettes","Animalia","Chordata","Aves","Passeriformes","Icteridae","Agelaius","Agelaius phoeniceus"
15,46.3908,"06:00:00","06:03:00","17/06/2017","06:01:02","présence","Agelaius phoeniceus","species","Red-winged blackbird","Carouge à épaulettes","Animalia","Chordata","Aves","Passeriformes","Icteridae","Agelaius","Agelaius phoeniceus"
15,46.3908,"06:00:00","06:03:00","17/06/2017","06:01:44","présence","Melospiza georgiana","species","Swamp sparrow","Bruant des marais","Animalia","Chordata","Aves","Passeriformes","Passerellidae","Melospiza","Melospiza georgiana"
15,46.3908,"06:00:00","06:03:00","17/06/2017","06:00:00","présence","Melospiza georgiana","species","Swamp sparrow","Bruant des marais","Animalia","Chordata","Aves","Passeriformes","Passerellidae","Melospiza","Melospiza georgiana"
15,46.3908,"06:00:00","06:03:00","17/06/2017","06:01:27","présence","Melospiza georgiana","species","Swamp sparrow","Bruant des marais","Animalia","Chordata","Aves","Passeriformes","Passerellidae","Melospiza","Melospiza georgiana"
15,46.3908,"06:00:00","06:03:00","17/06/2017","06:00:15","présence","Cardellina pusilla","species","Wilson's warbler","Paruline à calotte noire","Animalia","Chordata","Aves","Passeriformes","Parulidae","Cardellina","Cardellina pusilla"
15,46.3908,"06:00:00","06:03:00","17/06/2017","06:00:07","présence","Zonotrichia albicollis","species","White-throated sparrow","Bruant à gorge blanche","Animalia","Chordata","Aves","Passeriformes","Passerellidae","Zonotrichia","Zonotrichia albicollis"
15,46.3908,"06:00:00","06:03:00","17/06/2017","06:00:11","présence","Zonotrichia albicollis","species","White-throated sparrow","Bruant à gorge blanche","Animalia","Chordata","Aves","Passeriformes","Passerellidae","Zonotrichia","Zonotrichia albicollis"
15,46.3908,"06:00:00","06:03:00","17/06/2017","06:00:02","présence","Zonotrichia albicollis","species","White-throated sparrow","Bruant à gorge blanche","Animalia","Chordata","Aves","Passeriformes","Passerellidae","Zonotrichia","Zonotrichia albicollis"
15,46.3908,"06:00:00","06:03:00","17/06/2017","06:00:02","présence","Zonotrichia albicollis","species","White-throated sparrow","Bruant à gorge blanche","Animalia","Chordata","Aves","Passeriformes","Passerellidae","Zonotrichia","Zonotrichia albicollis"
15,46.3908,"06:00:00","06:03:00","17/06/2017","06:00:08","présence","Zonotrichia albicollis","species","White-throated sparrow","Bruant à gorge blanche","Animalia","Chordata","Aves","Passeriformes","Passerellidae","Zonotrichia","Zonotrichia albicollis"
15,46.3908,"06:00:00","06:03:00","17/06/2017","06:00:11","présence","Zonotrichia albicollis","species","White-throated sparrow","Bruant à gorge blanche","Animalia","Chordata","Aves","Passeriformes","Passerellidae","Zonotrichia","Zonotrichia albicollis"
15,46.3908,"06:00:00","06:15:00","17/06/2017","06:12:22","présence","Bartramia longicauda","species","Upland sandpiper","Maubèche des champs","Animalia","Chordata","Aves","Charadriiformes","Scolopacidae","Bartramia","Bartramia longicauda"
15,46.3908,"20:00:00","20:03:00","17/06/2017","20:00:14","présence","Setophaga ruticilla","species","American redstart","Paruline flamboyante","Animalia","Chordata","Aves","Passeriformes","Parulidae","Setophaga","Setophaga ruticilla"
15,46.3908,"20:00:00","20:03:00","17/06/2017","20:01:35","présence","Mniotilta varia","species","Black-and-white warbler","Paruline noir et blanc","Animalia","Chordata","Aves","Passeriformes","Parulidae","Mniotilta","Mniotilta varia"
15,46.3908,"20:00:00","20:03:00","17/06/2017","20:00:01","présence","Bombycilla cedrorum","species","Cedar waxwing","Jaseur d'amérique","Animalia","Chordata","Aves","Passeriformes","Bombycillidae","Bombycilla","Bombycilla cedrorum"
15,46.3908,"20:00:00","20:03:00","17/06/2017","20:00:14","présence","Geothlypis trichas","species","Common yellowthroat","Paruline masquée","Animalia","Chordata","Aves","Passeriformes","Parulidae","Geothlypis","Geothlypis trichas"
15,46.3908,"20:00:00","20:03:00","17/06/2017","20:00:37","présence","Geothlypis trichas","species","Common yellowthroat","Paruline masquée","Animalia","Chordata","Aves","Passeriformes","Parulidae","Geothlypis","Geothlypis trichas"
15,46.3908,"20:00:00","20:03:00","17/06/2017","20:00:04","présence","Geothlypis trichas","species","Common yellowthroat","Paruline masquée","Animalia","Chordata","Aves","Passeriformes","Parulidae","Geothlypis","Geothlypis trichas"
15,46.3908,"20:00:00","20:03:00","17/06/2017","20:02:01","présence","Geothlypis trichas","species","Common yellowthroat","Paruline masquée","Animalia","Chordata","Aves","Passeriformes","Parulidae","Geothlypis","Geothlypis trichas"
15,46.3908,"20:00:00","20:03:00","17/06/2017","20:00:29","présence","Dendroica pensylvanica","species","Chestnut-sided warbler","Paruline à flancs marron","Animalia","Chordata","Aves","Passeriformes","Parulidae","Dendroica","Dendroica pensylvanica"
15,46.3908,"20:00:00","20:03:00","17/06/2017","20:00:46","présence","Catharus guttatus","species","Hermit thrush","Grive solitaire","Animalia","Chordata","Aves","Passeriformes","Turdidae","Catharus","Catharus guttatus"
15,46.3908,"20:00:00","20:03:00","17/06/2017","20:00:03","présence","Catharus guttatus","species","Hermit thrush","Grive solitaire","Animalia","Chordata","Aves","Passeriformes","Turdidae","Catharus","Catharus guttatus"
15,46.3908,"20:00:00","20:03:00","17/06/2017","20:00:06","présence","Catharus guttatus","species","Hermit thrush","Grive solitaire","Animalia","Chordata","Aves","Passeriformes","Turdidae","Catharus","Catharus guttatus"
15,46.3908,"20:00:00","20:03:00","17/06/2017","20:00:25","présence","Agelaius phoeniceus","species","Red-winged blackbird","Carouge à épaulettes","Animalia","Chordata","Aves","Passeriformes","Icteridae","Agelaius","Agelaius phoeniceus"
15,46.3908,"20:00:00","20:03:00","17/06/2017","20:00:16","présence","Melospiza georgiana","species","Swamp sparrow","Bruant des marais","Animalia","Chordata","Aves","Passeriformes","Passerellidae","Melospiza","Melospiza georgiana"
15,46.3908,"20:00:00","20:03:00","17/06/2017","20:00:23","présence","Melospiza georgiana","species","Swamp sparrow","Bruant des marais","Animalia","Chordata","Aves","Passeriformes","Passerellidae","Melospiza","Melospiza georgiana"
15,46.3908,"20:00:00","20:03:00","17/06/2017","20:00:52","présence","Melospiza georgiana","species","Swamp sparrow","Bruant des marais","Animalia","Chordata","Aves","Passeriformes","Passerellidae","Melospiza","Melospiza georgiana"
15,46.3908,"20:00:00","20:03:00","17/06/2017","20:00:04","présence","Melospiza georgiana","species","Swamp sparrow","Bruant des marais","Animalia","Chordata","Aves","Passeriformes","Passerellidae","Melospiza","Melospiza georgiana"
15,46.3908,"20:00:00","20:03:00","17/06/2017","20:00:18","présence","Melospiza georgiana","species","Swamp sparrow","Bruant des marais","Animalia","Chordata","Aves","Passeriformes","Passerellidae","Melospiza","Melospiza georgiana"
15,46.3908,"20:00:00","20:03:00","17/06/2017","20:01:02","présence","Catharus fuscescens","species","Veery","Grive fauve","Animalia","Chordata","Aves","Passeriformes","Turdidae","Catharus","Catharus fuscescens"
15,46.3908,"20:00:00","20:03:00","17/06/2017","20:00:07","présence","Cardellina pusilla","species","Wilson's warbler","Paruline à calotte noire","Animalia","Chordata","Aves","Passeriformes","Parulidae","Cardellina","Cardellina pusilla"
15,46.3908,"20:00:00","20:03:00","17/06/2017","20:00:09","présence","Zonotrichia albicollis","species","White-throated sparrow","Bruant à gorge blanche","Animalia","Chordata","Aves","Passeriformes","Passerellidae","Zonotrichia","Zonotrichia albicollis"
15,46.3908,"20:00:00","20:03:00","17/06/2017","20:00:10","présence","Zonotrichia albicollis","species","White-throated sparrow","Bruant à gorge blanche","Animalia","Chordata","Aves","Passeriformes","Passerellidae","Zonotrichia","Zonotrichia albicollis"
15,46.3908,"20:00:00","20:03:00","17/06/2017","20:01:20","présence","Dryobates pubescens","species","NULL","NULL","Animalia","Chordata","Aves","Piciformes","Picidae","Dryobates","Dryobates pubescens"
