"site_id","lat","time_start","time_finish","date_obs","time_obs","variable","valid_scientific_name","rank","vernacular_en","vernacular_fr","kingdom","phylum","class","order","family","genus","species"
15,46.3908,"04:00:00","04:15:00","01/06/2017","04:10:13","présence","Passerellidae","family","American sparrows","Passereaux","Animalia","Chordata","Aves","Passeriformes","Passerellidae","NULL","NULL"
15,46.3908,"04:00:00","04:15:00","01/06/2017","04:07:06","présence","Passerellidae","family","American sparrows","Passereaux","Animalia","Chordata","Aves","Passeriformes","Passerellidae","NULL","NULL"
15,46.3908,"04:00:00","04:15:00","01/06/2017","04:06:39","présence","Empidonax alnorum","species","Alder flycatcher","Moucherolle des aulnes","Animalia","Chordata","Aves","Passeriformes","Tyrannidae","Empidonax","Empidonax alnorum"
15,46.3908,"04:00:00","04:15:00","01/06/2017","04:08:06","présence","Geothlypis trichas","species","Common yellowthroat","Paruline masquée","Animalia","Chordata","Aves","Passeriformes","Parulidae","Geothlypis","Geothlypis trichas"
15,46.3908,"04:00:00","04:15:00","01/06/2017","04:12:17","présence","Catharus guttatus","species","Hermit thrush","Grive solitaire","Animalia","Chordata","Aves","Passeriformes","Turdidae","Catharus","Catharus guttatus"
15,46.3908,"04:00:00","04:15:00","01/06/2017","04:08:39","présence","Catharus guttatus","species","Hermit thrush","Grive solitaire","Animalia","Chordata","Aves","Passeriformes","Turdidae","Catharus","Catharus guttatus"
15,46.3908,"04:00:00","04:15:00","01/06/2017","04:05:32","présence","Seiurus aurocapilla","species","Ovenbird","Paruline couronnée","Animalia","Chordata","Aves","Passeriformes","Parulidae","Seiurus","Seiurus aurocapilla"
15,46.3908,"04:00:00","04:15:00","01/06/2017","04:00:19","présence","Melospiza georgiana","species","Swamp sparrow","Bruant des marais","Animalia","Chordata","Aves","Passeriformes","Passerellidae","Melospiza","Melospiza georgiana"
15,46.3908,"04:00:00","04:15:00","01/06/2017","04:04:07","présence","Gallinago delicata","species","Wilson's snipe","Bécassine de wilson","Animalia","Chordata","Aves","Charadriiformes","Scolopacidae","Gallinago","Gallinago delicata"
15,46.3908,"04:00:00","04:15:00","01/06/2017","04:00:09","présence","Gallinago delicata","species","Wilson's snipe","Bécassine de wilson","Animalia","Chordata","Aves","Charadriiformes","Scolopacidae","Gallinago","Gallinago delicata"
15,46.3908,"04:00:00","04:15:00","01/06/2017","04:01:25","présence","Zonotrichia albicollis","species","White-throated sparrow","Bruant à gorge blanche","Animalia","Chordata","Aves","Passeriformes","Passerellidae","Zonotrichia","Zonotrichia albicollis"
15,46.3908,"05:00:00","05:15:00","01/06/2017","05:00:04","présence","Empidonax alnorum","species","Alder flycatcher","Moucherolle des aulnes","Animalia","Chordata","Aves","Passeriformes","Tyrannidae","Empidonax","Empidonax alnorum"
15,46.3908,"05:00:00","05:15:00","01/06/2017","05:11:43","présence","Setophaga ruticilla","species","American redstart","Paruline flamboyante","Animalia","Chordata","Aves","Passeriformes","Parulidae","Setophaga","Setophaga ruticilla"
15,46.3908,"05:00:00","05:15:00","01/06/2017","05:11:34","présence","Parus atricapilla","species","Black-capped chickadee","Mésange à tête noire","Animalia","Chordata","Aves","Passeriformes","Paridae","Parus","Parus atricapilla"
15,46.3908,"05:00:00","05:15:00","01/06/2017","05:10:32","présence","Dendroica striata","species","Blackpoll warbler","Paruline rayée","Animalia","Chordata","Aves","Passeriformes","Parulidae","Dendroica","Dendroica striata"
15,46.3908,"05:00:00","05:15:00","01/06/2017","05:02:10","présence","Dendroica striata","species","Blackpoll warbler","Paruline rayée","Animalia","Chordata","Aves","Passeriformes","Parulidae","Dendroica","Dendroica striata"
15,46.3908,"05:00:00","05:15:00","01/06/2017","05:00:43","présence","Cardellina canadensis","species","Canada warbler","Paruline du Canada","Animalia","Chordata","Aves","Passeriformes","Parulidae","Cardellina","Cardellina canadensis"
15,46.3908,"05:00:00","05:15:00","01/06/2017","05:01:54","présence","Geothlypis trichas","species","Common yellowthroat","Paruline masquée","Animalia","Chordata","Aves","Passeriformes","Parulidae","Geothlypis","Geothlypis trichas"
15,46.3908,"05:00:00","05:15:00","01/06/2017","05:07:45","présence","Dendroica pensylvanica","species","Chestnut-sided warbler","Paruline à flancs marron","Animalia","Chordata","Aves","Passeriformes","Parulidae","Dendroica","Dendroica pensylvanica"
15,46.3908,"05:00:00","05:15:00","01/06/2017","05:00:16","présence","Dendroica pensylvanica","species","Chestnut-sided warbler","Paruline à flancs marron","Animalia","Chordata","Aves","Passeriformes","Parulidae","Dendroica","Dendroica pensylvanica"
15,46.3908,"05:00:00","05:15:00","01/06/2017","05:04:59","présence","Dumetella carolinensis","species","Gray catbird","Moqueur chat","Animalia","Chordata","Aves","Passeriformes","Mimidae","Dumetella","Dumetella carolinensis"
15,46.3908,"05:00:00","05:15:00","01/06/2017","05:01:16","présence","Dumetella carolinensis","species","Gray catbird","Moqueur chat","Animalia","Chordata","Aves","Passeriformes","Mimidae","Dumetella","Dumetella carolinensis"
15,46.3908,"05:00:00","05:15:00","01/06/2017","05:06:03","présence","Dendroica magnolia","species","Magnolia warbler","Paruline à tête cendrée","Animalia","Chordata","Aves","Passeriformes","Parulidae","Dendroica","Dendroica magnolia"
15,46.3908,"05:00:00","05:15:00","01/06/2017","05:04:38","présence","Dendroica magnolia","species","Magnolia warbler","Paruline à tête cendrée","Animalia","Chordata","Aves","Passeriformes","Parulidae","Dendroica","Dendroica magnolia"
15,46.3908,"05:00:00","05:15:00","01/06/2017","05:00:34","présence","Leiothlypis ruficapilla","species","Nashville warbler","Paruline à joues grises","Animalia","Chordata","Aves","Passeriformes","Parulidae","Leiothlypis","Leiothlypis ruficapilla"
15,46.3908,"05:00:00","05:15:00","01/06/2017","05:00:21","présence","Agelaius phoeniceus","species","Red-winged blackbird","Carouge à épaulettes","Animalia","Chordata","Aves","Passeriformes","Icteridae","Agelaius","Agelaius phoeniceus"
15,46.3908,"05:00:00","05:15:00","01/06/2017","05:04:01","présence","Melospiza georgiana","species","Swamp sparrow","Bruant des marais","Animalia","Chordata","Aves","Passeriformes","Passerellidae","Melospiza","Melospiza georgiana"
15,46.3908,"05:00:00","05:15:00","01/06/2017","05:00:40","présence","Melospiza georgiana","species","Swamp sparrow","Bruant des marais","Animalia","Chordata","Aves","Passeriformes","Passerellidae","Melospiza","Melospiza georgiana"
15,46.3908,"05:00:00","05:15:00","01/06/2017","05:00:42","présence","Catharus fuscescens","species","Veery","Grive fauve","Animalia","Chordata","Aves","Passeriformes","Turdidae","Catharus","Catharus fuscescens"
15,46.3908,"05:00:00","05:15:00","01/06/2017","05:00:38","présence","Cardellina pusilla","species","Wilson's warbler","Paruline à calotte noire","Animalia","Chordata","Aves","Passeriformes","Parulidae","Cardellina","Cardellina pusilla"
15,46.3908,"05:00:00","05:15:00","01/06/2017","05:00:01","présence","Cardellina pusilla","species","Wilson's warbler","Paruline à calotte noire","Animalia","Chordata","Aves","Passeriformes","Parulidae","Cardellina","Cardellina pusilla"
15,46.3908,"05:00:00","05:15:00","01/06/2017","05:00:13","présence","Zonotrichia albicollis","species","White-throated sparrow","Bruant à gorge blanche","Animalia","Chordata","Aves","Passeriformes","Passerellidae","Zonotrichia","Zonotrichia albicollis"
15,46.3908,"06:00:00","06:15:00","01/06/2017","06:06:45","présence","Parulidae","family","New world warblers","Passereaux","Animalia","Chordata","Aves","Passeriformes","Parulidae","NULL","NULL"
15,46.3908,"06:00:00","06:15:00","01/06/2017","06:00:01","présence","Empidonax alnorum","species","Alder flycatcher","Moucherolle des aulnes","Animalia","Chordata","Aves","Passeriformes","Tyrannidae","Empidonax","Empidonax alnorum"
15,46.3908,"06:00:00","06:15:00","01/06/2017","06:02:02","présence","Setophaga ruticilla","species","American redstart","Paruline flamboyante","Animalia","Chordata","Aves","Passeriformes","Parulidae","Setophaga","Setophaga ruticilla"
15,46.3908,"06:00:00","06:15:00","01/06/2017","06:07:55","présence","Cardellina canadensis","species","Canada warbler","Paruline du Canada","Animalia","Chordata","Aves","Passeriformes","Parulidae","Cardellina","Cardellina canadensis"
15,46.3908,"06:00:00","06:15:00","01/06/2017","06:00:15","présence","Cardellina canadensis","species","Canada warbler","Paruline du Canada","Animalia","Chordata","Aves","Passeriformes","Parulidae","Cardellina","Cardellina canadensis"
15,46.3908,"06:00:00","06:15:00","01/06/2017","06:00:14","présence","Cardellina canadensis","species","Canada warbler","Paruline du Canada","Animalia","Chordata","Aves","Passeriformes","Parulidae","Cardellina","Cardellina canadensis"
15,46.3908,"06:00:00","06:15:00","01/06/2017","06:00:20","présence","Geothlypis trichas","species","Common yellowthroat","Paruline masquée","Animalia","Chordata","Aves","Passeriformes","Parulidae","Geothlypis","Geothlypis trichas"
15,46.3908,"06:00:00","06:15:00","01/06/2017","06:13:12","présence","Dendroica pensylvanica","species","Chestnut-sided warbler","Paruline à flancs marron","Animalia","Chordata","Aves","Passeriformes","Parulidae","Dendroica","Dendroica pensylvanica"
15,46.3908,"06:00:00","06:15:00","01/06/2017","06:00:53","présence","Dendroica pensylvanica","species","Chestnut-sided warbler","Paruline à flancs marron","Animalia","Chordata","Aves","Passeriformes","Parulidae","Dendroica","Dendroica pensylvanica"
15,46.3908,"06:00:00","06:15:00","01/06/2017","06:14:12","présence","Dendroica magnolia","species","Magnolia warbler","Paruline à tête cendrée","Animalia","Chordata","Aves","Passeriformes","Parulidae","Dendroica","Dendroica magnolia"
15,46.3908,"06:00:00","06:15:00","01/06/2017","06:10:58","présence","Dendroica magnolia","species","Magnolia warbler","Paruline à tête cendrée","Animalia","Chordata","Aves","Passeriformes","Parulidae","Dendroica","Dendroica magnolia"
15,46.3908,"06:00:00","06:15:00","01/06/2017","06:06:17","présence","Leiothlypis ruficapilla","species","Nashville warbler","Paruline à joues grises","Animalia","Chordata","Aves","Passeriformes","Parulidae","Leiothlypis","Leiothlypis ruficapilla"
15,46.3908,"06:00:00","06:15:00","01/06/2017","06:00:08","présence","Leiothlypis ruficapilla","species","Nashville warbler","Paruline à joues grises","Animalia","Chordata","Aves","Passeriformes","Parulidae","Leiothlypis","Leiothlypis ruficapilla"
15,46.3908,"06:00:00","06:15:00","01/06/2017","06:12:47","présence","Sitta canadensis","species","Red-breasted nuthatch","Sittelle à poitrine rousse","Animalia","Chordata","Aves","Passeriformes","Sittidae","Sitta","Sitta canadensis"
15,46.3908,"06:00:00","06:15:00","01/06/2017","06:00:30","présence","Agelaius phoeniceus","species","Red-winged blackbird","Carouge à épaulettes","Animalia","Chordata","Aves","Passeriformes","Icteridae","Agelaius","Agelaius phoeniceus"
15,46.3908,"06:00:00","06:15:00","01/06/2017","06:01:12","présence","Melospiza georgiana","species","Swamp sparrow","Bruant des marais","Animalia","Chordata","Aves","Passeriformes","Passerellidae","Melospiza","Melospiza georgiana"
15,46.3908,"06:00:00","06:15:00","01/06/2017","06:00:47","présence","Melospiza georgiana","species","Swamp sparrow","Bruant des marais","Animalia","Chordata","Aves","Passeriformes","Passerellidae","Melospiza","Melospiza georgiana"
15,46.3908,"06:00:00","06:15:00","01/06/2017","06:01:16","présence","Catharus fuscescens","species","Veery","Grive fauve","Animalia","Chordata","Aves","Passeriformes","Turdidae","Catharus","Catharus fuscescens"
15,46.3908,"06:00:00","06:15:00","01/06/2017","06:04:10","présence","Cardellina pusilla","species","Wilson's warbler","Paruline à calotte noire","Animalia","Chordata","Aves","Passeriformes","Parulidae","Cardellina","Cardellina pusilla"
15,46.3908,"06:00:00","06:15:00","01/06/2017","06:00:17","présence","Zonotrichia albicollis","species","White-throated sparrow","Bruant à gorge blanche","Animalia","Chordata","Aves","Passeriformes","Passerellidae","Zonotrichia","Zonotrichia albicollis"
15,46.3908,"06:00:00","06:15:00","01/06/2017","06:10:27","présence","Dryobates pubescens","species","NULL","NULL","Animalia","Chordata","Aves","Piciformes","Picidae","Dryobates","Dryobates pubescens"
15,46.3908,"07:00:00","07:15:00","01/06/2017","07:00:09","présence","Empidonax alnorum","species","Alder flycatcher","Moucherolle des aulnes","Animalia","Chordata","Aves","Passeriformes","Tyrannidae","Empidonax","Empidonax alnorum"
15,46.3908,"07:00:00","07:15:00","01/06/2017","07:11:28","présence","Corvus brachyrhynchos","species","American crow","Corneille d'amérique","Animalia","Chordata","Aves","Passeriformes","Corvidae","Corvus","Corvus brachyrhynchos"
15,46.3908,"07:00:00","07:15:00","01/06/2017","07:10:27","présence","Setophaga ruticilla","species","American redstart","Paruline flamboyante","Animalia","Chordata","Aves","Passeriformes","Parulidae","Setophaga","Setophaga ruticilla"
15,46.3908,"07:00:00","07:15:00","01/06/2017","07:01:26","présence","Cardellina canadensis","species","Canada warbler","Paruline du Canada","Animalia","Chordata","Aves","Passeriformes","Parulidae","Cardellina","Cardellina canadensis"
15,46.3908,"07:00:00","07:15:00","01/06/2017","07:00:01","présence","Cardellina canadensis","species","Canada warbler","Paruline du Canada","Animalia","Chordata","Aves","Passeriformes","Parulidae","Cardellina","Cardellina canadensis"
15,46.3908,"07:00:00","07:15:00","01/06/2017","07:04:37","présence","Dendroica pensylvanica","species","Chestnut-sided warbler","Paruline à flancs marron","Animalia","Chordata","Aves","Passeriformes","Parulidae","Dendroica","Dendroica pensylvanica"
15,46.3908,"07:00:00","07:15:00","01/06/2017","07:01:04","présence","Dendroica pensylvanica","species","Chestnut-sided warbler","Paruline à flancs marron","Animalia","Chordata","Aves","Passeriformes","Parulidae","Dendroica","Dendroica pensylvanica"
15,46.3908,"07:00:00","07:15:00","01/06/2017","07:00:24","présence","Dumetella carolinensis","species","Gray catbird","Moqueur chat","Animalia","Chordata","Aves","Passeriformes","Mimidae","Dumetella","Dumetella carolinensis"
15,46.3908,"07:00:00","07:15:00","01/06/2017","07:12:25","présence","Dendroica magnolia","species","Magnolia warbler","Paruline à tête cendrée","Animalia","Chordata","Aves","Passeriformes","Parulidae","Dendroica","Dendroica magnolia"
15,46.3908,"07:00:00","07:15:00","01/06/2017","07:09:14","présence","Leiothlypis ruficapilla","species","Nashville warbler","Paruline à joues grises","Animalia","Chordata","Aves","Passeriformes","Parulidae","Leiothlypis","Leiothlypis ruficapilla"
15,46.3908,"07:00:00","07:15:00","01/06/2017","07:04:06","présence","Leiothlypis ruficapilla","species","Nashville warbler","Paruline à joues grises","Animalia","Chordata","Aves","Passeriformes","Parulidae","Leiothlypis","Leiothlypis ruficapilla"
15,46.3908,"07:00:00","07:15:00","01/06/2017","07:03:48","présence","Sitta canadensis","species","Red-breasted nuthatch","Sittelle à poitrine rousse","Animalia","Chordata","Aves","Passeriformes","Sittidae","Sitta","Sitta canadensis"
15,46.3908,"07:00:00","07:15:00","01/06/2017","07:00:10","présence","Agelaius phoeniceus","species","Red-winged blackbird","Carouge à épaulettes","Animalia","Chordata","Aves","Passeriformes","Icteridae","Agelaius","Agelaius phoeniceus"
15,46.3908,"07:00:00","07:15:00","01/06/2017","07:07:47","présence","Melospiza georgiana","species","Swamp sparrow","Bruant des marais","Animalia","Chordata","Aves","Passeriformes","Passerellidae","Melospiza","Melospiza georgiana"
15,46.3908,"07:00:00","07:15:00","01/06/2017","07:00:51","présence","Catharus fuscescens","species","Veery","Grive fauve","Animalia","Chordata","Aves","Passeriformes","Turdidae","Catharus","Catharus fuscescens"
15,46.3908,"07:00:00","07:15:00","01/06/2017","07:01:01","présence","Cardellina pusilla","species","Wilson's warbler","Paruline à calotte noire","Animalia","Chordata","Aves","Passeriformes","Parulidae","Cardellina","Cardellina pusilla"
15,46.3908,"07:00:00","07:15:00","01/06/2017","07:09:33","présence","Zonotrichia albicollis","species","White-throated sparrow","Bruant à gorge blanche","Animalia","Chordata","Aves","Passeriformes","Passerellidae","Zonotrichia","Zonotrichia albicollis"
15,46.3908,"07:00:00","07:15:00","01/06/2017","07:02:02","présence","Zonotrichia albicollis","species","White-throated sparrow","Bruant à gorge blanche","Animalia","Chordata","Aves","Passeriformes","Passerellidae","Zonotrichia","Zonotrichia albicollis"
15,46.3908,"07:00:00","07:15:00","01/06/2017","07:00:11","présence","Vireo","genus","NULL","NULL","Animalia","Chordata","Aves","Passeriformes","Vireonidae","Vireo","NULL"
15,46.3908,"08:00:00","08:03:00","01/06/2017","08:00:00","présence","Empidonax alnorum","species","Alder flycatcher","Moucherolle des aulnes","Animalia","Chordata","Aves","Passeriformes","Tyrannidae","Empidonax","Empidonax alnorum"
15,46.3908,"08:00:00","08:03:00","01/06/2017","08:00:05","présence","Empidonax alnorum","species","Alder flycatcher","Moucherolle des aulnes","Animalia","Chordata","Aves","Passeriformes","Tyrannidae","Empidonax","Empidonax alnorum"
15,46.3908,"08:00:00","08:03:00","01/06/2017","08:00:09","présence","Setophaga ruticilla","species","American redstart","Paruline flamboyante","Animalia","Chordata","Aves","Passeriformes","Parulidae","Setophaga","Setophaga ruticilla"
15,46.3908,"08:00:00","08:03:00","01/06/2017","08:00:08","présence","Cardellina canadensis","species","Canada warbler","Paruline du Canada","Animalia","Chordata","Aves","Passeriformes","Parulidae","Cardellina","Cardellina canadensis"
15,46.3908,"08:00:00","08:03:00","01/06/2017","08:00:13","présence","Cardellina canadensis","species","Canada warbler","Paruline du Canada","Animalia","Chordata","Aves","Passeriformes","Parulidae","Cardellina","Cardellina canadensis"
15,46.3908,"08:00:00","08:03:00","01/06/2017","08:02:30","présence","Geothlypis trichas","species","Common yellowthroat","Paruline masquée","Animalia","Chordata","Aves","Passeriformes","Parulidae","Geothlypis","Geothlypis trichas"
15,46.3908,"08:00:00","08:03:00","01/06/2017","08:02:37","présence","Geothlypis trichas","species","Common yellowthroat","Paruline masquée","Animalia","Chordata","Aves","Passeriformes","Parulidae","Geothlypis","Geothlypis trichas"
15,46.3908,"08:00:00","08:03:00","01/06/2017","08:00:18","présence","Dendroica pensylvanica","species","Chestnut-sided warbler","Paruline à flancs marron","Animalia","Chordata","Aves","Passeriformes","Parulidae","Dendroica","Dendroica pensylvanica"
15,46.3908,"08:00:00","08:03:00","01/06/2017","08:00:15","présence","Dendroica magnolia","species","Magnolia warbler","Paruline à tête cendrée","Animalia","Chordata","Aves","Passeriformes","Parulidae","Dendroica","Dendroica magnolia"
15,46.3908,"08:00:00","08:03:00","01/06/2017","08:00:01","présence","Leiothlypis ruficapilla","species","Nashville warbler","Paruline à joues grises","Animalia","Chordata","Aves","Passeriformes","Parulidae","Leiothlypis","Leiothlypis ruficapilla"
15,46.3908,"08:00:00","08:03:00","01/06/2017","08:00:07","présence","Agelaius phoeniceus","species","Red-winged blackbird","Carouge à épaulettes","Animalia","Chordata","Aves","Passeriformes","Icteridae","Agelaius","Agelaius phoeniceus"
15,46.3908,"08:00:00","08:03:00","01/06/2017","08:01:40","présence","Catharus fuscescens","species","Veery","Grive fauve","Animalia","Chordata","Aves","Passeriformes","Turdidae","Catharus","Catharus fuscescens"
15,46.3908,"08:00:00","08:03:00","01/06/2017","08:00:00","présence","Cardellina pusilla","species","Wilson's warbler","Paruline à calotte noire","Animalia","Chordata","Aves","Passeriformes","Parulidae","Cardellina","Cardellina pusilla"
15,46.3908,"08:00:00","08:03:00","01/06/2017","08:00:10","présence","Cardellina pusilla","species","Wilson's warbler","Paruline à calotte noire","Animalia","Chordata","Aves","Passeriformes","Parulidae","Cardellina","Cardellina pusilla"
15,46.3908,"08:00:00","08:03:00","01/06/2017","08:01:29","présence","Zonotrichia albicollis","species","White-throated sparrow","Bruant à gorge blanche","Animalia","Chordata","Aves","Passeriformes","Passerellidae","Zonotrichia","Zonotrichia albicollis"
15,46.3908,"08:00:00","08:03:00","01/06/2017","08:00:01","présence","Zonotrichia albicollis","species","White-throated sparrow","Bruant à gorge blanche","Animalia","Chordata","Aves","Passeriformes","Passerellidae","Zonotrichia","Zonotrichia albicollis"
15,46.3908,"08:00:00","08:03:00","01/06/2017","08:00:01","présence","Zonotrichia albicollis","species","White-throated sparrow","Bruant à gorge blanche","Animalia","Chordata","Aves","Passeriformes","Passerellidae","Zonotrichia","Zonotrichia albicollis"
15,46.3908,"08:00:00","08:03:00","01/06/2017","08:00:00","présence","Vireo","genus","NULL","NULL","Animalia","Chordata","Aves","Passeriformes","Vireonidae","Vireo","NULL"
15,46.3908,"08:00:00","08:15:00","01/06/2017","08:08:34","présence","Parulidae","family","New world warblers","Passereaux","Animalia","Chordata","Aves","Passeriformes","Parulidae","NULL","NULL"
15,46.3908,"08:00:00","08:15:00","01/06/2017","08:00:00","présence","Empidonax alnorum","species","Alder flycatcher","Moucherolle des aulnes","Animalia","Chordata","Aves","Passeriformes","Tyrannidae","Empidonax","Empidonax alnorum"
15,46.3908,"08:00:00","08:15:00","01/06/2017","08:00:08","présence","Cardellina canadensis","species","Canada warbler","Paruline du Canada","Animalia","Chordata","Aves","Passeriformes","Parulidae","Cardellina","Cardellina canadensis"
15,46.3908,"08:00:00","08:15:00","01/06/2017","08:02:39","présence","Geothlypis trichas","species","Common yellowthroat","Paruline masquée","Animalia","Chordata","Aves","Passeriformes","Parulidae","Geothlypis","Geothlypis trichas"
15,46.3908,"08:00:00","08:15:00","01/06/2017","08:01:45","présence","Geothlypis trichas","species","Common yellowthroat","Paruline masquée","Animalia","Chordata","Aves","Passeriformes","Parulidae","Geothlypis","Geothlypis trichas"
15,46.3908,"08:00:00","08:15:00","01/06/2017","08:14:20","présence","Dendroica pensylvanica","species","Chestnut-sided warbler","Paruline à flancs marron","Animalia","Chordata","Aves","Passeriformes","Parulidae","Dendroica","Dendroica pensylvanica"
15,46.3908,"08:00:00","08:15:00","01/06/2017","08:00:04","présence","Dendroica pensylvanica","species","Chestnut-sided warbler","Paruline à flancs marron","Animalia","Chordata","Aves","Passeriformes","Parulidae","Dendroica","Dendroica pensylvanica"
15,46.3908,"08:00:00","08:15:00","01/06/2017","08:00:16","présence","Dendroica magnolia","species","Magnolia warbler","Paruline à tête cendrée","Animalia","Chordata","Aves","Passeriformes","Parulidae","Dendroica","Dendroica magnolia"
15,46.3908,"08:00:00","08:15:00","01/06/2017","08:00:02","présence","Leiothlypis ruficapilla","species","Nashville warbler","Paruline à joues grises","Animalia","Chordata","Aves","Passeriformes","Parulidae","Leiothlypis","Leiothlypis ruficapilla"
15,46.3908,"08:00:00","08:15:00","01/06/2017","08:00:07","présence","Agelaius phoeniceus","species","Red-winged blackbird","Carouge à épaulettes","Animalia","Chordata","Aves","Passeriformes","Icteridae","Agelaius","Agelaius phoeniceus"
15,46.3908,"08:00:00","08:15:00","01/06/2017","08:14:16","présence","Melospiza georgiana","species","Swamp sparrow","Bruant des marais","Animalia","Chordata","Aves","Passeriformes","Passerellidae","Melospiza","Melospiza georgiana"
15,46.3908,"08:00:00","08:15:00","01/06/2017","08:02:28","présence","Catharus fuscescens","species","Veery","Grive fauve","Animalia","Chordata","Aves","Passeriformes","Turdidae","Catharus","Catharus fuscescens"
15,46.3908,"08:00:00","08:15:00","01/06/2017","08:00:01","présence","Cardellina pusilla","species","Wilson's warbler","Paruline à calotte noire","Animalia","Chordata","Aves","Passeriformes","Parulidae","Cardellina","Cardellina pusilla"
15,46.3908,"08:00:00","08:15:00","01/06/2017","08:00:42","présence","Zonotrichia albicollis","species","White-throated sparrow","Bruant à gorge blanche","Animalia","Chordata","Aves","Passeriformes","Passerellidae","Zonotrichia","Zonotrichia albicollis"
15,46.3908,"08:00:00","08:15:00","01/06/2017","08:00:17","présence","Vireo","genus","NULL","NULL","Animalia","Chordata","Aves","Passeriformes","Vireonidae","Vireo","NULL"
15,46.3908,"20:00:00","20:15:00","01/06/2017","20:00:12","présence","Passeriformes","order","Perching birds","Passereaux","Animalia","Chordata","Aves","Passeriformes","NULL","NULL","NULL"
15,46.3908,"20:00:00","20:15:00","01/06/2017","20:06:17","présence","Empidonax alnorum","species","Alder flycatcher","Moucherolle des aulnes","Animalia","Chordata","Aves","Passeriformes","Tyrannidae","Empidonax","Empidonax alnorum"
15,46.3908,"20:00:00","20:15:00","01/06/2017","20:09:20","présence","Setophaga ruticilla","species","American redstart","Paruline flamboyante","Animalia","Chordata","Aves","Passeriformes","Parulidae","Setophaga","Setophaga ruticilla"
15,46.3908,"20:00:00","20:15:00","01/06/2017","20:02:09","présence","Setophaga ruticilla","species","American redstart","Paruline flamboyante","Animalia","Chordata","Aves","Passeriformes","Parulidae","Setophaga","Setophaga ruticilla"
15,46.3908,"20:00:00","20:15:00","01/06/2017","20:01:04","présence","Geothlypis trichas","species","Common yellowthroat","Paruline masquée","Animalia","Chordata","Aves","Passeriformes","Parulidae","Geothlypis","Geothlypis trichas"
15,46.3908,"20:00:00","20:15:00","01/06/2017","20:08:45","présence","Dendroica pensylvanica","species","Chestnut-sided warbler","Paruline à flancs marron","Animalia","Chordata","Aves","Passeriformes","Parulidae","Dendroica","Dendroica pensylvanica"
15,46.3908,"20:00:00","20:15:00","01/06/2017","20:06:56","présence","Dendroica pensylvanica","species","Chestnut-sided warbler","Paruline à flancs marron","Animalia","Chordata","Aves","Passeriformes","Parulidae","Dendroica","Dendroica pensylvanica"
15,46.3908,"20:00:00","20:15:00","01/06/2017","20:02:35","présence","Catharus guttatus","species","Hermit thrush","Grive solitaire","Animalia","Chordata","Aves","Passeriformes","Turdidae","Catharus","Catharus guttatus"
15,46.3908,"20:00:00","20:15:00","01/06/2017","20:02:15","présence","Dendroica magnolia","species","Magnolia warbler","Paruline à tête cendrée","Animalia","Chordata","Aves","Passeriformes","Parulidae","Dendroica","Dendroica magnolia"
15,46.3908,"20:00:00","20:15:00","01/06/2017","20:00:28","présence","Agelaius phoeniceus","species","Red-winged blackbird","Carouge à épaulettes","Animalia","Chordata","Aves","Passeriformes","Icteridae","Agelaius","Agelaius phoeniceus"
15,46.3908,"20:00:00","20:15:00","01/06/2017","20:01:07","présence","Melospiza georgiana","species","Swamp sparrow","Bruant des marais","Animalia","Chordata","Aves","Passeriformes","Passerellidae","Melospiza","Melospiza georgiana"
15,46.3908,"20:00:00","20:15:00","01/06/2017","20:00:08","présence","Catharus fuscescens","species","Veery","Grive fauve","Animalia","Chordata","Aves","Passeriformes","Turdidae","Catharus","Catharus fuscescens"
15,46.3908,"20:00:00","20:15:00","01/06/2017","20:02:21","présence","Zonotrichia albicollis","species","White-throated sparrow","Bruant à gorge blanche","Animalia","Chordata","Aves","Passeriformes","Passerellidae","Zonotrichia","Zonotrichia albicollis"
15,46.3908,"21:00:00","21:15:00","01/06/2017","21:00:58","présence","Catharus guttatus","species","Hermit thrush","Grive solitaire","Animalia","Chordata","Aves","Passeriformes","Turdidae","Catharus","Catharus guttatus"
15,46.3908,"21:00:00","21:15:00","01/06/2017","21:11:38","présence","Gallinago delicata","species","Wilson's snipe","Bécassine de wilson","Animalia","Chordata","Aves","Charadriiformes","Scolopacidae","Gallinago","Gallinago delicata"
15,46.3908,"21:00:00","21:15:00","01/06/2017","21:11:02","présence","Gallinago delicata","species","Wilson's snipe","Bécassine de wilson","Animalia","Chordata","Aves","Charadriiformes","Scolopacidae","Gallinago","Gallinago delicata"
15,46.3908,"23:00:00","23:15:00","01/06/2017","23:00:06","présence","Empidonax alnorum","species","Alder flycatcher","Moucherolle des aulnes","Animalia","Chordata","Aves","Passeriformes","Tyrannidae","Empidonax","Empidonax alnorum"
15,46.3908,"23:00:00","23:15:00","01/06/2017","23:07:09","présence","Zonotrichia albicollis","species","White-throated sparrow","Bruant à gorge blanche","Animalia","Chordata","Aves","Passeriformes","Passerellidae","Zonotrichia","Zonotrichia albicollis"
