"site_id","lat","time_start","time_finish","date_obs","time_obs","variable","valid_scientific_name","rank","vernacular_en","vernacular_fr","kingdom","phylum","class","order","family","genus","species"
152,45.9669,"06:00:00","06:15:00","2019-06-05","06:07:02","présence","Empidonax alnorum","species","Alder flycatcher","Moucherolle des aulnes","Animalia","Chordata","Aves","Passeriformes","Tyrannidae","Empidonax","Empidonax alnorum"
152,45.9669,"06:00:00","06:15:00","2019-06-05","06:00:49","présence","Empidonax alnorum","species","Alder flycatcher","Moucherolle des aulnes","Animalia","Chordata","Aves","Passeriformes","Tyrannidae","Empidonax","Empidonax alnorum"
152,45.9669,"06:00:00","06:15:00","2019-06-05","06:13:57","présence","Parus atricapilla","species","Black-capped chickadee","Mésange à tête noire","Animalia","Chordata","Aves","Passeriformes","Paridae","Parus","Parus atricapilla"
152,45.9669,"06:00:00","06:15:00","2019-06-05","06:13:16","présence","Parus atricapilla","species","Black-capped chickadee","Mésange à tête noire","Animalia","Chordata","Aves","Passeriformes","Paridae","Parus","Parus atricapilla"
152,45.9669,"06:00:00","06:15:00","2019-06-05","06:08:57","présence","Cyanocitta cristata","species","Blue jay","Geai bleu","Animalia","Chordata","Aves","Passeriformes","Corvidae","Cyanocitta","Cyanocitta cristata"
152,45.9669,"06:00:00","06:15:00","2019-06-05","06:02:52","présence","Dendroica caerulescens","species","Black-throated blue warbler","Paruline","Animalia","Chordata","Aves","Passeriformes","Parulidae","Dendroica","Dendroica caerulescens"
152,45.9669,"06:00:00","06:15:00","2019-06-05","06:04:53","présence","Dendroica virens","species","Black-throated green warbler","Paruline à gorge noire","Animalia","Chordata","Aves","Passeriformes","Parulidae","Dendroica","Dendroica virens"
152,45.9669,"06:00:00","06:15:00","2019-06-05","06:01:54","présence","Corvus corax","species","Common raven","Grand corbeau","Animalia","Chordata","Aves","Passeriformes","Corvidae","Corvus","Corvus corax"
152,45.9669,"06:00:00","06:15:00","2019-06-05","06:00:54","présence","Geothlypis trichas","species","Common yellowthroat","Paruline masquée","Animalia","Chordata","Aves","Passeriformes","Parulidae","Geothlypis","Geothlypis trichas"
152,45.9669,"06:00:00","06:15:00","2019-06-05","06:00:59","présence","Dendroica pensylvanica","species","Chestnut-sided warbler","Paruline à flancs marron","Animalia","Chordata","Aves","Passeriformes","Parulidae","Dendroica","Dendroica pensylvanica"
152,45.9669,"06:00:00","06:15:00","2019-06-05","06:03:42","présence","Contopus virens","species","Eastern wood pewee","Pioui de l'est","Animalia","Chordata","Aves","Passeriformes","Tyrannidae","Contopus","Contopus virens"
152,45.9669,"06:00:00","06:15:00","2019-06-05","06:04:04","présence","Ardea herodias","species","Great blue heron","Grand héron","Animalia","Chordata","Aves","Pelecaniformes","Ardeidae","Ardea","Ardea herodias"
152,45.9669,"06:00:00","06:15:00","2019-06-05","06:08:47","présence","Regulus satrapa","species","Golden-crowned kinglet","Roitelet à couronne dorée","Animalia","Chordata","Aves","Passeriformes","Regulidae","Regulus","Regulus satrapa"
152,45.9669,"06:00:00","06:15:00","2019-06-05","06:00:34","présence","Catharus guttatus","species","Hermit thrush","Grive solitaire","Animalia","Chordata","Aves","Passeriformes","Turdidae","Catharus","Catharus guttatus"
152,45.9669,"06:00:00","06:15:00","2019-06-05","06:06:26","présence","Dendroica magnolia","species","Magnolia warbler","Paruline à tête cendrée","Animalia","Chordata","Aves","Passeriformes","Parulidae","Dendroica","Dendroica magnolia"
152,45.9669,"06:00:00","06:15:00","2019-06-05","06:00:31","présence","Dendroica magnolia","species","Magnolia warbler","Paruline à tête cendrée","Animalia","Chordata","Aves","Passeriformes","Parulidae","Dendroica","Dendroica magnolia"
152,45.9669,"06:00:00","06:15:00","2019-06-05","06:03:41","présence","Leiothlypis ruficapilla","species","Nashville warbler","Paruline à joues grises","Animalia","Chordata","Aves","Passeriformes","Parulidae","Leiothlypis","Leiothlypis ruficapilla"
152,45.9669,"06:00:00","06:15:00","2019-06-05","06:04:12","présence","Parkesia noveboracensis","species","Northern waterthrush","Paruline des ruisseaux","Animalia","Chordata","Aves","Passeriformes","Parulidae","Parkesia","Parkesia noveboracensis"
152,45.9669,"06:00:00","06:15:00","2019-06-05","06:00:11","présence","Parkesia noveboracensis","species","Northern waterthrush","Paruline des ruisseaux","Animalia","Chordata","Aves","Passeriformes","Parulidae","Parkesia","Parkesia noveboracensis"
152,45.9669,"06:00:00","06:15:00","2019-06-05","06:01:00","présence","Seiurus aurocapilla","species","Ovenbird","Paruline couronnée","Animalia","Chordata","Aves","Passeriformes","Parulidae","Seiurus","Seiurus aurocapilla"
152,45.9669,"06:00:00","06:15:00","2019-06-05","06:10:53","présence","Haemorhous purpureus","species","Purple finch","Roselin pourpré","Animalia","Chordata","Aves","Passeriformes","Fringillidae","Haemorhous","Haemorhous purpureus"
152,45.9669,"06:00:00","06:15:00","2019-06-05","06:14:52","présence","Pheucticus ludovicianus","species","Rose-breasted grosbeak","Cardinal à poitrine rose","Animalia","Chordata","Aves","Passeriformes","Cardinalidae","Pheucticus","Pheucticus ludovicianus"
152,45.9669,"06:00:00","06:15:00","2019-06-05","06:00:11","présence","Pheucticus ludovicianus","species","Rose-breasted grosbeak","Cardinal à poitrine rose","Animalia","Chordata","Aves","Passeriformes","Cardinalidae","Pheucticus","Pheucticus ludovicianus"
152,45.9669,"06:00:00","06:15:00","2019-06-05","06:00:20","présence","Melospiza melodia","species","Song sparrow","Bruant chanteur","Animalia","Chordata","Aves","Passeriformes","Passerellidae","Melospiza","Melospiza melodia"
152,45.9669,"06:00:00","06:15:00","2019-06-05","06:04:18","présence","Melospiza georgiana","species","Swamp sparrow","Bruant des marais","Animalia","Chordata","Aves","Passeriformes","Passerellidae","Melospiza","Melospiza georgiana"
152,45.9669,"06:00:00","06:15:00","2019-06-05","NULL","présence","Troglodytes hiemalis","species","Animals","Troglodyte des forêts","Animalia","Chordata","Aves","Passeriformes","Troglodytidae","Troglodytes","Troglodytes hiemalis"
152,45.9669,"06:00:00","06:15:00","2019-06-05","06:10:22","présence","Zonotrichia albicollis","species","White-throated sparrow","Bruant à gorge blanche","Animalia","Chordata","Aves","Passeriformes","Passerellidae","Zonotrichia","Zonotrichia albicollis"
152,45.9669,"06:00:00","06:15:00","2019-06-05","06:05:10","présence","Zonotrichia albicollis","species","White-throated sparrow","Bruant à gorge blanche","Animalia","Chordata","Aves","Passeriformes","Passerellidae","Zonotrichia","Zonotrichia albicollis"
152,45.9669,"06:00:00","06:15:00","2019-06-05","06:11:07","présence","Sphyrapicus varius","species","Yellow-bellied sapsucker","Pic maculé","Animalia","Chordata","Aves","Piciformes","Picidae","Sphyrapicus","Sphyrapicus varius"
152,45.9669,"06:00:00","06:15:00","2019-06-05","06:04:42","présence","Sphyrapicus varius","species","Yellow-bellied sapsucker","Pic maculé","Animalia","Chordata","Aves","Piciformes","Picidae","Sphyrapicus","Sphyrapicus varius"
152,45.9669,"06:00:00","06:15:00","2019-06-05","06:04:30","présence","Vireo","genus","NULL","NULL","Animalia","Chordata","Aves","Passeriformes","Vireonidae","Vireo","NULL"
152,45.9669,"06:00:00","06:15:00","2019-06-05","06:02:53","présence","Vireo","genus","NULL","NULL","Animalia","Chordata","Aves","Passeriformes","Vireonidae","Vireo","NULL"
152,45.9669,"23:00:00","23:15:00","2019-06-05","23:05:22","présence","Strix varia","species","Barred owl","Chouette rayée","Animalia","Chordata","Aves","Strigiformes","Strigidae","Strix","Strix varia"
152,45.9669,"23:00:00","23:15:00","2019-06-05","23:00:22","présence","Strix varia","species","Barred owl","Chouette rayée","Animalia","Chordata","Aves","Strigiformes","Strigidae","Strix","Strix varia"
152,45.9669,"23:00:00","23:15:00","2019-06-05","23:14:18","présence","Zonotrichia albicollis","species","White-throated sparrow","Bruant à gorge blanche","Animalia","Chordata","Aves","Passeriformes","Passerellidae","Zonotrichia","Zonotrichia albicollis"
