"site_id","lat","time_start","time_finish","date_obs","time_obs","variable","valid_scientific_name","rank","vernacular_en","vernacular_fr","kingdom","phylum","class","order","family","genus","species"
149,48.4878,"05:00:00","05:15:00","2019-06-18","05:08:11","présence","Anatidae","family","Ducks","Canards","Animalia","Chordata","Aves","Anseriformes","Anatidae","NULL","NULL"
149,48.4878,"05:00:00","05:15:00","2019-06-18","05:07:15","présence","Anatidae","family","Ducks","Canards","Animalia","Chordata","Aves","Anseriformes","Anatidae","NULL","NULL"
149,48.4878,"05:00:00","05:15:00","2019-06-18","05:09:57","présence","Corvus brachyrhynchos","species","American crow","Corneille d'amérique","Animalia","Chordata","Aves","Passeriformes","Corvidae","Corvus","Corvus brachyrhynchos"
149,48.4878,"05:00:00","05:15:00","2019-06-18","05:14:59","présence","Turdus migratorius","species","American robin","Merle d'amérique","Animalia","Chordata","Aves","Passeriformes","Turdidae","Turdus","Turdus migratorius"
149,48.4878,"05:00:00","05:15:00","2019-06-18","05:01:58","présence","Turdus migratorius","species","American robin","Merle d'amérique","Animalia","Chordata","Aves","Passeriformes","Turdidae","Turdus","Turdus migratorius"
149,48.4878,"05:00:00","05:15:00","2019-06-18","05:04:21","présence","Dendroica castanea","species","Bay-breasted warbler","Paruline à poitrine baie","Animalia","Chordata","Aves","Passeriformes","Parulidae","Dendroica","Dendroica castanea"
149,48.4878,"05:00:00","05:15:00","2019-06-18","05:00:57","présence","Dendroica castanea","species","Bay-breasted warbler","Paruline à poitrine baie","Animalia","Chordata","Aves","Passeriformes","Parulidae","Dendroica","Dendroica castanea"
149,48.4878,"05:00:00","05:15:00","2019-06-18","05:00:06","présence","Dendroica castanea","species","Bay-breasted warbler","Paruline à poitrine baie","Animalia","Chordata","Aves","Passeriformes","Parulidae","Dendroica","Dendroica castanea"
149,48.4878,"05:00:00","05:15:00","2019-06-18","05:06:41","présence","Dendroica tigrina","species","Cape may warbler","Paruline tigrée","Animalia","Chordata","Aves","Passeriformes","Parulidae","Dendroica","Dendroica tigrina"
149,48.4878,"05:00:00","05:15:00","2019-06-18","05:02:00","présence","Quiscalus quiscula","species","Common grackle","Quiscale bronzé","Animalia","Chordata","Aves","Passeriformes","Icteridae","Quiscalus","Quiscalus quiscula"
149,48.4878,"05:00:00","05:15:00","2019-06-18","05:00:11","présence","Geothlypis trichas","species","Common yellowthroat","Paruline masquée","Animalia","Chordata","Aves","Passeriformes","Parulidae","Geothlypis","Geothlypis trichas"
149,48.4878,"05:00:00","05:15:00","2019-06-18","05:08:25","présence","Dryobates villosus","species","Hairy woodpecker","Pic chevelu","Animalia","Chordata","Aves","Piciformes","Picidae","Dryobates","Dryobates villosus"
149,48.4878,"05:00:00","05:15:00","2019-06-18","05:07:35","présence","Dryobates villosus","species","Hairy woodpecker","Pic chevelu","Animalia","Chordata","Aves","Piciformes","Picidae","Dryobates","Dryobates villosus"
149,48.4878,"05:00:00","05:15:00","2019-06-18","05:05:56","présence","Dendroica magnolia","species","Magnolia warbler","Paruline à tête cendrée","Animalia","Chordata","Aves","Passeriformes","Parulidae","Dendroica","Dendroica magnolia"
149,48.4878,"05:00:00","05:15:00","2019-06-18","05:02:43","présence","Dendroica magnolia","species","Magnolia warbler","Paruline à tête cendrée","Animalia","Chordata","Aves","Passeriformes","Parulidae","Dendroica","Dendroica magnolia"
149,48.4878,"05:00:00","05:15:00","2019-06-18","05:07:08","présence","Contopus borealis","species","Olive-sided flycatcher","Moucherolle à côtés olive","Animalia","Chordata","Aves","Passeriformes","Tyrannidae","Contopus","Contopus borealis"
149,48.4878,"05:00:00","05:15:00","2019-06-18","05:00:10","présence","Contopus borealis","species","Olive-sided flycatcher","Moucherolle à côtés olive","Animalia","Chordata","Aves","Passeriformes","Tyrannidae","Contopus","Contopus borealis"
149,48.4878,"05:00:00","05:15:00","2019-06-18","05:08:14","présence","Haemorhous purpureus","species","Purple finch","Roselin pourpré","Animalia","Chordata","Aves","Passeriformes","Fringillidae","Haemorhous","Haemorhous purpureus"
149,48.4878,"05:00:00","05:15:00","2019-06-18","05:00:04","présence","Regulus calendula","species","Ruby-crowned kinglet","Roitelet à couronne rubis","Animalia","Chordata","Aves","Passeriformes","Regulidae","Regulus","Regulus calendula"
149,48.4878,"05:00:00","05:15:00","2019-06-18","05:00:16","présence","Melospiza georgiana","species","Swamp sparrow","Bruant des marais","Animalia","Chordata","Aves","Passeriformes","Passerellidae","Melospiza","Melospiza georgiana"
149,48.4878,"05:00:00","05:15:00","2019-06-18","05:01:06","présence","Catharus ustulatus","species","Swainson's thrush","Grive à dos olive","Animalia","Chordata","Aves","Passeriformes","Turdidae","Catharus","Catharus ustulatus"
149,48.4878,"05:00:00","05:15:00","2019-06-18","05:02:16","présence","Leiothlypis peregrina","species","Tennessee warbler","Paruline obscure","Animalia","Chordata","Aves","Passeriformes","Parulidae","Leiothlypis","Leiothlypis peregrina"
149,48.4878,"05:00:00","05:15:00","2019-06-18","05:01:31","présence","Leiothlypis peregrina","species","Tennessee warbler","Paruline obscure","Animalia","Chordata","Aves","Passeriformes","Parulidae","Leiothlypis","Leiothlypis peregrina"
149,48.4878,"05:00:00","05:15:00","2019-06-18","05:12:16","présence","Tachycineta bicolor","species","Tree swallow","Hirondelle bicolore","Animalia","Chordata","Aves","Passeriformes","Hirundinidae","Tachycineta","Tachycineta bicolor"
149,48.4878,"05:00:00","05:15:00","2019-06-18","05:00:30","présence","Tachycineta bicolor","species","Tree swallow","Hirondelle bicolore","Animalia","Chordata","Aves","Passeriformes","Hirundinidae","Tachycineta","Tachycineta bicolor"
149,48.4878,"05:00:00","05:15:00","2019-06-18","05:03:37","présence","Zonotrichia albicollis","species","White-throated sparrow","Bruant à gorge blanche","Animalia","Chordata","Aves","Passeriformes","Passerellidae","Zonotrichia","Zonotrichia albicollis"
149,48.4878,"05:00:00","05:15:00","2019-06-18","05:01:13","présence","Zonotrichia albicollis","species","White-throated sparrow","Bruant à gorge blanche","Animalia","Chordata","Aves","Passeriformes","Passerellidae","Zonotrichia","Zonotrichia albicollis"
149,48.4878,"05:00:00","05:15:00","2019-06-18","05:14:35","présence","Empidonax flaviventris","species","Yellow-bellied flycatcher","Moucherolle à ventre jaune","Animalia","Chordata","Aves","Passeriformes","Tyrannidae","Empidonax","Empidonax flaviventris"
149,48.4878,"05:00:00","05:15:00","2019-06-18","05:13:49","présence","Empidonax flaviventris","species","Yellow-bellied flycatcher","Moucherolle à ventre jaune","Animalia","Chordata","Aves","Passeriformes","Tyrannidae","Empidonax","Empidonax flaviventris"
149,48.4878,"05:00:00","05:15:00","2019-06-18","05:02:33","présence","Dendroica coronata","species","Yellow-rumped warbler","Paruline à croupion jaune","Animalia","Chordata","Aves","Passeriformes","Parulidae","Dendroica","Dendroica coronata"
149,48.4878,"20:00:00","20:03:00","2019-06-18","20:00:05","présence","Turdus migratorius","species","American robin","Merle d'amérique","Animalia","Chordata","Aves","Passeriformes","Turdidae","Turdus","Turdus migratorius"
149,48.4878,"20:00:00","20:03:00","2019-06-18","20:00:17","présence","Dendroica castanea","species","Bay-breasted warbler","Paruline à poitrine baie","Animalia","Chordata","Aves","Passeriformes","Parulidae","Dendroica","Dendroica castanea"
149,48.4878,"20:00:00","20:03:00","2019-06-18","20:00:39","présence","Dendroica tigrina","species","Cape may warbler","Paruline tigrée","Animalia","Chordata","Aves","Passeriformes","Parulidae","Dendroica","Dendroica tigrina"
149,48.4878,"20:00:00","20:03:00","2019-06-18","20:02:52","présence","Bucephala clangula","species","Common goldeneye","Garrot à oeil d'or","Animalia","Chordata","Aves","Anseriformes","Anatidae","Bucephala","Bucephala clangula"
149,48.4878,"20:00:00","20:03:00","2019-06-18","20:02:52","présence","Bucephala clangula","species","Common goldeneye","Garrot à oeil d'or","Animalia","Chordata","Aves","Anseriformes","Anatidae","Bucephala","Bucephala clangula"
149,48.4878,"20:00:00","20:03:00","2019-06-18","20:00:08","présence","Dendroica magnolia","species","Magnolia warbler","Paruline à tête cendrée","Animalia","Chordata","Aves","Passeriformes","Parulidae","Dendroica","Dendroica magnolia"
149,48.4878,"20:00:00","20:03:00","2019-06-18","20:02:13","présence","Dendroica magnolia","species","Magnolia warbler","Paruline à tête cendrée","Animalia","Chordata","Aves","Passeriformes","Parulidae","Dendroica","Dendroica magnolia"
149,48.4878,"20:00:00","20:03:00","2019-06-18","20:00:52","présence","Contopus borealis","species","Olive-sided flycatcher","Moucherolle à côtés olive","Animalia","Chordata","Aves","Passeriformes","Tyrannidae","Contopus","Contopus borealis"
149,48.4878,"20:00:00","20:03:00","2019-06-18","20:00:16","présence","Catharus ustulatus","species","Swainson's thrush","Grive à dos olive","Animalia","Chordata","Aves","Passeriformes","Turdidae","Catharus","Catharus ustulatus"
149,48.4878,"20:00:00","20:03:00","2019-06-18","20:00:01","présence","Catharus ustulatus","species","Swainson's thrush","Grive à dos olive","Animalia","Chordata","Aves","Passeriformes","Turdidae","Catharus","Catharus ustulatus"
149,48.4878,"20:00:00","20:03:00","2019-06-18","20:00:04","présence","Catharus ustulatus","species","Swainson's thrush","Grive à dos olive","Animalia","Chordata","Aves","Passeriformes","Turdidae","Catharus","Catharus ustulatus"
149,48.4878,"20:00:00","20:03:00","2019-06-18","20:00:02","présence","Leiothlypis peregrina","species","Tennessee warbler","Paruline obscure","Animalia","Chordata","Aves","Passeriformes","Parulidae","Leiothlypis","Leiothlypis peregrina"
149,48.4878,"20:00:00","20:03:00","2019-06-18","20:00:31","présence","Leiothlypis peregrina","species","Tennessee warbler","Paruline obscure","Animalia","Chordata","Aves","Passeriformes","Parulidae","Leiothlypis","Leiothlypis peregrina"
149,48.4878,"20:00:00","20:03:00","2019-06-18","20:00:41","présence","Leiothlypis peregrina","species","Tennessee warbler","Paruline obscure","Animalia","Chordata","Aves","Passeriformes","Parulidae","Leiothlypis","Leiothlypis peregrina"
149,48.4878,"20:00:00","20:03:00","2019-06-18","20:00:05","présence","Leiothlypis peregrina","species","Tennessee warbler","Paruline obscure","Animalia","Chordata","Aves","Passeriformes","Parulidae","Leiothlypis","Leiothlypis peregrina"
149,48.4878,"20:00:00","20:03:00","2019-06-18","20:00:09","présence","Zonotrichia albicollis","species","White-throated sparrow","Bruant à gorge blanche","Animalia","Chordata","Aves","Passeriformes","Passerellidae","Zonotrichia","Zonotrichia albicollis"
149,48.4878,"20:00:00","20:03:00","2019-06-18","20:00:11","présence","Zonotrichia albicollis","species","White-throated sparrow","Bruant à gorge blanche","Animalia","Chordata","Aves","Passeriformes","Passerellidae","Zonotrichia","Zonotrichia albicollis"
