"site_id","lat","time_start","time_finish","date_obs","time_obs","variable","valid_scientific_name","rank","vernacular_en","vernacular_fr","kingdom","phylum","class","order","family","genus","species"
150,46.7897,"20:00:00","20:03:00","2019-05-21","20:00:32","présence","Passeriformes","order","Perching birds","Passereaux","Animalia","Chordata","Aves","Passeriformes","NULL","NULL","NULL"
150,46.7897,"20:00:00","20:03:00","2019-05-21","20:02:37","présence","Carduelis tristis","species","American goldfinch","Chardonneret jaune","Animalia","Chordata","Aves","Passeriformes","Fringillidae","Carduelis","Carduelis tristis"
150,46.7897,"20:00:00","20:03:00","2019-05-21","20:00:44","présence","Ceryle alcyon","species","Belted kingfisher","Martin-pêcheur d'amérique","Animalia","Chordata","Aves","Coraciiformes","Alcedinidae","Ceryle","Ceryle alcyon"
150,46.7897,"20:00:00","20:03:00","2019-05-21","20:00:02","présence","Corvus corax","species","Common raven","Grand corbeau","Animalia","Chordata","Aves","Passeriformes","Corvidae","Corvus","Corvus corax"
150,46.7897,"20:00:00","20:03:00","2019-05-21","20:02:29","présence","Dryobates villosus","species","Hairy woodpecker","Pic chevelu","Animalia","Chordata","Aves","Piciformes","Picidae","Dryobates","Dryobates villosus"
150,46.7897,"20:00:00","20:03:00","2019-05-21","20:02:07","présence","Parkesia noveboracensis","species","Northern waterthrush","Paruline des ruisseaux","Animalia","Chordata","Aves","Passeriformes","Parulidae","Parkesia","Parkesia noveboracensis"
150,46.7897,"20:00:00","20:03:00","2019-05-21","20:00:29","présence","Agelaius phoeniceus","species","Red-winged blackbird","Carouge à épaulettes","Animalia","Chordata","Aves","Passeriformes","Icteridae","Agelaius","Agelaius phoeniceus"
150,46.7897,"20:00:00","20:03:00","2019-05-21","20:00:34","présence","Zonotrichia albicollis","species","White-throated sparrow","Bruant à gorge blanche","Animalia","Chordata","Aves","Passeriformes","Passerellidae","Zonotrichia","Zonotrichia albicollis"
