"site_id","lat","time_start","time_finish","date_obs","time_obs","variable","valid_scientific_name","rank","vernacular_en","vernacular_fr","kingdom","phylum","class","order","family","genus","species"
152,45.9669,"05:00:00","05:03:00","2019-06-09","05:00:11","présence","Picidae","family","Woodpeckers","Fourmiliers","Animalia","Chordata","Aves","Piciformes","Picidae","NULL","NULL"
152,45.9669,"05:00:00","05:03:00","2019-06-09","05:00:00","présence","Empidonax alnorum","species","Alder flycatcher","Moucherolle des aulnes","Animalia","Chordata","Aves","Passeriformes","Tyrannidae","Empidonax","Empidonax alnorum"
152,45.9669,"05:00:00","05:03:00","2019-06-09","05:00:02","présence","Empidonax alnorum","species","Alder flycatcher","Moucherolle des aulnes","Animalia","Chordata","Aves","Passeriformes","Tyrannidae","Empidonax","Empidonax alnorum"
152,45.9669,"05:00:00","05:03:00","2019-06-09","05:00:11","présence","Mniotilta varia","species","Black-and-white warbler","Paruline noir et blanc","Animalia","Chordata","Aves","Passeriformes","Parulidae","Mniotilta","Mniotilta varia"
152,45.9669,"05:00:00","05:03:00","2019-06-09","05:01:59","présence","Mniotilta varia","species","Black-and-white warbler","Paruline noir et blanc","Animalia","Chordata","Aves","Passeriformes","Parulidae","Mniotilta","Mniotilta varia"
152,45.9669,"05:00:00","05:03:00","2019-06-09","05:00:02","présence","Cyanocitta cristata","species","Blue jay","Geai bleu","Animalia","Chordata","Aves","Passeriformes","Corvidae","Cyanocitta","Cyanocitta cristata"
152,45.9669,"05:00:00","05:03:00","2019-06-09","05:01:32","présence","Corvus corax","species","Common raven","Grand corbeau","Animalia","Chordata","Aves","Passeriformes","Corvidae","Corvus","Corvus corax"
152,45.9669,"05:00:00","05:03:00","2019-06-09","05:00:00","présence","Geothlypis trichas","species","Common yellowthroat","Paruline masquée","Animalia","Chordata","Aves","Passeriformes","Parulidae","Geothlypis","Geothlypis trichas"
152,45.9669,"05:00:00","05:03:00","2019-06-09","05:00:06","présence","Geothlypis trichas","species","Common yellowthroat","Paruline masquée","Animalia","Chordata","Aves","Passeriformes","Parulidae","Geothlypis","Geothlypis trichas"
152,45.9669,"05:00:00","05:03:00","2019-06-09","05:00:12","présence","Geothlypis trichas","species","Common yellowthroat","Paruline masquée","Animalia","Chordata","Aves","Passeriformes","Parulidae","Geothlypis","Geothlypis trichas"
152,45.9669,"05:00:00","05:03:00","2019-06-09","05:00:57","présence","Geothlypis trichas","species","Common yellowthroat","Paruline masquée","Animalia","Chordata","Aves","Passeriformes","Parulidae","Geothlypis","Geothlypis trichas"
152,45.9669,"05:00:00","05:03:00","2019-06-09","05:00:15","présence","Geothlypis trichas","species","Common yellowthroat","Paruline masquée","Animalia","Chordata","Aves","Passeriformes","Parulidae","Geothlypis","Geothlypis trichas"
152,45.9669,"05:00:00","05:03:00","2019-06-09","05:00:05","présence","Regulus satrapa","species","Golden-crowned kinglet","Roitelet à couronne dorée","Animalia","Chordata","Aves","Passeriformes","Regulidae","Regulus","Regulus satrapa"
152,45.9669,"05:00:00","05:03:00","2019-06-09","05:00:04","présence","Catharus guttatus","species","Hermit thrush","Grive solitaire","Animalia","Chordata","Aves","Passeriformes","Turdidae","Catharus","Catharus guttatus"
152,45.9669,"05:00:00","05:03:00","2019-06-09","05:02:50","présence","Dendroica magnolia","species","Magnolia warbler","Paruline à tête cendrée","Animalia","Chordata","Aves","Passeriformes","Parulidae","Dendroica","Dendroica magnolia"
152,45.9669,"05:00:00","05:03:00","2019-06-09","05:00:13","présence","Leiothlypis ruficapilla","species","Nashville warbler","Paruline à joues grises","Animalia","Chordata","Aves","Passeriformes","Parulidae","Leiothlypis","Leiothlypis ruficapilla"
152,45.9669,"05:00:00","05:03:00","2019-06-09","05:00:02","présence","Leiothlypis ruficapilla","species","Nashville warbler","Paruline à joues grises","Animalia","Chordata","Aves","Passeriformes","Parulidae","Leiothlypis","Leiothlypis ruficapilla"
152,45.9669,"05:00:00","05:03:00","2019-06-09","05:00:19","présence","Parkesia noveboracensis","species","Northern waterthrush","Paruline des ruisseaux","Animalia","Chordata","Aves","Passeriformes","Parulidae","Parkesia","Parkesia noveboracensis"
152,45.9669,"05:00:00","05:03:00","2019-06-09","05:01:00","présence","Seiurus aurocapilla","species","Ovenbird","Paruline couronnée","Animalia","Chordata","Aves","Passeriformes","Parulidae","Seiurus","Seiurus aurocapilla"
152,45.9669,"05:00:00","05:03:00","2019-06-09","05:02:07","présence","Sitta canadensis","species","Red-breasted nuthatch","Sittelle à poitrine rousse","Animalia","Chordata","Aves","Passeriformes","Sittidae","Sitta","Sitta canadensis"
152,45.9669,"05:00:00","05:03:00","2019-06-09","05:00:07","présence","Melospiza melodia","species","Song sparrow","Bruant chanteur","Animalia","Chordata","Aves","Passeriformes","Passerellidae","Melospiza","Melospiza melodia"
152,45.9669,"05:00:00","05:03:00","2019-06-09","05:00:04","présence","Melospiza georgiana","species","Swamp sparrow","Bruant des marais","Animalia","Chordata","Aves","Passeriformes","Passerellidae","Melospiza","Melospiza georgiana"
152,45.9669,"05:00:00","05:03:00","2019-06-09","05:00:07","présence","Melospiza georgiana","species","Swamp sparrow","Bruant des marais","Animalia","Chordata","Aves","Passeriformes","Passerellidae","Melospiza","Melospiza georgiana"
152,45.9669,"05:00:00","05:03:00","2019-06-09","05:02:06","présence","Melospiza georgiana","species","Swamp sparrow","Bruant des marais","Animalia","Chordata","Aves","Passeriformes","Passerellidae","Melospiza","Melospiza georgiana"
152,45.9669,"05:00:00","05:03:00","2019-06-09","05:00:03","présence","Catharus fuscescens","species","Veery","Grive fauve","Animalia","Chordata","Aves","Passeriformes","Turdidae","Catharus","Catharus fuscescens"
152,45.9669,"05:00:00","05:03:00","2019-06-09","05:01:07","présence","Catharus fuscescens","species","Veery","Grive fauve","Animalia","Chordata","Aves","Passeriformes","Turdidae","Catharus","Catharus fuscescens"
152,45.9669,"05:00:00","05:03:00","2019-06-09","05:02:45","présence","Sphyrapicus varius","species","Yellow-bellied sapsucker","Pic maculé","Animalia","Chordata","Aves","Piciformes","Picidae","Sphyrapicus","Sphyrapicus varius"
152,45.9669,"06:00:00","06:15:00","2019-06-09","06:07:33","présence","Empidonax alnorum","species","Alder flycatcher","Moucherolle des aulnes","Animalia","Chordata","Aves","Passeriformes","Tyrannidae","Empidonax","Empidonax alnorum"
152,45.9669,"06:00:00","06:15:00","2019-06-09","06:04:47","présence","Empidonax alnorum","species","Alder flycatcher","Moucherolle des aulnes","Animalia","Chordata","Aves","Passeriformes","Tyrannidae","Empidonax","Empidonax alnorum"
152,45.9669,"06:00:00","06:15:00","2019-06-09","06:06:18","présence","Mniotilta varia","species","Black-and-white warbler","Paruline noir et blanc","Animalia","Chordata","Aves","Passeriformes","Parulidae","Mniotilta","Mniotilta varia"
152,45.9669,"06:00:00","06:15:00","2019-06-09","06:00:23","présence","Mniotilta varia","species","Black-and-white warbler","Paruline noir et blanc","Animalia","Chordata","Aves","Passeriformes","Parulidae","Mniotilta","Mniotilta varia"
152,45.9669,"06:00:00","06:15:00","2019-06-09","06:00:31","présence","Parus atricapilla","species","Black-capped chickadee","Mésange à tête noire","Animalia","Chordata","Aves","Passeriformes","Paridae","Parus","Parus atricapilla"
152,45.9669,"06:00:00","06:15:00","2019-06-09","06:11:49","présence","Cyanocitta cristata","species","Blue jay","Geai bleu","Animalia","Chordata","Aves","Passeriformes","Corvidae","Cyanocitta","Cyanocitta cristata"
152,45.9669,"06:00:00","06:15:00","2019-06-09","06:02:22","présence","Cyanocitta cristata","species","Blue jay","Geai bleu","Animalia","Chordata","Aves","Passeriformes","Corvidae","Cyanocitta","Cyanocitta cristata"
152,45.9669,"06:00:00","06:15:00","2019-06-09","06:05:41","présence","Dendroica virens","species","Black-throated green warbler","Paruline à gorge noire","Animalia","Chordata","Aves","Passeriformes","Parulidae","Dendroica","Dendroica virens"
152,45.9669,"06:00:00","06:15:00","2019-06-09","06:00:01","présence","Corvus corax","species","Common raven","Grand corbeau","Animalia","Chordata","Aves","Passeriformes","Corvidae","Corvus","Corvus corax"
152,45.9669,"06:00:00","06:15:00","2019-06-09","06:02:15","présence","Geothlypis trichas","species","Common yellowthroat","Paruline masquée","Animalia","Chordata","Aves","Passeriformes","Parulidae","Geothlypis","Geothlypis trichas"
152,45.9669,"06:00:00","06:15:00","2019-06-09","06:03:29","présence","Contopus virens","species","Eastern wood pewee","Pioui de l'est","Animalia","Chordata","Aves","Passeriformes","Tyrannidae","Contopus","Contopus virens"
152,45.9669,"06:00:00","06:15:00","2019-06-09","06:00:08","présence","Contopus virens","species","Eastern wood pewee","Pioui de l'est","Animalia","Chordata","Aves","Passeriformes","Tyrannidae","Contopus","Contopus virens"
152,45.9669,"06:00:00","06:15:00","2019-06-09","06:00:00","présence","Regulus satrapa","species","Golden-crowned kinglet","Roitelet à couronne dorée","Animalia","Chordata","Aves","Passeriformes","Regulidae","Regulus","Regulus satrapa"
152,45.9669,"06:00:00","06:15:00","2019-06-09","06:09:47","présence","Catharus guttatus","species","Hermit thrush","Grive solitaire","Animalia","Chordata","Aves","Passeriformes","Turdidae","Catharus","Catharus guttatus"
152,45.9669,"06:00:00","06:15:00","2019-06-09","06:00:41","présence","Dendroica magnolia","species","Magnolia warbler","Paruline à tête cendrée","Animalia","Chordata","Aves","Passeriformes","Parulidae","Dendroica","Dendroica magnolia"
152,45.9669,"06:00:00","06:15:00","2019-06-09","06:00:09","présence","Leiothlypis ruficapilla","species","Nashville warbler","Paruline à joues grises","Animalia","Chordata","Aves","Passeriformes","Parulidae","Leiothlypis","Leiothlypis ruficapilla"
152,45.9669,"06:00:00","06:15:00","2019-06-09","06:00:16","présence","Seiurus aurocapilla","species","Ovenbird","Paruline couronnée","Animalia","Chordata","Aves","Passeriformes","Parulidae","Seiurus","Seiurus aurocapilla"
152,45.9669,"06:00:00","06:15:00","2019-06-09","06:02:47","présence","Melospiza melodia","species","Song sparrow","Bruant chanteur","Animalia","Chordata","Aves","Passeriformes","Passerellidae","Melospiza","Melospiza melodia"
152,45.9669,"06:00:00","06:15:00","2019-06-09","06:00:02","présence","Melospiza georgiana","species","Swamp sparrow","Bruant des marais","Animalia","Chordata","Aves","Passeriformes","Passerellidae","Melospiza","Melospiza georgiana"
152,45.9669,"06:00:00","06:15:00","2019-06-09","06:02:34","présence","Catharus fuscescens","species","Veery","Grive fauve","Animalia","Chordata","Aves","Passeriformes","Turdidae","Catharus","Catharus fuscescens"
152,45.9669,"06:00:00","06:15:00","2019-06-09","06:02:09","présence","Catharus fuscescens","species","Veery","Grive fauve","Animalia","Chordata","Aves","Passeriformes","Turdidae","Catharus","Catharus fuscescens"
152,45.9669,"06:00:00","06:15:00","2019-06-09","06:08:32","présence","Troglodytes hiemalis","species","Animals","Troglodyte des forêts","Animalia","Chordata","Aves","Passeriformes","Troglodytidae","Troglodytes","Troglodytes hiemalis"
152,45.9669,"06:00:00","06:15:00","2019-06-09","06:05:03","présence","Sphyrapicus varius","species","Yellow-bellied sapsucker","Pic maculé","Animalia","Chordata","Aves","Piciformes","Picidae","Sphyrapicus","Sphyrapicus varius"
152,45.9669,"06:00:00","06:15:00","2019-06-09","06:01:43","présence","Sphyrapicus varius","species","Yellow-bellied sapsucker","Pic maculé","Animalia","Chordata","Aves","Piciformes","Picidae","Sphyrapicus","Sphyrapicus varius"
152,45.9669,"06:00:00","06:15:00","2019-06-09","06:00:05","présence","Vireo","genus","NULL","NULL","Animalia","Chordata","Aves","Passeriformes","Vireonidae","Vireo","NULL"
152,45.9669,"21:00:00","21:03:00","2019-06-09","21:00:15","présence","Empidonax alnorum","species","Alder flycatcher","Moucherolle des aulnes","Animalia","Chordata","Aves","Passeriformes","Tyrannidae","Empidonax","Empidonax alnorum"
152,45.9669,"21:00:00","21:03:00","2019-06-09","21:00:02","présence","Corvus corax","species","Common raven","Grand corbeau","Animalia","Chordata","Aves","Passeriformes","Corvidae","Corvus","Corvus corax"
152,45.9669,"21:00:00","21:03:00","2019-06-09","21:00:22","présence","Geothlypis trichas","species","Common yellowthroat","Paruline masquée","Animalia","Chordata","Aves","Passeriformes","Parulidae","Geothlypis","Geothlypis trichas"
152,45.9669,"21:00:00","21:03:00","2019-06-09","21:00:53","présence","Geothlypis trichas","species","Common yellowthroat","Paruline masquée","Animalia","Chordata","Aves","Passeriformes","Parulidae","Geothlypis","Geothlypis trichas"
152,45.9669,"21:00:00","21:03:00","2019-06-09","21:00:06","présence","Geothlypis trichas","species","Common yellowthroat","Paruline masquée","Animalia","Chordata","Aves","Passeriformes","Parulidae","Geothlypis","Geothlypis trichas"
152,45.9669,"21:00:00","21:03:00","2019-06-09","21:00:02","présence","Dendroica magnolia","species","Magnolia warbler","Paruline à tête cendrée","Animalia","Chordata","Aves","Passeriformes","Parulidae","Dendroica","Dendroica magnolia"
152,45.9669,"21:00:00","21:03:00","2019-06-09","21:00:34","présence","Dendroica magnolia","species","Magnolia warbler","Paruline à tête cendrée","Animalia","Chordata","Aves","Passeriformes","Parulidae","Dendroica","Dendroica magnolia"
152,45.9669,"21:00:00","21:03:00","2019-06-09","21:00:11","présence","Melospiza melodia","species","Song sparrow","Bruant chanteur","Animalia","Chordata","Aves","Passeriformes","Passerellidae","Melospiza","Melospiza melodia"
152,45.9669,"21:00:00","21:03:00","2019-06-09","21:00:52","présence","Catharus fuscescens","species","Veery","Grive fauve","Animalia","Chordata","Aves","Passeriformes","Turdidae","Catharus","Catharus fuscescens"
152,45.9669,"21:00:00","21:03:00","2019-06-09","21:00:00","présence","Sphyrapicus varius","species","Yellow-bellied sapsucker","Pic maculé","Animalia","Chordata","Aves","Piciformes","Picidae","Sphyrapicus","Sphyrapicus varius"
152,45.9669,"22:00:00","22:03:00","2019-06-09","22:00:25","présence","Passeriformes","order","Perching birds","Passereaux","Animalia","Chordata","Aves","Passeriformes","NULL","NULL","NULL"
