"site_id","lat","time_start","time_finish","date_obs","time_obs","variable","valid_scientific_name","rank","vernacular_en","vernacular_fr","kingdom","phylum","class","order","family","genus","species"
1,46.8088,"03:00:00","03:15:00","23/05/2016","03:09:21","présence","Strix varia","species","Barred owl","Chouette rayée","Animalia","Chordata","Aves","Strigiformes","Strigidae","Strix","Strix varia"
1,46.8088,"03:00:00","03:15:00","23/05/2016","03:00:50","présence","Bonasa umbellus","species","Ruffed grouse","Gélinotte huppée","Animalia","Chordata","Aves","Galliformes","Phasianidae","Bonasa","Bonasa umbellus"
1,46.8088,"03:00:00","03:15:00","23/05/2016","03:00:34","présence","Melospiza georgiana","species","Swamp sparrow","Bruant des marais","Animalia","Chordata","Aves","Passeriformes","Passerellidae","Melospiza","Melospiza georgiana"
1,46.8088,"03:00:00","03:15:00","23/05/2016","03:10:03","présence","Zonotrichia albicollis","species","White-throated sparrow","Bruant à gorge blanche","Animalia","Chordata","Aves","Passeriformes","Passerellidae","Zonotrichia","Zonotrichia albicollis"
